{"type": "FeatureCollection", "features": [{"type": "Feature", "properties": {}, "geometry": {"type": "Polygon", "coordinates": [[[12.4713762, 41.9137767], [12.4704528, 41.9134615], [12.4703337, 41.9138511], [12.4702714, 41.9141574], [12.4702322, 41.9144767], [12.4702642, 41.9147223], [12.4702073, 41.9152623], [12.4701707, 41.9157751], [12.4701626, 41.9159143], [12.4701626, 41.9160444], [12.470185, 41.916303], [12.4702094, 41.916542], [12.4702925, 41.9171704], [12.4703343, 41.9175147], [12.4703654, 41.9178202], [12.4703595, 41.9180276], [12.470339, 41.9182628], [12.4703251, 41.9185291], [12.4702846, 41.9187908], [12.4702527, 41.9189977], [12.4701947, 41.9192069], [12.4701203, 41.9193752], [12.470074, 41.9194801], [12.469993, 41.9196637], [12.469789, 41.9200554], [12.4695367, 41.9204072], [12.4692231, 41.9207317], [12.4689071, 41.9210014], [12.468489, 41.9212802], [12.4682398, 41.9213927], [12.4670309, 41.9216913], [12.4657202, 41.921989], [12.464817, 41.9222077], [12.4647797, 41.9221295], [12.4641702, 41.9222937], [12.4642036, 41.9223635], [12.4642877, 41.9223383], [12.4642894, 41.9223431], [12.4641475, 41.9223855], [12.4644914, 41.923064], [12.4667618, 41.9224423], [12.4669613, 41.9224062], [12.4672544, 41.9223942], [12.467918, 41.9222728], [12.4686407, 41.9220156], [12.4687989, 41.9219487], [12.4691027, 41.9217868], [12.4695648, 41.9215246], [12.4696853, 41.921455], [12.4697644, 41.9213935], [12.4700125, 41.9211099], [12.4705425, 41.9203499], [12.4711035, 41.9191525], [12.471241, 41.918645], [12.4713167, 41.918554], [12.4713198, 41.9179491], [12.4712506, 41.9175625], [12.4710414, 41.9167993], [12.4709888, 41.9162177], [12.4710811, 41.9151914], [12.4711949, 41.9145591], [12.4713762, 41.9137767]]]}}, {"type": "Feature", "properties": {}, "geometry": {"type": "Polygon", "coordinates": [[[12.4716054, 41.9103084], [12.4715854, 41.9103032], [12.4713803, 41.9107245], [12.4711241, 41.9112884], [12.4710115, 41.9115609], [12.4709014, 41.91185], [12.4707637, 41.9122757], [12.4707164, 41.9124049], [12.4706716, 41.9125568], [12.47066, 41.9127814], [12.470585, 41.9130638], [12.4705448, 41.9132079], [12.4704754, 41.9133292], [12.4704528, 41.9134615], [12.4713762, 41.9137767], [12.4714972, 41.9133663], [12.4717221, 41.9126812], [12.4717202, 41.912354], [12.4719221, 41.9118793], [12.4720001, 41.9117143], [12.472061, 41.9116006], [12.4722887, 41.9111096], [12.4725368, 41.9105233], [12.4716054, 41.9103084]]]}}, {"type": "Feature", "properties": {}, "geometry": {"type": "Polygon", "coordinates": [[[12.5014369, 41.9951604], [12.5016954, 41.9950974], [12.5020741, 41.9950021], [12.502153, 41.9949176], [12.5022697, 41.9948449], [12.5026673, 41.994852], [12.5032038, 41.9947763], [12.5038885, 41.9947019], [12.504502, 41.9945871], [12.5051887, 41.9944468], [12.5069235, 41.994009], [12.5083709, 41.9938607], [12.508792, 41.993836], [12.5093643, 41.9938687], [12.510258, 41.9940242], [12.5104415, 41.9930115], [12.5088451, 41.9928903], [12.5080211, 41.9929668], [12.5068881, 41.9930816], [12.5056865, 41.9935154], [12.5053947, 41.9935409], [12.5045965, 41.9934516], [12.501543, 41.993836], [12.4993694, 41.9941278], [12.4988382, 41.9940808], [12.498225, 41.9938547], [12.4978662, 41.9938391], [12.4973963, 41.9936598], [12.4969018, 41.9934141], [12.4966314, 41.9930434], [12.4963052, 41.9920801], [12.496331, 41.991136], [12.4966056, 41.9902365], [12.4972493, 41.9893115], [12.497833, 41.9888457], [12.4980773, 41.9886045], [12.4981772, 41.9885058], [12.4985723, 41.9880895], [12.4973562, 41.9874356], [12.4967745, 41.9877891], [12.4963481, 41.9880483], [12.496125, 41.9884119], [12.4961335, 41.9886671], [12.4957731, 41.9895411], [12.4953868, 41.9902492], [12.4951122, 41.9908808], [12.4951122, 41.9915251], [12.4951894, 41.9921949], [12.4953498, 41.9928794], [12.495713, 41.9935665], [12.496125, 41.9941342], [12.4965541, 41.9943957], [12.4969404, 41.9945871], [12.4972837, 41.9948359], [12.4985025, 41.9950911], [12.4992492, 41.9951612], [12.5005109, 41.9950655], [12.5009253, 41.9951789], [12.5014369, 41.9951604]]]}}, {"type": "Feature", "properties": {}, "geometry": {"type": "Polygon", "coordinates": [[[12.4700424, 41.8604441], [12.4700287, 41.8597208], [12.4694125, 41.8596628], [12.4685549, 41.8595882], [12.4680185, 41.8595637], [12.4668866, 41.8595741], [12.4652177, 41.8596446], [12.4640765, 41.8595795], [12.4633521, 41.859344], [12.4627813, 41.8591335], [12.462368, 41.8588136], [12.4620815, 41.8585481], [12.4617645, 41.8581503], [12.4613021, 41.8563077], [12.4603426, 41.8562905], [12.4605738, 41.8568587], [12.4608556, 41.8574272], [12.4608643, 41.8578185], [12.4609321, 41.8582019], [12.4611808, 41.8585941], [12.4615604, 41.8590704], [12.461987, 41.8594574], [12.4625405, 41.8597561], [12.4629941, 41.8599028], [12.4638517, 41.8601076], [12.4646935, 41.8601797], [12.4651123, 41.8602293], [12.4654829, 41.8601791], [12.4662281, 41.8601547], [12.4668732, 41.8601379], [12.4677918, 41.8601976], [12.4687088, 41.8602237], [12.4695401, 41.8603018], [12.4700424, 41.8604441]]]}}, {"type": "Feature", "properties": {}, "geometry": {"type": "Polygon", "coordinates": [[[12.4613021, 41.8563077], [12.4611822, 41.8560565], [12.4611058, 41.8557528], [12.4609918, 41.8554651], [12.4608881, 41.8546993], [12.4609171, 41.8542399], [12.4610965, 41.8538779], [12.4618485, 41.853096], [12.4623118, 41.8526914], [12.4628043, 41.8524056], [12.4631683, 41.8522212], [12.4637108, 41.8520392], [12.4639824, 41.8518792], [12.464763, 41.8516346], [12.4655383, 41.8513261], [12.4659714, 41.851308], [12.4668249, 41.8510442], [12.4676341, 41.8507586], [12.4683773, 41.8504498], [12.4686648, 41.8502656], [12.4697486, 41.8498993], [12.4701108, 41.849741], [12.4704335, 41.849565], [12.4707957, 41.8492777], [12.4712288, 41.8489122], [12.4715245, 41.8486364], [12.4706625, 41.8485048], [12.4699485, 41.8489426], [12.4694073, 41.8492095], [12.4690565, 41.8494285], [12.4672669, 41.8500763], [12.4666967, 41.8502826], [12.466164, 41.850489], [12.4655938, 41.8506494], [12.4651041, 41.8509101], [12.4643911, 41.8510488], [12.4640002, 41.8512599], [12.4637529, 41.8513174], [12.4635753, 41.8514712], [12.4625199, 41.8519154], [12.4618186, 41.8521928], [12.461222, 41.8525303], [12.4609453, 41.8527472], [12.4607595, 41.8530076], [12.4604256, 41.8533867], [12.4601975, 41.853878], [12.4601108, 41.8542492], [12.4600882, 41.8545862], [12.4600779, 41.8547396], [12.4601218, 41.8553362], [12.4601876, 41.8558511], [12.4603426, 41.8562905], [12.4613021, 41.8563077]]]}}, {"type": "Feature", "properties": {}, "geometry": {"type": "Polygon", "coordinates": [[[12.4617775, 41.8430899], [12.4622522, 41.8427053], [12.461394, 41.8419703], [12.4603021, 41.8411826], [12.4601362, 41.8409949], [12.4599335, 41.8406654], [12.459444, 41.8400295], [12.4591315, 41.8397208], [12.4589573, 41.8397022], [12.4588972, 41.8396425], [12.4588822, 41.8395417], [12.4587715, 41.8393622], [12.4586531, 41.8390398], [12.4585016, 41.8388899], [12.4573961, 41.8389459], [12.457488, 41.839098], [12.4576359, 41.8392276], [12.4578449, 41.8394533], [12.4578913, 41.839562], [12.4580444, 41.8396114], [12.4581669, 41.8398016], [12.4585039, 41.8402009], [12.4585662, 41.8403137], [12.4586316, 41.8405432], [12.458856, 41.8405855], [12.4590035, 41.8407034], [12.4590623, 41.8408216], [12.4591416, 41.8408749], [12.4593032, 41.8409386], [12.4593345, 41.8410248], [12.4594753, 41.8411763], [12.4595112, 41.8412488], [12.4595877, 41.8412857], [12.4596807, 41.8413764], [12.4597781, 41.8414341], [12.4601819, 41.8418624], [12.4604898, 41.8421063], [12.4607379, 41.8422571], [12.4609455, 41.842457], [12.4610417, 41.8425928], [12.4612088, 41.8427211], [12.4612726, 41.842832], [12.4616492, 41.8430743], [12.4617775, 41.8430899]]]}}, {"type": "Feature", "properties": {}, "geometry": {"type": "Polygon", "coordinates": [[[12.4573961, 41.8389459], [12.4585016, 41.8388899], [12.4584645, 41.8388271], [12.4582599, 41.8386675], [12.4581129, 41.8384342], [12.4579335, 41.8382829], [12.4578334, 41.8382588], [12.457801, 41.8381469], [12.4577219, 41.8380485], [12.4576096, 41.8380378], [12.4574178, 41.8379979], [12.4572533, 41.8378242], [12.4571227, 41.8377236], [12.4570696, 41.8375999], [12.4569707, 41.8374763], [12.4569756, 41.8374015], [12.4567847, 41.8372319], [12.4568117, 41.8371588], [12.4567465, 41.8369784], [12.4563477, 41.8365994], [12.4563223, 41.836511], [12.4562028, 41.8363893], [12.4560387, 41.8362846], [12.4559069, 41.8361471], [12.4558251, 41.8360306], [12.4556987, 41.8359727], [12.4556307, 41.8357808], [12.4554947, 41.8357192], [12.4554315, 41.8356251], [12.4552957, 41.8354979], [12.4550606, 41.8353227], [12.454905, 41.835255], [12.4548554, 41.8350736], [12.4547935, 41.8350244], [12.4546986, 41.8350152], [12.4544999, 41.8349248], [12.4543904, 41.8347582], [12.4537031, 41.835096], [12.4539431, 41.8352207], [12.4539933, 41.8353635], [12.4540841, 41.8354542], [12.4541972, 41.8355312], [12.4544137, 41.8358032], [12.4544977, 41.835861], [12.4545752, 41.8358899], [12.4548207, 41.836092], [12.4549435, 41.8362268], [12.455025, 41.8362877], [12.4550074, 41.8363352], [12.4551018, 41.8364088], [12.4551874, 41.836412], [12.4552401, 41.8364676], [12.455273, 41.8365739], [12.4553542, 41.8366377], [12.4554508, 41.8366328], [12.4556708, 41.8369867], [12.4560706, 41.8374131], [12.4562622, 41.8375585], [12.456284, 41.8376469], [12.4564874, 41.8378562], [12.4565092, 41.8379427], [12.4566284, 41.8380887], [12.456784, 41.8382081], [12.4573404, 41.8388299], [12.4573961, 41.8389459]]]}}, {"type": "Feature", "properties": {}, "geometry": {"type": "Polygon", "coordinates": [[[12.4537031, 41.835096], [12.4543904, 41.8347582], [12.4542996, 41.8346383], [12.4540317, 41.8344347], [12.4538014, 41.834307], [12.4535978, 41.8341114], [12.4534666, 41.8339538], [12.4533568, 41.8338121], [12.4532255, 41.8336224], [12.4528828, 41.8332692], [12.4524767, 41.832977], [12.4520973, 41.8327393], [12.4519717, 41.8326312], [12.4517541, 41.8324993], [12.451531, 41.8323529], [12.4514163, 41.832209], [12.4513619, 41.832101], [12.4510901, 41.831948], [12.4508909, 41.831921], [12.4506734, 41.8318175], [12.4506733, 41.8317045], [12.450513, 41.8315611], [12.4504595, 41.8314536], [12.449428, 41.830795], [12.4491415, 41.8306836], [12.4488697, 41.8305199], [12.4483568, 41.8302284], [12.4480131, 41.8299952], [12.4475036, 41.8297299], [12.4467238, 41.8293548], [12.4464632, 41.8293386], [12.4462622, 41.8291808], [12.4457438, 41.8297832], [12.4459635, 41.8298282], [12.4462188, 41.8299294], [12.4464523, 41.8300467], [12.4467026, 41.8302382], [12.4473255, 41.8305657], [12.4476231, 41.8307511], [12.4479837, 41.8308844], [12.4489275, 41.8313934], [12.4494998, 41.8317989], [12.4502709, 41.8323176], [12.4507589, 41.8326853], [12.4511894, 41.8329457], [12.4518976, 41.8334923], [12.452211, 41.8337821], [12.4524901, 41.8340434], [12.4527383, 41.8343091], [12.4531578, 41.8345469], [12.4532034, 41.834687], [12.4537031, 41.835096]]]}}, {"type": "Feature", "properties": {}, "geometry": {"type": "Polygon", "coordinates": [[[12.4457438, 41.8297832], [12.4462622, 41.8291808], [12.4455179, 41.8287301], [12.4442275, 41.8280676], [12.4425512, 41.8270264], [12.4424381, 41.8269052], [12.4424593, 41.8268526], [12.4425484, 41.8267669], [12.4425834, 41.8266885], [12.442459, 41.8266877], [12.442325, 41.8267103], [12.4420652, 41.8267191], [12.4418964, 41.8266631], [12.441371, 41.8264068], [12.4410833, 41.8262903], [12.4408268, 41.8262204], [12.4406543, 41.8261422], [12.4401817, 41.8259875], [12.4398243, 41.8259274], [12.4394957, 41.8259231], [12.4390336, 41.8257604], [12.4384854, 41.8256559], [12.4378096, 41.8256322], [12.4369817, 41.8256392], [12.436178, 41.8256918], [12.4355294, 41.8258599], [12.434572, 41.8262814], [12.4337861, 41.8266998], [12.4333294, 41.8269748], [12.4329225, 41.827422], [12.4325293, 41.8278897], [12.4320577, 41.8285135], [12.4319296, 41.82875], [12.4326192, 41.8290456], [12.4328816, 41.8286454], [12.4333088, 41.8281725], [12.4336506, 41.8278405], [12.4342091, 41.8274249], [12.4348571, 41.8270276], [12.4354585, 41.8267119], [12.4368468, 41.8263893], [12.4381688, 41.8264101], [12.4392149, 41.8265341], [12.4400232, 41.8266995], [12.4406311, 41.8270523], [12.441043, 41.8272482], [12.4421357, 41.8277017], [12.4424039, 41.8278376], [12.4429079, 41.8280109], [12.4431561, 41.8282363], [12.4434277, 41.8284085], [12.4436683, 41.8285378], [12.4446517, 41.8291542], [12.4453873, 41.8296179], [12.4457438, 41.8297832]]]}}, {"type": "Feature", "properties": {}, "geometry": {"type": "Polygon", "coordinates": [[[12.4214162, 41.8278528], [12.4212886, 41.827662], [12.421309, 41.8276014], [12.4214191, 41.8275439], [12.4212927, 41.8271405], [12.4213345, 41.8261932], [12.4213609, 41.8255974], [12.4212994, 41.8251187], [12.4214033, 41.8248062], [12.4205072, 41.8247612], [12.4204753, 41.8248277], [12.4204733, 41.8248882], [12.4204377, 41.824937], [12.4204279, 41.8249964], [12.4204064, 41.8250486], [12.4204055, 41.8251052], [12.4204087, 41.8251587], [12.4203964, 41.8252121], [12.4203928, 41.8252602], [12.4203967, 41.8253188], [12.420399, 41.8253641], [12.4203995, 41.8254181], [12.4203985, 41.8254721], [12.4203968, 41.8255261], [12.4203956, 41.8255754], [12.420395, 41.8256294], [12.4203953, 41.8256835], [12.4203968, 41.8257375], [12.4203992, 41.8257915], [12.4204027, 41.8258455], [12.4204072, 41.8258994], [12.4204128, 41.8259502], [12.4204196, 41.8260039], [12.4204275, 41.8260576], [12.4204354, 41.8261113], [12.4204434, 41.826165], [12.4204506, 41.8262188], [12.4204575, 41.8262794], [12.4204622, 41.8263333], [12.4204661, 41.8263872], [12.4204698, 41.8264412], [12.4204737, 41.8264952], [12.4204777, 41.826542], [12.4204832, 41.8265958], [12.4204892, 41.8266497], [12.4204956, 41.8267036], [12.4205018, 41.8267574], [12.4205079, 41.8268112], [12.4205132, 41.826865], [12.4205174, 41.8269155], [12.4205226, 41.8269693], [12.4205304, 41.8270198], [12.4205416, 41.8270739], [12.420551, 41.8271278], [12.4205537, 41.8271814], [12.4205435, 41.8272401], [12.4205263, 41.8272928], [12.4205108, 41.8273484], [12.4205038, 41.827402], [12.4205014, 41.8274538], [12.4205006, 41.8275078], [12.4205007, 41.8275618], [12.4205012, 41.8276158], [12.4205021, 41.827678], [12.4205025, 41.827732], [12.4205029, 41.8277859], [12.4205034, 41.8278399], [12.4205041, 41.8278938], [12.4205054, 41.8279477], [12.4205074, 41.8280018], [12.4205102, 41.8280558], [12.4205141, 41.82811], [12.4205194, 41.8281653], [12.4205252, 41.8282194], [12.4205301, 41.8282736], [12.4205322, 41.8283277], [12.4205297, 41.8283816], [12.4205218, 41.8284297], [12.4205057, 41.8284829], [12.4204811, 41.8285342], [12.4204477, 41.8285823], [12.4204469, 41.8286547], [12.4205477, 41.8287064], [12.4205682, 41.8287626], [12.4205799, 41.8288179], [12.4205898, 41.828871], [12.4205992, 41.8289248], [12.4206079, 41.8289789], [12.4206165, 41.8290379], [12.4206244, 41.8290914], [12.4206331, 41.8291421], [12.4206449, 41.8291956], [12.4206611, 41.8292483], [12.4206927, 41.8293171], [12.4207323, 41.8293821], [12.420772, 41.8294232], [12.4208275, 41.8294833], [12.4208603, 41.8295261], [12.4208818, 41.8295912], [12.4209173, 41.8296355], [12.42094, 41.8297196], [12.420945, 41.8297313], [12.4209748, 41.8298003], [12.4210084, 41.8298602], [12.4210105, 41.8299065], [12.420969, 41.8299596], [12.4209741, 41.8300373], [12.4209907, 41.8301153], [12.4210219, 41.8302111], [12.4210643, 41.8302954], [12.4210805, 41.8303438], [12.4211116, 41.8303831], [12.4211465, 41.8304658], [12.4211738, 41.8305103], [12.4212264, 41.8305761], [12.4214747, 41.8309972], [12.4216386, 41.8311833], [12.4217249, 41.8312854], [12.4217775, 41.831347], [12.4221662, 41.8316644], [12.4228875, 41.832287], [12.4237274, 41.8328264], [12.4240071, 41.8329836], [12.4246531, 41.8333101], [12.4251063, 41.8334654], [12.4260513, 41.833622], [12.4266247, 41.8335872], [12.427007, 41.8335207], [12.4277385, 41.8334255], [12.428212, 41.8332701], [12.428574, 41.8330999], [12.4289759, 41.832911], [12.4294244, 41.8326687], [12.4298087, 41.8323612], [12.4301198, 41.8321134], [12.4304631, 41.8318256], [12.4307528, 41.8315738], [12.4309137, 41.831378], [12.4310532, 41.8310902], [12.4312678, 41.8309023], [12.4314663, 41.8306745], [12.431772, 41.8303867], [12.4319062, 41.8301468], [12.4322012, 41.8297351], [12.4324372, 41.8293874], [12.432507, 41.8291915], [12.4326192, 41.8290456], [12.4319296, 41.82875], [12.4304076, 41.8307396], [12.4294595, 41.8316142], [12.4290613, 41.8319186], [12.4286132, 41.8321794], [12.428409, 41.8323632], [12.4282428, 41.832433], [12.4278907, 41.8325934], [12.4275575, 41.8326963], [12.4268532, 41.8328428], [12.4261672, 41.8329002], [12.4256719, 41.8328589], [12.4253045, 41.8328106], [12.4248939, 41.8327086], [12.4245275, 41.8325662], [12.424341, 41.8324647], [12.4232375, 41.8317734], [12.4227701, 41.8314097], [12.4225132, 41.8311329], [12.4222974, 41.8308913], [12.4221485, 41.8306534], [12.4215621, 41.8292068], [12.421499, 41.8289966], [12.421442, 41.8281289], [12.4214162, 41.8278528]]]}}, {"type": "Feature", "properties": {}, "geometry": {"type": "Polygon", "coordinates": [[[12.4205465, 41.8230644], [12.4205356, 41.8231432], [12.4205346, 41.8231974], [12.4205299, 41.8232513], [12.4205182, 41.8232995], [12.4205139, 41.8233463], [12.4205188, 41.8233928], [12.4205267, 41.8234464], [12.4205327, 41.8234947], [12.4205358, 41.8235572], [12.4205339, 41.8236111], [12.4205313, 41.8236572], [12.4205057, 41.8237049], [12.4204965, 41.8237497], [12.420506, 41.8238013], [12.4204957, 41.8238622], [12.4204726, 41.8239204], [12.4204597, 41.8239729], [12.4204666, 41.8240201], [12.4204559, 41.8240753], [12.4204573, 41.8241379], [12.4204839, 41.8241888], [12.4204766, 41.8242501], [12.4204784, 41.8243102], [12.4204726, 41.8243677], [12.4204743, 41.8244197], [12.4204905, 41.8244752], [12.4205198, 41.824516], [12.4205191, 41.8245707], [12.4205081, 41.8246286], [12.4205065, 41.8246739], [12.4205033, 41.8247285], [12.4205072, 41.8247612], [12.4214033, 41.8248062], [12.4214402, 41.8242813], [12.4215633, 41.8235289], [12.4216287, 41.8229763], [12.4216735, 41.822277], [12.4216499, 41.8216182], [12.4217006, 41.8210739], [12.4216959, 41.8204613], [12.4215575, 41.8199076], [12.4215396, 41.8187082], [12.4214564, 41.8182333], [12.4213696, 41.818024], [12.4212599, 41.8173544], [12.4210203, 41.816621], [12.4200324, 41.8165869], [12.4201422, 41.8168392], [12.420197, 41.8169687], [12.4202336, 41.817221], [12.4203434, 41.8176232], [12.4204715, 41.8178482], [12.4204898, 41.8181141], [12.4205376, 41.8183524], [12.4206264, 41.8187045], [12.4206862, 41.8192479], [12.4207068, 41.8199458], [12.4206718, 41.8207032], [12.420652, 41.8211643], [12.4206754, 41.8218559], [12.4206535, 41.8225018], [12.4206194, 41.8228853], [12.4205465, 41.8230644]]]}}, {"type": "Feature", "properties": {}, "geometry": {"type": "Polygon", "coordinates": [[[12.4200324, 41.8165869], [12.4210203, 41.816621], [12.420429, 41.8147488], [12.4202621, 41.8141864], [12.4201147, 41.8135912], [12.4203462, 41.8136287], [12.4204119, 41.8135836], [12.4203717, 41.8135314], [12.4202512, 41.8135097], [12.420072, 41.8134105], [12.4200371, 41.8132477], [12.4199764, 41.8129725], [12.4197175, 41.8125269], [12.4194826, 41.8116488], [12.4194426, 41.8114269], [12.419342, 41.8109152], [12.4191656, 41.8105386], [12.4189781, 41.8097634], [12.4189405, 41.8094121], [12.418833, 41.8090115], [12.4186475, 41.8083948], [12.4178999, 41.8084434], [12.4181004, 41.8092435], [12.418108, 41.8093807], [12.4181952, 41.8097157], [12.4182316, 41.8098915], [12.4183009, 41.8099505], [12.4183585, 41.8101675], [12.4184563, 41.8105529], [12.4185415, 41.811015], [12.4185989, 41.8112151], [12.4186242, 41.8113515], [12.4186939, 41.8115802], [12.4189007, 41.8123081], [12.4189212, 41.8125269], [12.4189427, 41.8126161], [12.4189766, 41.8126658], [12.419007, 41.8127007], [12.419019, 41.8127411], [12.4190348, 41.8128339], [12.4190857, 41.812993], [12.4191835, 41.8132614], [12.4192681, 41.8135409], [12.4193416, 41.813633], [12.4193309, 41.813815], [12.4194409, 41.8142356], [12.4196607, 41.8150416], [12.4197883, 41.8155401], [12.4198399, 41.8158139], [12.4199751, 41.8161915], [12.4199823, 41.8164199], [12.4200324, 41.8165869]]]}}, {"type": "Feature", "properties": {}, "geometry": {"type": "Polygon", "coordinates": [[[12.4748136, 41.8511506], [12.4748662, 41.851211], [12.4751415, 41.8510801], [12.4750833, 41.8510212], [12.4748136, 41.8511506]]]}}, {"type": "Feature", "properties": {}, "geometry": {"type": "Polygon", "coordinates": [[[12.4182186, 41.8061462], [12.4183102, 41.8065972], [12.4183643, 41.8070419], [12.4184069, 41.8073805], [12.4184409, 41.8074881], [12.4186475, 41.8083948], [12.4178999, 41.8084434], [12.4177663, 41.8078795], [12.4176769, 41.8075132], [12.4174547, 41.8063893], [12.4173774, 41.8060438], [12.4173173, 41.8058519], [12.4169654, 41.8047322], [12.4168367, 41.8044955], [12.4167594, 41.8042396], [12.416665, 41.8039517], [12.4164848, 41.803523], [12.4161165, 41.8023804], [12.4160663, 41.8023171], [12.4159923, 41.8022661], [12.4159482, 41.8021172], [12.4159347, 41.802035], [12.415901, 41.8019532], [12.4158869, 41.801911], [12.4159119, 41.8018721], [12.4158907, 41.8017958], [12.4158379, 41.8017359], [12.4158075, 41.8016776], [12.4157542, 41.8016208], [12.4157337, 41.8015635], [12.4156672, 41.8014133], [12.4155876, 41.8012844], [12.4155128, 41.801162], [12.4154987, 41.8010899], [12.4154664, 41.8010078], [12.4150186, 41.8005336], [12.4148886, 41.800379], [12.4147065, 41.8002198], [12.4145668, 41.8000969], [12.414482, 41.8000426], [12.4144211, 41.800002], [12.4144298, 41.7999704], [12.4142493, 41.7998], [12.4140514, 41.7996478], [12.4138507, 41.799512], [12.4137349, 41.7994338], [12.4136099, 41.7993543], [12.4134903, 41.7992822], [12.413392, 41.7992061], [12.4130933, 41.7990706], [12.41279, 41.798928], [12.4124394, 41.7988082], [12.4122113, 41.7987262], [12.4119764, 41.7986597], [12.4118438, 41.7986248], [12.41171, 41.79859], [12.4116002, 41.7985511], [12.4115458, 41.7985389], [12.411483, 41.7985323], [12.411386, 41.7985308], [12.4113012, 41.7985122], [12.4112283, 41.7984927], [12.4111511, 41.7984635], [12.4109848, 41.7984352], [12.4108183, 41.7984267], [12.4107336, 41.7983898], [12.4106303, 41.798359], [12.4104289, 41.7983182], [12.410278, 41.7982779], [12.4101529, 41.7982747], [12.4100844, 41.7982544], [12.4100115, 41.7982584], [12.4099615, 41.798243], [12.4099311, 41.7982195], [12.4098643, 41.7982011], [12.4097756, 41.7982163], [12.4096494, 41.798243], [12.4095625, 41.7982301], [12.4094689, 41.7982325], [12.4094494, 41.7981993], [12.4094104, 41.798178], [12.4093363, 41.798213], [12.4092352, 41.7982284], [12.4090688, 41.7982284], [12.4089796, 41.7982066], [12.4089046, 41.7981725], [12.4088622, 41.7981676], [12.4088328, 41.7981328], [12.4087915, 41.7981263], [12.4086926, 41.7981636], [12.4085001, 41.7982293], [12.4082998, 41.7982288], [12.4080238, 41.7981814], [12.4077248, 41.7981976], [12.4074181, 41.7981676], [12.4071807, 41.79811], [12.4061078, 41.7981164], [12.4055414, 41.7981164], [12.4051122, 41.7982315], [12.4037475, 41.7985515], [12.4022026, 41.7989738], [12.4011039, 41.7992809], [12.4001684, 41.7994601], [12.3993358, 41.7995816], [12.3984088, 41.79978], [12.3979282, 41.799844], [12.3974475, 41.7998632], [12.396881, 41.7998056], [12.396306, 41.7997352], [12.3957481, 41.7995496], [12.3951044, 41.7993577], [12.392538, 41.7983147], [12.391508, 41.7977836], [12.3911561, 41.7975469], [12.3903236, 41.7970798], [12.3896799, 41.796779], [12.3893623, 41.7967022], [12.3891134, 41.7966063], [12.3888215, 41.7963759], [12.3885641, 41.7963119], [12.3878688, 41.7962223], [12.3873023, 41.7961903], [12.3864784, 41.7961775], [12.3861007, 41.7962031], [12.3857402, 41.7962479], [12.3842296, 41.7966702], [12.3832941, 41.7969646], [12.3814916, 41.7976301], [12.3799896, 41.7984427], [12.3791227, 41.7988138], [12.3781202, 41.7993864], [12.3778951, 41.7994126], [12.3774332, 41.7996726], [12.3770868, 41.7998727], [12.3767538, 41.7999719], [12.3761444, 41.8002919], [12.3750286, 41.8007845], [12.3739557, 41.8012772], [12.3730115, 41.8016099], [12.3717498, 41.8020194], [12.3706426, 41.8024801], [12.3703851, 41.8024673], [12.3697414, 41.8027552], [12.3686857, 41.8031199], [12.3679132, 41.8032735], [12.3671493, 41.8034846], [12.3666515, 41.8035678], [12.3658704, 41.8037149], [12.3654241, 41.8037981], [12.3650293, 41.8038557], [12.36448, 41.8038045], [12.3635077, 41.8038875], [12.3635272, 41.8030879], [12.3642826, 41.8031071], [12.3649606, 41.8030431], [12.365879, 41.8029088], [12.3668231, 41.8027232], [12.3676299, 41.8025249], [12.3684968, 41.8023009], [12.3691835, 41.802077], [12.3701019, 41.8018339], [12.3711318, 41.8014756], [12.3722047, 41.8010789], [12.373269, 41.800695], [12.3745565, 41.8001319], [12.3759298, 41.7995049], [12.3775434, 41.7987626], [12.3799638, 41.7976621], [12.3826559, 41.7963041], [12.3831224, 41.7960688], [12.3839549, 41.7957296], [12.3847188, 41.7955248], [12.3853797, 41.7954225], [12.3859891, 41.7953969], [12.3867788, 41.7954225], [12.3876714, 41.7954289], [12.3885383, 41.7954097], [12.3888988, 41.7954673], [12.3893108, 41.7955888], [12.3899288, 41.7957936], [12.3905124, 41.7961327], [12.3912849, 41.7966766], [12.3918685, 41.7970478], [12.3926067, 41.7975085], [12.3935079, 41.7979628], [12.3941945, 41.7983083], [12.3948812, 41.7985323], [12.3958339, 41.7988394], [12.3965721, 41.7990506], [12.397293, 41.7991785], [12.3977737, 41.7991529], [12.3985805, 41.7990634], [12.3993787, 41.798929], [12.4002113, 41.7987306], [12.4016361, 41.7984235], [12.4026317, 41.7981867], [12.4034128, 41.7979692], [12.4040908, 41.7978668], [12.4043973, 41.7977864], [12.4047662, 41.7977214], [12.405003, 41.7976778], [12.4052063, 41.7976308], [12.4056186, 41.7975597], [12.4063653, 41.7974829], [12.4078304, 41.7974857], [12.4084986, 41.7975064], [12.4088807, 41.7975259], [12.4092836, 41.7975597], [12.4101273, 41.7976294], [12.4103285, 41.7976422], [12.4105592, 41.7977047], [12.4109813, 41.7977454], [12.4116849, 41.7978635], [12.4123821, 41.7980076], [12.4130198, 41.7982507], [12.413691, 41.7984722], [12.413881, 41.7985604], [12.4140376, 41.798656], [12.4143528, 41.7988679], [12.4146617, 41.7990646], [12.4147545, 41.7991337], [12.4148908, 41.7992439], [12.4156027, 41.7998498], [12.4163989, 41.8006374], [12.4170513, 41.8021154], [12.4171145, 41.8023764], [12.4172744, 41.8030367], [12.4174804, 41.8038557], [12.4177207, 41.8043931], [12.4179439, 41.8050777], [12.4180984, 41.8056855], [12.4182186, 41.8061462]]]}}, {"type": "Feature", "properties": {}, "geometry": {"type": "Polygon", "coordinates": [[[12.3607892, 41.8038045], [12.3626775, 41.8039069], [12.3635077, 41.8038875], [12.3635272, 41.8030879], [12.362935, 41.8031007], [12.3627033, 41.8032671], [12.3623342, 41.8032031], [12.3620767, 41.8030879], [12.361699, 41.8030367], [12.3613557, 41.8031007], [12.3609266, 41.8030751], [12.3603258, 41.8030879], [12.3597249, 41.8030751], [12.35818, 41.8028832], [12.356326, 41.8026401], [12.3547468, 41.8024993], [12.3538627, 41.8024353], [12.352807, 41.8024161], [12.3516204, 41.8025381], [12.3507792, 41.8029459], [12.349598, 41.8034418], [12.3491022, 41.8035723], [12.3487401, 41.8037942], [12.3478546, 41.8043164], [12.3467216, 41.8047834], [12.3459663, 41.8050393], [12.3453483, 41.8051801], [12.3446788, 41.8051673], [12.3441467, 41.8050521], [12.3435459, 41.8048602], [12.3431768, 41.8046363], [12.3428935, 41.8042716], [12.3427734, 41.8038685], [12.3426876, 41.8032607], [12.3426618, 41.8025697], [12.3426618, 41.8021858], [12.3426189, 41.8009125], [12.3426361, 41.8002343], [12.3425502, 41.7996776], [12.3424301, 41.7990698], [12.3422069, 41.7984299], [12.3419151, 41.797918], [12.3414602, 41.7974061], [12.3411169, 41.797067], [12.3406448, 41.7967022], [12.340147, 41.7963375], [12.3397006, 41.7960816], [12.3392028, 41.7958384], [12.3384132, 41.7957616], [12.3375978, 41.7956336], [12.3363103, 41.7955184], [12.3345032, 41.7953935], [12.3342096, 41.7954735], [12.3336496, 41.7954865], [12.3321475, 41.7955696], [12.3298301, 41.7957104], [12.3288431, 41.7958064], [12.327238, 41.7960112], [12.3241002, 41.7964164], [12.3240599, 41.796442], [12.3240173, 41.7964684], [12.3210067, 41.796907], [12.3177452, 41.7972909], [12.3156852, 41.7974189], [12.3144896, 41.7975028], [12.3145952, 41.7983715], [12.3165621, 41.7982774], [12.3191013, 41.7980268], [12.3209724, 41.7977516], [12.3229808, 41.7973869], [12.3249807, 41.797099], [12.3269548, 41.7968302], [12.3292293, 41.7965743], [12.3305725, 41.7964419], [12.3312812, 41.796413], [12.3334527, 41.7963497], [12.3339896, 41.7963595], [12.334195, 41.7962492], [12.3344237, 41.7962468], [12.334497, 41.7963134], [12.3349439, 41.7963452], [12.335401, 41.7962782], [12.3362185, 41.7963746], [12.3370828, 41.7963823], [12.3384818, 41.7965295], [12.3391857, 41.7967022], [12.3398036, 41.7969774], [12.3404045, 41.7974573], [12.3407735, 41.7979692], [12.3411426, 41.7986091], [12.3414001, 41.7994537], [12.3414173, 41.7999016], [12.3416061, 41.8009061], [12.3417177, 41.8022498], [12.3417777, 41.8035934], [12.3419322, 41.8045083], [12.3421726, 41.8050649], [12.3424901, 41.8053592], [12.3428592, 41.8056151], [12.3432713, 41.8057044], [12.3434772, 41.8057431], [12.3441638, 41.8059159], [12.3448505, 41.805999], [12.345726, 41.8058711], [12.3464126, 41.8056919], [12.3471851, 41.805372], [12.3482408, 41.8049562], [12.3502578, 41.8040284], [12.3511161, 41.8036574], [12.3518028, 41.8034654], [12.3525752, 41.8032927], [12.3527956, 41.8032809], [12.3533091, 41.8032535], [12.3539485, 41.8032607], [12.3551073, 41.8033566], [12.3563652, 41.8034624], [12.3577211, 41.8035766], [12.3580246, 41.8036223], [12.3582874, 41.8036773], [12.3586576, 41.8037782], [12.3593894, 41.8037695], [12.3607892, 41.8038045]]]}}, {"type": "Feature", "properties": {}, "geometry": {"type": "Polygon", "coordinates": [[[12.5031314, 41.9351209], [12.5032516, 41.9352177], [12.5034112, 41.9353018], [12.5036038, 41.9353439], [12.5039114, 41.9353686], [12.5042406, 41.935416], [12.5045007, 41.9354498], [12.5048381, 41.9354835], [12.5050902, 41.9355135], [12.5053385, 41.9355329], [12.5055849, 41.9354844], [12.5058026, 41.9353676], [12.505888, 41.9352463], [12.505905, 41.935089], [12.5058596, 41.9349334], [12.5057479, 41.9348015], [12.5056113, 41.9346688], [12.5054927, 41.9345887], [12.5053503, 41.9344928], [12.5051607, 41.9343969], [12.5050292, 41.9343503], [12.5049357, 41.9343396], [12.5048653, 41.9343492], [12.5048411, 41.9343853], [12.504852, 41.934424], [12.5049307, 41.9344711], [12.5050872, 41.9345965], [12.5052126, 41.9347234], [12.5052645, 41.9348121], [12.5052918, 41.934885], [12.5053146, 41.9350359], [12.5052713, 41.9350696], [12.5051527, 41.9351168], [12.5049979, 41.9351189], [12.5047582, 41.9351018], [12.5045177, 41.9351038], [12.5042861, 41.9351274], [12.5041323, 41.9351251], [12.5040037, 41.9351148], [12.5039143, 41.9350802], [12.5038513, 41.9350309], [12.5037888, 41.9349674], [12.5037645, 41.9348916], [12.5037908, 41.9348492], [12.5038581, 41.9347999], [12.5040082, 41.9347773], [12.5043999, 41.9347295], [12.5045064, 41.9346535], [12.5045417, 41.934597], [12.5045521, 41.9344681], [12.504455, 41.9343907], [12.5043966, 41.9343559], [12.5043043, 41.9343328], [12.5041203, 41.9343524], [12.5038628, 41.9344098], [12.5035109, 41.9345184], [12.503262, 41.9346269], [12.5031332, 41.9347546], [12.5030817, 41.9348887], [12.5030705, 41.9349971], [12.5031314, 41.9351209]]]}}, {"type": "Feature", "properties": {}, "geometry": {"type": "Polygon", "coordinates": [[[12.4822294, 41.9127279], [12.4822885, 41.9127749], [12.4823622, 41.9128213], [12.4824162, 41.9128412], [12.482462, 41.9128467], [12.4825016, 41.9128423], [12.4825321, 41.9128288], [12.4825525, 41.9128103], [12.4825604, 41.9127775], [12.482557, 41.9127438], [12.4825457, 41.9126992], [12.4825163, 41.9126504], [12.4824654, 41.9125942], [12.4823869, 41.9125339], [12.4823356, 41.9125115], [12.4822756, 41.9124939], [12.4822364, 41.9124888], [12.4822044, 41.9124911], [12.482178, 41.9124995], [12.4821612, 41.912515], [12.4821452, 41.9125394], [12.4821396, 41.9125727], [12.4821515, 41.9126178], [12.482174, 41.9126645], [12.4822294, 41.9127279]]]}}, {"type": "Feature", "properties": {}, "geometry": {"type": "Polygon", "coordinates": [[[12.4961419, 41.9028468], [12.4962046, 41.9028633], [12.4962709, 41.9028653], [12.4963351, 41.9028526], [12.4963915, 41.9028265], [12.4964349, 41.9027891], [12.4964617, 41.9027438], [12.4964693, 41.9026947], [12.4964572, 41.9026461], [12.4964263, 41.9026024], [12.4963795, 41.9025673], [12.4963209, 41.9025441], [12.4962556, 41.9025347], [12.4961896, 41.9025401], [12.4961287, 41.9025598], [12.4960782, 41.9025919], [12.4960427, 41.9026337], [12.4960253, 41.9026814], [12.4960276, 41.9027308], [12.4960493, 41.9027775], [12.4960886, 41.9028174], [12.4961419, 41.9028468]]]}}, {"type": "Feature", "properties": {}, "geometry": {"type": "Polygon", "coordinates": [[[12.5006412, 41.9085084], [12.500836, 41.9086328], [12.5009069, 41.9086782], [12.5009906, 41.9087316], [12.501007, 41.9087421], [12.5012414, 41.9085383], [12.5008727, 41.9083048], [12.5006412, 41.9085084]]]}}, {"type": "Feature", "properties": {}, "geometry": {"type": "LineString", "coordinates": [[12.5026187, 41.8685203], [12.5023891, 41.8685041]]}}, {"type": "Feature", "properties": {}, "geometry": {"type": "LineString", "coordinates": [[12.5023891, 41.8685041], [12.5021216, 41.8684356], [12.5014882, 41.8682619], [12.501361, 41.8682206], [12.5010047, 41.8681684], [12.5006868, 41.8681507], [12.5003686, 41.868059], [12.5001716, 41.8679531], [12.5000798, 41.8678839], [12.5000222, 41.8677985], [12.5000203, 41.8675405], [12.5000378, 41.8670723]]}}, {"type": "Feature", "properties": {}, "geometry": {"type": "LineString", "coordinates": [[12.5222178, 41.860061], [12.5222127, 41.8601442], [12.5222732, 41.8602059], [12.5223363, 41.8602235], [12.5228651, 41.8602137], [12.5235076, 41.860302], [12.5239578, 41.8604617]]}}, {"type": "Feature", "properties": {}, "geometry": {"type": "LineString", "coordinates": [[12.5243221, 41.8592642], [12.524935, 41.8601937], [12.5250297, 41.860293]]}}, {"type": "Feature", "properties": {}, "geometry": {"type": "LineString", "coordinates": [[12.5924766, 41.912926], [12.5919711, 41.9132374], [12.5917913, 41.9133068], [12.5916648, 41.913391], [12.5914558, 41.913505], [12.5911653, 41.9136636], [12.5910254, 41.9138272], [12.5908855, 41.9139758], [12.5906919, 41.9140508], [12.5904859, 41.9141402], [12.5902628, 41.9141722], [12.5900997, 41.9142744], [12.5900654, 41.9143702], [12.5901254, 41.914466], [12.5902113, 41.9145618], [12.590134, 41.9147151], [12.5899109, 41.9148875], [12.589722, 41.9149322], [12.5893787, 41.915143], [12.5891384, 41.9153218], [12.5888552, 41.9155134], [12.5885547, 41.9157114], [12.5884947, 41.9158136], [12.588323, 41.9159541], [12.5879883, 41.9161266], [12.5878853, 41.9162543], [12.5878681, 41.9163501], [12.587602, 41.9164459], [12.5873188, 41.916612], [12.5871643, 41.9168674], [12.5868295, 41.917091], [12.5864605, 41.9172698], [12.586203, 41.9174486], [12.5860657, 41.9176019], [12.5860313, 41.9177041], [12.5860227, 41.9178574], [12.5859283, 41.918049], [12.5857738, 41.9181639], [12.5856794, 41.9182534], [12.585585, 41.9183747], [12.5854133, 41.9184705], [12.5851902, 41.9185344], [12.5849241, 41.9185216], [12.5846151, 41.9185408], [12.5845121, 41.9186429], [12.5843576, 41.9187451], [12.5841688, 41.9188218], [12.5839542, 41.9188154], [12.5837826, 41.9187835], [12.5836281, 41.9187707], [12.5834478, 41.9187835], [12.5832847, 41.918726], [12.5830959, 41.9186621], [12.5827612, 41.918726], [12.5824779, 41.9187324], [12.581757, 41.9186238], [12.5811218, 41.9185535], [12.5805982, 41.9185024], [12.5799631, 41.9185408], [12.5794739, 41.9186302], [12.5790447, 41.9188729], [12.5787014, 41.9190772], [12.5781006, 41.9192816], [12.5773882, 41.9195435], [12.5768131, 41.9197287], [12.5760492, 41.9199905], [12.5755085, 41.9201949], [12.5746105, 41.9205287], [12.5742901, 41.9206711], [12.5741294, 41.9207176], [12.5739782, 41.9207348], [12.573637, 41.9207626], [12.5733059, 41.920908], [12.5730739, 41.921004]]}}, {"type": "Feature", "properties": {}, "geometry": {"type": "LineString", "coordinates": [[12.4264768, 41.8174856], [12.4263712, 41.8174792], [12.4262872, 41.8174371], [12.4254467, 41.8161056], [12.4236742, 41.8133321]]}}, {"type": "Feature", "properties": {}, "geometry": {"type": "Polygon", "coordinates": [[[12.4115936, 41.8134911], [12.4116652, 41.8134694], [12.4117379, 41.8134467], [12.4117893, 41.8134447], [12.4118488, 41.8134741], [12.4118879, 41.8134976], [12.4119367, 41.8135258], [12.4119913, 41.8135662], [12.4120257, 41.8136032], [12.4120651, 41.8136234], [12.4121, 41.8136387], [12.4121315, 41.813642], [12.4121612, 41.8136393], [12.4122356, 41.8136145], [12.4122571, 41.8136007], [12.4122614, 41.8135752], [12.4122857, 41.8135598], [12.412306, 41.8135512], [12.412315, 41.8135278], [12.4123347, 41.8134995], [12.4123614, 41.8134782], [12.4124052, 41.8134594], [12.4124257, 41.8134336], [12.4124298, 41.8133886], [12.4123846, 41.8133544], [12.412344, 41.8133499], [12.412305, 41.8133599], [12.4122409, 41.8134021], [12.4121767, 41.8134304], [12.4121333, 41.813439], [12.4120614, 41.8134294], [12.4120237, 41.8134089], [12.412, 41.8133815], [12.4119884, 41.8133504], [12.4119815, 41.8133236], [12.4119955, 41.8132623], [12.4120165, 41.8132177], [12.412048, 41.8131832], [12.412086, 41.8131486], [12.4121414, 41.8131131], [12.4122071, 41.8130438], [12.4122674, 41.8130074], [12.4123542, 41.8130006], [12.4125103, 41.8129971], [12.4125751, 41.8129754], [12.4126816, 41.8128923], [12.412833, 41.8128032], [12.4128592, 41.8127552], [12.4128608, 41.8127134], [12.4128463, 41.8126854], [12.412819, 41.8126596], [12.4127937, 41.8126345], [12.4127833, 41.8126094], [12.412784, 41.8125807], [12.4127913, 41.8125637], [12.4127763, 41.8125579], [12.4127685, 41.8125642], [12.412749, 41.8126037], [12.4127388, 41.8126179], [12.4127174, 41.8126137], [12.4126833, 41.8125898], [12.4126464, 41.8125848], [12.4125908, 41.8125868], [12.412552, 41.8125887], [12.4125023, 41.8126122], [12.4124622, 41.812638], [12.4123965, 41.8127054], [12.412306, 41.8128423], [12.4122289, 41.8129034], [12.4121505, 41.8129279], [12.4120599, 41.8129292], [12.4120017, 41.8129298], [12.4119733, 41.8129798], [12.4119736, 41.8130135], [12.4119586, 41.8130492], [12.4119166, 41.8130767], [12.4115603, 41.8132178], [12.4112715, 41.8133834], [12.4112359, 41.8134031], [12.4112261, 41.8134229], [12.4112255, 41.8134522], [12.4112507, 41.8134624], [12.411318, 41.8134817], [12.4114307, 41.8134977], [12.4115069, 41.8135057], [12.4115936, 41.8134911]]]}}, {"type": "Feature", "properties": {}, "geometry": {"type": "Polygon", "coordinates": [[[12.4098683, 41.8127184], [12.4096267, 41.8126755], [12.409541, 41.8127046], [12.4094357, 41.8127495], [12.409391, 41.8128179], [12.4093982, 41.8128983], [12.4095226, 41.8130056], [12.4096118, 41.8130646], [12.4097849, 41.8131492], [12.4100054, 41.8131071], [12.4100733, 41.8130594], [12.4100521, 41.8128674], [12.4098683, 41.8127184]]]}}, {"type": "Feature", "properties": {}, "geometry": {"type": "Polygon", "coordinates": [[[12.402272, 41.8144685], [12.4022582, 41.8144819], [12.4022337, 41.8145033], [12.4022161, 41.8145259], [12.4022021, 41.8145472], [12.4021979, 41.8145644], [12.4021994, 41.8145802], [12.4022119, 41.8145944], [12.4022199, 41.8146086], [12.4022358, 41.8146199], [12.4022551, 41.8146288], [12.4022761, 41.8146349], [12.4022998, 41.8146384], [12.4023255, 41.8146359], [12.4023637, 41.8146498], [12.4023882, 41.8146616], [12.4024004, 41.8146726], [12.4024088, 41.8146835], [12.4024297, 41.8147001], [12.4024436, 41.8147191], [12.4024539, 41.8147426], [12.4024657, 41.8147719], [12.4024737, 41.8148063], [12.4024801, 41.8148241], [12.4024925, 41.8148332], [12.4025082, 41.8148377], [12.4025274, 41.8148404], [12.4025498, 41.8148352], [12.4025691, 41.8148271], [12.4025882, 41.81482], [12.4026088, 41.8148079], [12.4026375, 41.8148011], [12.4026713, 41.8147986], [12.4027026, 41.8148015], [12.4027381, 41.8148061], [12.4027722, 41.8148147], [12.402808, 41.8148243], [12.4028315, 41.814834], [12.4028647, 41.8148504], [12.4028913, 41.814867], [12.4029224, 41.8148883], [12.4029419, 41.8149076], [12.4029663, 41.8149314], [12.4029724, 41.8149411], [12.4029716, 41.8149479], [12.4029867, 41.8149598], [12.402997, 41.8149606], [12.4030096, 41.8149703], [12.4030275, 41.8149869], [12.4030395, 41.8150058], [12.403045, 41.8150246], [12.4030456, 41.8150475], [12.4030412, 41.8150631], [12.4030484, 41.8150652], [12.4030572, 41.8150677], [12.4030693, 41.8150632], [12.4030885, 41.8150586], [12.4031102, 41.8150486], [12.4031415, 41.8150402], [12.4031687, 41.8150386], [12.4031873, 41.8150313], [12.4032093, 41.8150214], [12.4032298, 41.8149947], [12.4032362, 41.8149763], [12.4032411, 41.8149499], [12.4032486, 41.8149232], [12.4032499, 41.8148995], [12.4032407, 41.8148749], [12.4032076, 41.8148152], [12.4031721, 41.8147835], [12.4031499, 41.8147713], [12.4031269, 41.8147504], [12.4030871, 41.8147273], [12.4029435, 41.8146717], [12.4029211, 41.8146502], [12.4029131, 41.8146322], [12.4029111, 41.814615], [12.4029117, 41.814596], [12.4029236, 41.8145821], [12.4029426, 41.8145671], [12.4029625, 41.8145588], [12.4029953, 41.8145488], [12.4030456, 41.8145308], [12.4030524, 41.814524], [12.4030388, 41.8145161], [12.4030465, 41.8145084], [12.4030448, 41.8144984], [12.4030361, 41.8144856], [12.4030363, 41.8144751], [12.4030485, 41.8144587], [12.4030302, 41.8144446], [12.4029993, 41.814428], [12.4029713, 41.8144142], [12.4029465, 41.8144055], [12.4029109, 41.8144071], [12.4028779, 41.8144224], [12.4028132, 41.8144609], [12.4027872, 41.8144687], [12.4027771, 41.8144608], [12.4027481, 41.8144574], [12.4027228, 41.8144579], [12.4026877, 41.8144688], [12.4026545, 41.8144764], [12.4026314, 41.8144802], [12.4026019, 41.8144816], [12.4025943, 41.814493], [12.4025781, 41.8145034], [12.4025401, 41.8145038], [12.4025016, 41.8145021], [12.4024865, 41.8144927], [12.4024594, 41.8144889], [12.4024312, 41.8144824], [12.4024016, 41.8144687], [12.4023777, 41.8144604], [12.4023668, 41.8144523], [12.4023659, 41.8144445], [12.4023689, 41.8144392], [12.4023569, 41.8144391], [12.4023498, 41.8144373], [12.4023512, 41.8144303], [12.4023562, 41.8144154], [12.4023482, 41.8143977], [12.4023515, 41.8143817], [12.4023559, 41.8143583], [12.4023637, 41.8143396], [12.4023696, 41.8143169], [12.4023864, 41.8142982], [12.4023617, 41.8142898], [12.4023225, 41.8142863], [12.4022895, 41.8142918], [12.4022814, 41.8142988], [12.4022702, 41.8143114], [12.4022684, 41.8143239], [12.4022674, 41.814347], [12.4022568, 41.8143634], [12.4022624, 41.8143844], [12.4022604, 41.8144008], [12.4022753, 41.8144142], [12.4022818, 41.8144369], [12.402272, 41.8144685]]]}}, {"type": "Feature", "properties": {}, "geometry": {"type": "Polygon", "coordinates": [[[12.4102685, 41.8117903], [12.4101869, 41.8117846], [12.4099376, 41.8118241], [12.4098574, 41.8118576], [12.4097943, 41.8118572], [12.4096506, 41.8118453], [12.4095409, 41.8118652], [12.4094417, 41.8118676], [12.4093602, 41.8118522], [12.4092599, 41.8118512], [12.4091957, 41.8118862], [12.4091882, 41.8119318], [12.4092493, 41.8119924], [12.4092961, 41.8121218], [12.4093343, 41.8121938], [12.40942, 41.8122117], [12.409674, 41.8121674], [12.4098376, 41.8121052], [12.4099828, 41.8120132], [12.4101755, 41.8119598], [12.4102954, 41.8119855], [12.4103738, 41.8120292], [12.4104248, 41.8120409], [12.4105273, 41.8120106], [12.4104983, 41.8118777], [12.4104594, 41.8118429], [12.4103547, 41.8118138], [12.4102685, 41.8117903]]]}}, {"type": "Feature", "properties": {}, "geometry": {"type": "Polygon", "coordinates": [[[12.4317847, 41.8892907], [12.4317423, 41.8893525], [12.4317094, 41.8894081], [12.4316815, 41.88943], [12.4316735, 41.8894806], [12.4316856, 41.8895274], [12.4317463, 41.889562], [12.4317937, 41.8895887], [12.4318498, 41.8895975], [12.431886, 41.8895891], [12.4319075, 41.8895721], [12.4319393, 41.8894983], [12.4319515, 41.8894105], [12.4319949, 41.8893537], [12.4320352, 41.8893097], [12.4320899, 41.8892837], [12.4321166, 41.8892575], [12.4321235, 41.8892247], [12.4321257, 41.8891955], [12.4321155, 41.8891663], [12.4320888, 41.8891466], [12.4320533, 41.8891368], [12.4320112, 41.8891456], [12.4319704, 41.8891617], [12.431915, 41.8891913], [12.4318274, 41.8892419], [12.4317847, 41.8892907]]]}}, {"type": "Feature", "properties": {}, "geometry": {"type": "LineString", "coordinates": [[12.4497329, 41.8181711], [12.4493938, 41.8182859], [12.4490611, 41.8185138], [12.4487553, 41.818592], [12.4483087, 41.818659], [12.4475263, 41.818965], [12.4466571, 41.8192822], [12.4456499, 41.8197826], [12.4452392, 41.8200842], [12.4449305, 41.8203925], [12.4449005, 41.8207142], [12.4450684, 41.8208973], [12.445533, 41.8212749], [12.446777, 41.8223315], [12.4477392, 41.8231557], [12.4483207, 41.8236494], [12.4485065, 41.8238906], [12.4484916, 41.8241364], [12.4483859, 41.8243621], [12.4482458, 41.8246613], [12.4480719, 41.8249338], [12.4475743, 41.8254051], [12.4472026, 41.8257044], [12.4465141, 41.8262065], [12.4463163, 41.8263555], [12.446095, 41.8264977], [12.4458118, 41.8266403], [12.445455, 41.826752], [12.4451703, 41.8267386], [12.4447595, 41.8266611], [12.4442378, 41.8265728], [12.4430989, 41.8265355], [12.4425834, 41.8266885], [12.4415421, 41.826986]]}}, {"type": "Feature", "properties": {}, "geometry": {"type": "LineString", "coordinates": [[12.4500679, 41.8179122], [12.4497329, 41.8181711]]}}, {"type": "Feature", "properties": {}, "geometry": {"type": "LineString", "coordinates": [[12.4092704, 41.8369741], [12.4100154, 41.8370658], [12.4101644, 41.8370031], [12.410281, 41.8367907], [12.4105854, 41.836588], [12.4111295, 41.8364819], [12.4114858, 41.8363757], [12.4117255, 41.8362164], [12.4119457, 41.8359172], [12.4122955, 41.8357724], [12.4125157, 41.8356276], [12.4132088, 41.8354828], [12.4140121, 41.8352222], [12.4142518, 41.8350629], [12.4143295, 41.8349133], [12.4142453, 41.8347444], [12.4142582, 41.8345465], [12.4146015, 41.8341701], [12.4148218, 41.8338322], [12.4153335, 41.8334172], [12.415476, 41.8331421], [12.4156315, 41.8326353], [12.4160072, 41.8321768], [12.416344, 41.8315155], [12.4167197, 41.8312066], [12.4169983, 41.831057], [12.4175107, 41.8308813], [12.4179534, 41.8306968], [12.4183926, 41.8304306], [12.4185311, 41.8302216], [12.4186515, 41.8300573]]}}, {"type": "Feature", "properties": {}, "geometry": {"type": "LineString", "coordinates": [[12.3899915, 41.8803111], [12.3898074, 41.8800221], [12.3896974, 41.8796427], [12.3895456, 41.8795152], [12.3893622, 41.8790795], [12.3889278, 41.8786706], [12.388882, 41.8784704], [12.3888954, 41.8779951], [12.3888621, 41.8779118], [12.3883543, 41.877321], [12.3881954, 41.8771243], [12.3881064, 41.8768629], [12.3880693, 41.8764813], [12.3881274, 41.8759745], [12.3881283, 41.8756984], [12.3880854, 41.8755666], [12.3879072, 41.8753486], [12.3878387, 41.8751791], [12.3877792, 41.8746164], [12.3879446, 41.8740884], [12.3882175, 41.8731791], [12.388151, 41.8728968], [12.388273, 41.872606], [12.3883465, 41.871859], [12.3885434, 41.8715304], [12.388577, 41.8705575], [12.3887783, 41.87031], [12.3887855, 41.8698939], [12.3890713, 41.8693948], [12.3889689, 41.8689489], [12.3888034, 41.8685264], [12.3890322, 41.8683404], [12.389121, 41.8681773], [12.3891501, 41.868016], [12.3891119, 41.8677854], [12.3891985, 41.8673797], [12.389291, 41.8671949], [12.3893219, 41.8670581], [12.3892272, 41.8668179], [12.3891637, 41.8666826], [12.3890805, 41.8665517], [12.3889967, 41.8661526], [12.3889223, 41.8659056], [12.3889397, 41.8657612], [12.3890127, 41.8656514], [12.3893839, 41.8653403], [12.3896323, 41.8649242], [12.3898364, 41.8647245], [12.3900408, 41.8645433], [12.3902492, 41.8642635], [12.390655, 41.8637385], [12.390655, 41.8636145], [12.3903143, 41.8634626], [12.3902199, 41.8634074], [12.3901524, 41.8633322], [12.3900787, 41.8631774], [12.3900768, 41.863097], [12.390107, 41.8630206], [12.3902229, 41.8629265], [12.3903022, 41.8628505], [12.3903561, 41.8627675], [12.3903906, 41.8626683], [12.3904049, 41.8625621], [12.3904193, 41.8625209], [12.3904526, 41.8624876], [12.3905085, 41.8624431], [12.3905999, 41.8624065]]}}, {"type": "Feature", "properties": {}, "geometry": {"type": "Polygon", "coordinates": [[[12.4275443, 41.8188127], [12.4276618, 41.8188141], [12.427774, 41.8187883], [12.4278701, 41.818738], [12.4279406, 41.818668], [12.4279787, 41.8185851], [12.4279805, 41.8184976], [12.4279459, 41.8184139], [12.4278784, 41.8183423], [12.4277844, 41.8182898], [12.4276603, 41.81826], [12.4275301, 41.8182636], [12.4274093, 41.8183001], [12.4273126, 41.8183653], [12.4272516, 41.8184511], [12.4272337, 41.8185474], [12.427261, 41.8186424], [12.4273303, 41.8187247], [12.4274332, 41.8187843], [12.4275443, 41.8188127]]]}}, {"type": "Feature", "properties": {}, "geometry": {"type": "LineString", "coordinates": [[12.4216678, 41.8134993], [12.4204119, 41.8135836]]}}, {"type": "Feature", "properties": {}, "geometry": {"type": "Polygon", "coordinates": [[[12.4284666, 41.8183235], [12.4285617, 41.8183767], [12.4286743, 41.818405], [12.4287932, 41.8184058], [12.4289065, 41.8183789], [12.4290028, 41.8183269], [12.4290726, 41.8182552], [12.4291102, 41.8181638], [12.4291044, 41.8180682], [12.4290558, 41.8179797], [12.4289702, 41.8179085], [12.4288574, 41.8178629], [12.4287306, 41.8178482], [12.4286045, 41.8178661], [12.4284939, 41.8179145], [12.4284115, 41.8179878], [12.428367, 41.8180775], [12.4283641, 41.8181661], [12.4283984, 41.8182509], [12.4284666, 41.8183235]]]}}, {"type": "Feature", "properties": {}, "geometry": {"type": "Polygon", "coordinates": [[[12.4278478, 41.8173503], [12.4278895, 41.8174407], [12.4279695, 41.8175154], [12.4280786, 41.8175658], [12.428204, 41.8175859], [12.4283221, 41.8175755], [12.4284299, 41.8175381], [12.4285166, 41.8174775], [12.4285737, 41.8173998], [12.4285954, 41.8173127], [12.4285795, 41.8172249], [12.4285276, 41.8171451], [12.428445, 41.8170814], [12.4283398, 41.8170401], [12.428213, 41.8170254], [12.428087, 41.8170433], [12.4279763, 41.8170917], [12.4278939, 41.817165], [12.4278493, 41.8172546], [12.4278478, 41.8173503]]]}}, {"type": "Feature", "properties": {}, "geometry": {"type": "Polygon", "coordinates": [[[12.4267155, 41.8177347], [12.4267572, 41.8178252], [12.4268373, 41.8178999], [12.4269464, 41.8179503], [12.4270718, 41.8179704], [12.4271899, 41.8179599], [12.4272977, 41.8179225], [12.4273844, 41.817862], [12.4274415, 41.8177842], [12.4274632, 41.8176971], [12.4274473, 41.8176093], [12.4273954, 41.8175295], [12.4273127, 41.8174658], [12.4272075, 41.8174245], [12.4270807, 41.8174098], [12.4269546, 41.8174277], [12.426844, 41.8174761], [12.4267616, 41.8175494], [12.4267171, 41.8176391], [12.4267155, 41.8177347]]]}}, {"type": "Feature", "properties": {}, "geometry": {"type": "Polygon", "coordinates": [[[12.425384, 41.8156302], [12.4254257, 41.8157206], [12.4255058, 41.8157954], [12.4256149, 41.8158457], [12.4257403, 41.8158658], [12.4258584, 41.8158553], [12.4259661, 41.8158179], [12.4260529, 41.8157573], [12.4261099, 41.8156796], [12.4261316, 41.8155925], [12.4261157, 41.8155047], [12.4260638, 41.8154249], [12.4259811, 41.8153613], [12.4258759, 41.81532], [12.4257491, 41.8153053], [12.4256231, 41.8153232], [12.4255124, 41.8153716], [12.42543, 41.8154449], [12.4253855, 41.8155346], [12.425384, 41.8156302]]]}}, {"type": "Feature", "properties": {}, "geometry": {"type": "Polygon", "coordinates": [[[12.4266362, 41.8154033], [12.4267371, 41.8154485], [12.4268519, 41.8154682], [12.4269692, 41.8154604], [12.4270776, 41.815426], [12.4271663, 41.8153683], [12.4272268, 41.815293], [12.4272536, 41.8151988], [12.4272361, 41.8151034], [12.4271762, 41.815018], [12.4270811, 41.8149528], [12.426962, 41.8149154], [12.426833, 41.8149102], [12.4267092, 41.814938], [12.4266054, 41.8149953], [12.4265337, 41.8150754], [12.4265026, 41.8151689], [12.4265129, 41.8152563], [12.4265589, 41.8153371], [12.4266362, 41.8154033]]]}}, {"type": "Feature", "properties": {}, "geometry": {"type": "Polygon", "coordinates": [[[12.4249703, 41.8149731], [12.425012, 41.8150636], [12.4250921, 41.8151383], [12.4252012, 41.8151887], [12.4253266, 41.8152088], [12.4254447, 41.8151983], [12.4255525, 41.815161], [12.4256392, 41.8151004], [12.4256963, 41.8150226], [12.425718, 41.8149355], [12.4257021, 41.8148477], [12.4256502, 41.8147679], [12.4255675, 41.8147042], [12.4254623, 41.8146629], [12.4253355, 41.8146482], [12.4252095, 41.8146661], [12.4250988, 41.8147145], [12.4250164, 41.8147878], [12.4249719, 41.8148775], [12.4249703, 41.8149731]]]}}, {"type": "Feature", "properties": {}, "geometry": {"type": "Polygon", "coordinates": [[[12.424552, 41.8143369], [12.4245937, 41.8144274], [12.4246738, 41.8145021], [12.4247828, 41.8145525], [12.4249083, 41.8145726], [12.4250264, 41.8145621], [12.4251342, 41.8145248], [12.4252209, 41.8144642], [12.425278, 41.8143864], [12.4252997, 41.8142993], [12.4252837, 41.8142115], [12.4252319, 41.8141317], [12.4251492, 41.814068], [12.425044, 41.8140267], [12.4249172, 41.814012], [12.4247911, 41.8140299], [12.4246805, 41.8140783], [12.4245981, 41.8141516], [12.4245535, 41.8142413], [12.424552, 41.8143369]]]}}, {"type": "Feature", "properties": {}, "geometry": {"type": "Polygon", "coordinates": [[[12.4241479, 41.8136765], [12.4241896, 41.8137669], [12.4242696, 41.8138416], [12.4243787, 41.813892], [12.4245042, 41.8139121], [12.4246223, 41.8139016], [12.4247301, 41.8138642], [12.4248168, 41.8138036], [12.4248738, 41.8137258], [12.4248955, 41.8136387], [12.4248796, 41.8135509], [12.4248277, 41.8134712], [12.424745, 41.8134075], [12.4246398, 41.8133662], [12.424513, 41.8133515], [12.424387, 41.8133694], [12.4242763, 41.8134178], [12.4241939, 41.8134911], [12.4241494, 41.8135808], [12.4241479, 41.8136765]]]}}, {"type": "Feature", "properties": {}, "geometry": {"type": "Polygon", "coordinates": [[[12.4252575, 41.8132805], [12.4252992, 41.813371], [12.4253792, 41.8134457], [12.4254883, 41.8134961], [12.4256137, 41.8135162], [12.4257318, 41.8135058], [12.4258396, 41.8134684], [12.4259263, 41.8134078], [12.4259834, 41.8133301], [12.4260051, 41.813243], [12.4259892, 41.8131551], [12.4259373, 41.8130754], [12.4258547, 41.8130117], [12.4257495, 41.8129704], [12.4256227, 41.8129557], [12.4254967, 41.8129735], [12.425386, 41.8130219], [12.4253036, 41.8130952], [12.425259, 41.8131849], [12.4252575, 41.8132805]]]}}, {"type": "Feature", "properties": {}, "geometry": {"type": "Polygon", "coordinates": [[[12.4256626, 41.8139386], [12.4257042, 41.814029], [12.4257843, 41.8141038], [12.4258934, 41.8141541], [12.4260188, 41.8141742], [12.4261369, 41.8141638], [12.4262447, 41.8141264], [12.4263314, 41.8140658], [12.4263885, 41.8139881], [12.4264102, 41.8139009], [12.4263943, 41.8138131], [12.4263424, 41.8137334], [12.4262597, 41.8136697], [12.4261545, 41.8136284], [12.4260277, 41.8136137], [12.4259017, 41.8136315], [12.425791, 41.81368], [12.4257086, 41.8137533], [12.4256641, 41.8138429], [12.4256626, 41.8139386]]]}}, {"type": "Feature", "properties": {}, "geometry": {"type": "Polygon", "coordinates": [[[12.4260819, 41.8145852], [12.4261236, 41.8146757], [12.4262037, 41.8147504], [12.4263128, 41.8148007], [12.4264383, 41.8148208], [12.4265564, 41.8148103], [12.4266641, 41.8147729], [12.4267508, 41.8147123], [12.4268079, 41.8146345], [12.4268295, 41.8145474], [12.4268136, 41.8144596], [12.4267617, 41.8143799], [12.426679, 41.8143162], [12.4265738, 41.8142749], [12.426447, 41.8142602], [12.4263209, 41.8142781], [12.4262103, 41.8143266], [12.4261279, 41.8143999], [12.4260834, 41.8144896], [12.4260819, 41.8145852]]]}}, {"type": "Feature", "properties": {}, "geometry": {"type": "LineString", "coordinates": [[12.4204119, 41.8135836], [12.419731, 41.8134642]]}}, {"type": "Feature", "properties": {}, "geometry": {"type": "Polygon", "coordinates": [[[12.5143973, 41.9029748], [12.5145522, 41.903019], [12.5145982, 41.9029296], [12.5145736, 41.9029226], [12.5145984, 41.9028744], [12.5146202, 41.9028806], [12.514666, 41.9027917], [12.5145138, 41.9027483], [12.5143973, 41.9029748]]]}}, {"type": "Feature", "properties": {}, "geometry": {"type": "LineString", "coordinates": [[12.4041813, 41.8434393], [12.4043577, 41.8430408], [12.4045434, 41.8427871], [12.4046156, 41.8424951], [12.4050678, 41.8421837], [12.4054512, 41.8417112], [12.4054624, 41.8416161], [12.4054821, 41.8414499], [12.4061526, 41.8405815], [12.4070421, 41.8394547], [12.4074437, 41.8390156], [12.4077288, 41.8386343], [12.4078194, 41.8383978], [12.4082664, 41.8382772], [12.4085061, 41.8381034], [12.4087069, 41.8377125], [12.4089077, 41.8372782], [12.4090696, 41.8370513], [12.4092704, 41.8369741]]}}, {"type": "Feature", "properties": {}, "geometry": {"type": "LineString", "coordinates": [[12.3955649, 41.8562638], [12.395581, 41.8556723], [12.3955787, 41.8552812], [12.3957668, 41.8548719], [12.3957539, 41.8545869], [12.3956455, 41.8543412], [12.3957747, 41.8540826], [12.3957163, 41.8539596], [12.3955822, 41.8538398], [12.3957182, 41.8536977], [12.3960492, 41.853409], [12.3961381, 41.8531624], [12.3961381, 41.8529519], [12.3965418, 41.852597], [12.3965176, 41.8523745], [12.3966145, 41.8522], [12.3972524, 41.8520497], [12.3978822, 41.8522782], [12.398617, 41.8523684], [12.3988593, 41.8522842], [12.3988835, 41.8520797], [12.3988754, 41.8517549], [12.3995295, 41.8507565], [12.3994003, 41.8504377], [12.3996021, 41.8502512], [12.4000059, 41.8502512], [12.4001351, 41.8501069], [12.4002239, 41.8496678], [12.4006276, 41.8493911], [12.4011444, 41.8483987], [12.4015805, 41.8477851], [12.4016045, 41.8476295], [12.4016854, 41.8471054], [12.4018954, 41.8467265], [12.402501, 41.8461851], [12.4026221, 41.8460588], [12.402719, 41.8457219], [12.4026706, 41.8454753], [12.4025494, 41.845373], [12.4025494, 41.8452347], [12.4031182, 41.8440792], [12.4031845, 41.8439962], [12.4032487, 41.8439268], [12.4033262, 41.8438646], [12.4034037, 41.8438251], [12.4034685, 41.8438055], [12.4035313, 41.8437934], [12.4035896, 41.8437836], [12.4036479, 41.8437814], [12.4037158, 41.8437859], [12.4037884, 41.8437765], [12.4038793, 41.8437459], [12.4039819, 41.8436937], [12.4040712, 41.8436423], [12.4041417, 41.843557], [12.4041813, 41.8434393]]}}, {"type": "Feature", "properties": {}, "geometry": {"type": "LineString", "coordinates": [[12.3850446, 41.8656884], [12.3866387, 41.8642824], [12.3869326, 41.8641233], [12.3874402, 41.8639376], [12.3875293, 41.8635794], [12.3876629, 41.863208], [12.3879567, 41.86283], [12.3884091, 41.8627882], [12.3886398, 41.8628454], [12.3886468, 41.8629391], [12.3887935, 41.8630537], [12.38912, 41.8630019], [12.3896116, 41.8626956], [12.3900797, 41.8625279], [12.3905999, 41.8624065], [12.3909465, 41.8623457], [12.3912255, 41.8621957], [12.3922536, 41.8610338], [12.3934769, 41.8597583], [12.3935958, 41.8596828], [12.3936797, 41.8596053], [12.393701, 41.8595265], [12.3936722, 41.8593549], [12.3936318, 41.8592881], [12.3935563, 41.8592517], [12.3934539, 41.8592292], [12.3933898, 41.8591742], [12.3933578, 41.8591112], [12.3933446, 41.8590442], [12.3933583, 41.8589852], [12.3937815, 41.8584463], [12.3939579, 41.8580821], [12.394192, 41.8576912], [12.3945635, 41.8575468], [12.3946523, 41.8573965], [12.3949672, 41.8571138], [12.3950964, 41.8568552], [12.3954221, 41.8565485], [12.3954966, 41.8564], [12.3955649, 41.8562638]]}}, {"type": "Feature", "properties": {}, "geometry": {"type": "LineString", "coordinates": [[12.385201, 41.912129], [12.3851612, 41.9120787], [12.3851108, 41.9118254], [12.3849981, 41.9114602], [12.384942, 41.9113311], [12.3848966, 41.9112491], [12.384851, 41.9111835], [12.3847973, 41.9111219], [12.3847502, 41.9110745], [12.3846917, 41.9110258], [12.3846102, 41.9109776], [12.3845201, 41.9109291], [12.3843964, 41.9108822], [12.3842823, 41.9108582], [12.3840278, 41.9106543], [12.3839819, 41.9106103], [12.3839441, 41.9105663], [12.3839116, 41.9105155], [12.3838871, 41.9104648], [12.3838667, 41.91041], [12.3838516, 41.9103552], [12.3838411, 41.9102957], [12.3838315, 41.9101824], [12.3838232, 41.9101415], [12.3838124, 41.9101006], [12.3837942, 41.910061], [12.3837735, 41.9100215], [12.383748, 41.9099824], [12.3837212, 41.9099463], [12.3836809, 41.9099025], [12.3834783, 41.9097039], [12.3832836, 41.9095679], [12.3832193, 41.90947], [12.3831503, 41.9093841], [12.3830967, 41.9093234], [12.3830715, 41.9092909], [12.3830714, 41.9092494], [12.3831015, 41.9091601], [12.3831491, 41.9090718], [12.3832454, 41.9089126], [12.3832628, 41.9088271], [12.3832342, 41.9087298], [12.3832275, 41.9086956], [12.3831842, 41.9086456], [12.3831634, 41.9085301], [12.3831509, 41.9082678], [12.3831614, 41.9082363], [12.383144, 41.9081952], [12.383156, 41.9081495], [12.3831624, 41.9080356], [12.3831521, 41.9079534], [12.3831287, 41.9079099], [12.3831013, 41.9077002], [12.3830993, 41.9076328], [12.3830776, 41.9074801], [12.3830626, 41.9073433], [12.3830404, 41.9071965], [12.3830234, 41.9070747], [12.3830033, 41.9069713], [12.3829506, 41.9068528], [12.3829227, 41.9067801], [12.3829134, 41.9067447], [12.3829069, 41.9067104], [12.3829074, 41.906677], [12.3829107, 41.9066447], [12.3829642, 41.9065379], [12.3831537, 41.9062671], [12.3831581, 41.9062374], [12.3831713, 41.9061958], [12.3832373, 41.9061307], [12.3832878, 41.9060598], [12.3833138, 41.905964], [12.3832648, 41.9058534], [12.3832184, 41.9057561], [12.3831828, 41.9056765], [12.3831535, 41.9056174], [12.383146, 41.9055405], [12.3831411, 41.9054258], [12.3831359, 41.9053184], [12.3831355, 41.9051994], [12.383138, 41.9051186], [12.3831261, 41.9050111], [12.3831072, 41.9049363], [12.3831006, 41.9048486], [12.3830845, 41.9047236], [12.3830665, 41.9046068], [12.3830378, 41.9045315], [12.3830294, 41.9043928], [12.3830505, 41.9042842], [12.3830627, 41.9042311], [12.3830276, 41.9040564], [12.3830135, 41.9039835], [12.3829989, 41.9039134], [12.3829893, 41.9038397], [12.3829337, 41.903739], [12.3826682, 41.9034921], [12.3824493, 41.9032927], [12.382409, 41.9032641], [12.3823612, 41.9032468], [12.3823067, 41.9032384], [12.382237, 41.9032387], [12.3821673, 41.9032459], [12.3819218, 41.9033039]]}}, {"type": "Feature", "properties": {}, "geometry": {"type": "Polygon", "coordinates": [[[12.5051886, 41.9286327], [12.5052651, 41.9286979], [12.5053235, 41.9287883], [12.505373, 41.9288552], [12.5054247, 41.9288987], [12.5054742, 41.9289154], [12.5055191, 41.928907], [12.5055529, 41.928887], [12.5055709, 41.9288435], [12.5055529, 41.9287715], [12.5055551, 41.9286779], [12.5055653, 41.9286059], [12.5055664, 41.9285273], [12.5055326, 41.9284721], [12.5054449, 41.9284403], [12.5053573, 41.928427], [12.5052741, 41.9284487], [12.5052156, 41.9284939], [12.5051954, 41.9285574], [12.5051886, 41.9286327]]]}}, {"type": "Feature", "properties": {}, "geometry": {"type": "Polygon", "coordinates": [[[12.4041161, 41.9082338], [12.4031532, 41.9080829], [12.4031194, 41.9079824], [12.4032039, 41.9078943], [12.403981, 41.9078503], [12.4042682, 41.9078943], [12.4042851, 41.9080389], [12.4042428, 41.9081772], [12.4041161, 41.9082338]]]}}, {"type": "Feature", "properties": {}, "geometry": {"type": "Polygon", "coordinates": [[[12.4048773, 41.9083595], [12.4044718, 41.9083092], [12.404362, 41.9082652], [12.404362, 41.9081395], [12.4044549, 41.9079509], [12.4048773, 41.9080075], [12.4050547, 41.9081207], [12.4050209, 41.9082652], [12.4048773, 41.9083595]]]}}, {"type": "Feature", "properties": {}, "geometry": {"type": "Polygon", "coordinates": [[[12.408379, 41.8112603], [12.4085263, 41.8111871], [12.4083888, 41.8110919], [12.407809, 41.8111725], [12.4072552, 41.8113024], [12.4069443, 41.8114434], [12.4063842, 41.811546], [12.4056866, 41.8116705], [12.4050577, 41.811751], [12.4049201, 41.8118389], [12.4050577, 41.8119195], [12.4054016, 41.8119195], [12.40606, 41.8118463], [12.4065316, 41.8117364], [12.4069836, 41.8117657], [12.4074168, 41.8116165], [12.4078582, 41.8114361], [12.408379, 41.8112603]]]}}, {"type": "Feature", "properties": {}, "geometry": {"type": "Polygon", "coordinates": [[[12.4038294, 41.8119781], [12.4039572, 41.8118755], [12.403682, 41.8118023], [12.4032202, 41.8117877], [12.4027289, 41.8118902], [12.4022867, 41.811773], [12.4018347, 41.8115972], [12.4015105, 41.8113848], [12.4014318, 41.8114727], [12.4017856, 41.8116851], [12.4022179, 41.8118609], [12.4026798, 41.8120367], [12.4032006, 41.8121172], [12.4034167, 41.8120293], [12.4038294, 41.8119781]]]}}, {"type": "Feature", "properties": {}, "geometry": {"type": "LineString", "coordinates": [[12.486295, 41.9534901], [12.486423, 41.95345], [12.4865423, 41.9534443], [12.4866896, 41.9534652], [12.4868467, 41.9535396], [12.4869296, 41.9536254], [12.4870471, 41.9539021], [12.487118, 41.9540353], [12.4871604, 41.9540648], [12.4872252, 41.9540838], [12.4872908, 41.9540828], [12.4873741, 41.9540652], [12.4875881, 41.9540091], [12.4877626, 41.9539099], [12.488268, 41.9537297], [12.4884049, 41.9537107], [12.4885537, 41.9537244], [12.4886978, 41.9537862], [12.4889318, 41.9539534], [12.4890901, 41.9540238], [12.4892281, 41.9540591], [12.4893626, 41.9540582], [12.4896497, 41.9539821], [12.490812, 41.9537173]]}}, {"type": "Feature", "properties": {}, "geometry": {"type": "LineString", "coordinates": [[12.5394613, 41.8508104], [12.5392271, 41.8507707], [12.5390442, 41.8506518], [12.5388609, 41.8505591], [12.5387401, 41.8504355], [12.5386301, 41.8503157], [12.5382763, 41.8501608], [12.5378469, 41.8500844], [12.537633, 41.8501039], [12.5374948, 41.8501421], [12.5373937, 41.8501462], [12.5372805, 41.8501715], [12.5371594, 41.8502215], [12.5370603, 41.8503195], [12.5369309, 41.8504556], [12.5367005, 41.8505703], [12.5365648, 41.8506744], [12.5364273, 41.8508079], [12.536341, 41.8509317], [12.5362676, 41.8511679], [12.5362121, 41.8518572], [12.5361841, 41.8519711], [12.5361296, 41.852026], [12.5360629, 41.8520468], [12.5358847, 41.8520897], [12.535434, 41.8521665], [12.5350523, 41.8521823], [12.5348848, 41.8521979], [12.5347801, 41.8522447], [12.5346614, 41.8523123], [12.5344311, 41.8523383], [12.5342566, 41.8523383], [12.534131, 41.8523851], [12.5340333, 41.8524682], [12.5338787, 41.8526003], [12.5337678, 41.8526894], [12.5336825, 41.852788], [12.5332973, 41.8534256], [12.5329259, 41.8540566], [12.5327503, 41.8541489], [12.5325991, 41.8542128], [12.5324375, 41.8543009], [12.5322735, 41.8543408], [12.5321611, 41.8543495], [12.5320246, 41.8543264], [12.5318634, 41.8542762], [12.5316893, 41.854233], [12.5315177, 41.8542153], [12.5314299, 41.8542206], [12.5313442, 41.8542484], [12.5312724, 41.8543145], [12.5310563, 41.8547567], [12.5307741, 41.8550844], [12.5306364, 41.85516], [12.5305096, 41.8552274], [12.5303937, 41.8553084], [12.5303523, 41.8553773], [12.5303892, 41.8554912], [12.5304078, 41.8555983], [12.530406, 41.8556839], [12.5303989, 41.8557694], [12.5304773, 41.8558508], [12.5305412, 41.8559317], [12.5305495, 41.8560126], [12.5305513, 41.8561093], [12.5305192, 41.8561877], [12.5301221, 41.8566489], [12.5300802, 41.8567744], [12.5300783, 41.8568265], [12.5301362, 41.8568546], [12.5302324, 41.8568473], [12.5303346, 41.8568293], [12.5304743, 41.8568262], [12.5305498, 41.8568831], [12.5306192, 41.8571327], [12.5305688, 41.8572952], [12.5304835, 41.8573856], [12.5302604, 41.8574597], [12.5299669, 41.8575607], [12.5297613, 41.8577526], [12.5295755, 41.857987], [12.5290029, 41.8583588], [12.5276532, 41.8590837], [12.5274174, 41.8592054], [12.5271964, 41.8592253], [12.5269911, 41.8592697], [12.526376, 41.8596418], [12.525449, 41.8600942], [12.5250297, 41.860293], [12.5244252, 41.8606275], [12.5236649, 41.8609845], [12.5229481, 41.8613547], [12.5227154, 41.8614402], [12.5225377, 41.8614789], [12.522391, 41.8615788], [12.5221964, 41.8617237], [12.5214195, 41.8621742], [12.5209785, 41.8624286], [12.5205721, 41.8627001], [12.5196368, 41.8633247], [12.5192629, 41.8636152], [12.5192124, 41.8636786], [12.51903, 41.8638001], [12.518848, 41.8638667], [12.5185866, 41.8641038], [12.5184595, 41.864221], [12.518323, 41.8642982], [12.5177086, 41.8647412], [12.5169694, 41.8653419], [12.5167413, 41.8655312], [12.5165704, 41.8656585], [12.5164233, 41.8657444], [12.5161888, 41.8658362], [12.5159368, 41.8659158], [12.5144899, 41.8662416], [12.5138359, 41.866428], [12.5132253, 41.8664946], [12.5124556, 41.8665038], [12.5114255, 41.8665228], [12.510914, 41.8666182], [12.5106888, 41.8666389], [12.5103369, 41.8665911], [12.5100882, 41.8666019], [12.5097352, 41.8667733], [12.5095194, 41.8667875], [12.5092678, 41.8669048], [12.5091551, 41.8668968], [12.5090444, 41.8669115], [12.5082581, 41.8669125], [12.5081809, 41.8669275], [12.5081385, 41.8669643], [12.5081134, 41.8673702], [12.5080681, 41.8674179], [12.5078428, 41.8675029], [12.5077127, 41.8675723], [12.5076682, 41.8676425], [12.507661, 41.8677107], [12.5077103, 41.8677901], [12.5077693, 41.8679381], [12.5077584, 41.8680119], [12.5077229, 41.8680513], [12.5076287, 41.8680837], [12.5074352, 41.8681183], [12.5072029, 41.8682195], [12.5069529, 41.8683295], [12.5066583, 41.8684328], [12.5064059, 41.8685131], [12.5062087, 41.8685608], [12.5060364, 41.8685837], [12.5056651, 41.8685456], [12.5052169, 41.8685626], [12.5048393, 41.8685277], [12.5040469, 41.8685142], [12.5037094, 41.8685528], [12.5034395, 41.8685682], [12.5033235, 41.8685764], [12.5031775, 41.8685392], [12.5030011, 41.8685315], [12.5026187, 41.8685203]]}}, {"type": "Feature", "properties": {}, "geometry": {"type": "LineString", "coordinates": [[12.5492772, 41.8469334], [12.5486284, 41.8475715], [12.5484886, 41.8478198], [12.548481, 41.8479715], [12.5485864, 41.8481527], [12.5487472, 41.8483448], [12.5487994, 41.8484323], [12.5488035, 41.8485268], [12.5487107, 41.8486289], [12.5486905, 41.8487053], [12.5487997, 41.8489124], [12.5490892, 41.8493498], [12.5491353, 41.8495243], [12.5491285, 41.8496259], [12.549071, 41.8497069], [12.5489725, 41.8497645], [12.5488511, 41.8498522], [12.5487719, 41.8499069], [12.5487047, 41.8500074], [12.5486417, 41.8501483], [12.5486272, 41.8502905], [12.5485932, 41.8503851], [12.5484517, 41.8505739], [12.5482907, 41.8508204], [12.5482052, 41.8509691], [12.5481393, 41.851014], [12.5480168, 41.8510563], [12.5478786, 41.8510948], [12.5478463, 41.8511355], [12.5478527, 41.8511778], [12.5478574, 41.8512065], [12.5478257, 41.8512254], [12.5477878, 41.8512201], [12.5477766, 41.8512027], [12.5477305, 41.8512092], [12.5475955, 41.8512917], [12.5476191, 41.8513793], [12.5475074, 41.8514209], [12.5473678, 41.8514227], [12.547285, 41.8514124], [12.5469205, 41.8515397], [12.5465119, 41.8517315], [12.5463063, 41.851823], [12.5462077, 41.851888], [12.5461271, 41.8520131], [12.5459395, 41.852166], [12.5458347, 41.8522248], [12.5457669, 41.8522878], [12.5457367, 41.8522994], [12.5452932, 41.8522338], [12.5451503, 41.8522125], [12.5450388, 41.8521848], [12.5449444, 41.852155], [12.5446357, 41.8521486], [12.5444642, 41.8521401], [12.5443716, 41.8520972], [12.5438311, 41.8518277], [12.5437597, 41.851861], [12.5436524, 41.8518576], [12.5434202, 41.8517911], [12.5432102, 41.8517878], [12.542911, 41.8517944], [12.5426744, 41.851758], [12.541781, 41.8514336], [12.541265, 41.8512799], [12.5410618, 41.8512363], [12.5407996, 41.8511995], [12.5405998, 41.8511436], [12.5405524, 41.8510846], [12.5405083, 41.8510052], [12.5404409, 41.8509078], [12.5403714, 41.8508146], [12.5402065, 41.8507438], [12.5400959, 41.8507289], [12.539952, 41.8507247], [12.539726, 41.8507416], [12.5394613, 41.8508104]]}}, {"type": "Feature", "properties": {}, "geometry": {"type": "LineString", "coordinates": [[12.5200873, 41.8652537], [12.5200107, 41.8652836], [12.5198011, 41.8653653], [12.519114, 41.8657171], [12.5189873, 41.8657729], [12.5187257, 41.8659064], [12.518021, 41.8662651], [12.5175924, 41.8665056], [12.5172626, 41.8666816], [12.5169941, 41.8667929], [12.5167046, 41.8668696], [12.5164213, 41.8669956], [12.5161048, 41.867208], [12.5159092, 41.8673218], [12.5153277, 41.8676587], [12.5148099, 41.8679163], [12.5143744, 41.8681045], [12.5141114, 41.8681763], [12.5139427, 41.8681961], [12.513791, 41.868152], [12.513703, 41.8681084], [12.5134789, 41.8679952], [12.5133213, 41.8679425], [12.5131669, 41.8679354], [12.5127943, 41.868081], [12.5123627, 41.8681167], [12.5121519, 41.8681328], [12.5119455, 41.8681319], [12.511228, 41.8681512], [12.5102318, 41.8681916], [12.5100914, 41.868208], [12.5098391, 41.8683228], [12.5097557, 41.8683752], [12.5094107, 41.8685419], [12.5094652, 41.8686923], [12.5094661, 41.8688168], [12.5094045, 41.8689044], [12.5093194, 41.8689393], [12.5092082, 41.8689652], [12.5090326, 41.8688933], [12.5089287, 41.8687707], [12.5084024, 41.8690684], [12.5081941, 41.8691156], [12.5079907, 41.8691198], [12.5078681, 41.8691223], [12.5075873, 41.8691897], [12.5067101, 41.8693146], [12.5061649, 41.8693436], [12.5056998, 41.8693916], [12.5052602, 41.8693467], [12.505171, 41.8693203], [12.5051388, 41.8692723], [12.5051169, 41.8691795], [12.5051609, 41.8690143], [12.505198, 41.8688411], [12.5052169, 41.8685626]]}}, {"type": "Feature", "properties": {}, "geometry": {"type": "LineString", "coordinates": [[12.505866, 41.9299276], [12.5059255, 41.9301798], [12.5059866, 41.9305316], [12.5059676, 41.9308749], [12.5058096, 41.9315549], [12.5053315, 41.9328937], [12.5051031, 41.9334427], [12.5050024, 41.9338133], [12.5048737, 41.9342117]]}}, {"type": "Feature", "properties": {}, "geometry": {"type": "LineString", "coordinates": [[12.5048737, 41.9342117], [12.5048653, 41.9343492]]}}, {"type": "Feature", "properties": {}, "geometry": {"type": "Polygon", "coordinates": [[[12.451483, 41.9038501], [12.4514806, 41.9038422], [12.4515024, 41.9038181], [12.4515245, 41.9038071], [12.4515372, 41.9037939], [12.4515444, 41.9037885], [12.4515546, 41.9037882], [12.4515791, 41.9037946], [12.4516124, 41.903807], [12.4516469, 41.9038482], [12.4516554, 41.9038964], [12.451637, 41.9039494], [12.4516117, 41.9039719], [12.4515846, 41.9039578], [12.4515587, 41.9039527], [12.4515441, 41.9039539], [12.4515207, 41.903947], [12.4515022, 41.9039304], [12.4515191, 41.903904], [12.4515161, 41.9038876], [12.4515039, 41.9038632], [12.451483, 41.9038501]]]}}, {"type": "Feature", "properties": {}, "geometry": {"type": "LineString", "coordinates": [[12.3889679, 41.957096], [12.3884308, 41.9569522], [12.3876073, 41.9567684], [12.3874354, 41.9566752], [12.3872635, 41.9564489], [12.3871704, 41.9561054], [12.387063, 41.9557113], [12.3868875, 41.9551415], [12.3867443, 41.954766], [12.386576, 41.9543612], [12.3865152, 41.9540763], [12.3864793, 41.9537195], [12.3863898, 41.9532854], [12.3862967, 41.9530245], [12.3861571, 41.9526383], [12.3859745, 41.9523028], [12.3858098, 41.9521084], [12.3856737, 41.9518421], [12.3854732, 41.950918], [12.3851616, 41.9496717], [12.3848273, 41.9487189], [12.3847585, 41.9481882], [12.3848064, 41.9473417], [12.3848945, 41.9467913], [12.3851144, 41.9460427], [12.3851589, 41.9459119], [12.3854553, 41.9449019], [12.3858047, 41.9438842], [12.3858907, 41.943554], [12.385968, 41.9432621], [12.3860482, 41.9430234], [12.3860544, 41.9429954], [12.3860579, 41.9429613], [12.38606, 41.9429253], [12.3860568, 41.9428913], [12.3860418, 41.9428316], [12.3860346, 41.942784], [12.3860301, 41.9427305], [12.3860282, 41.9425525], [12.3860368, 41.9423246], [12.3860224, 41.9421413], [12.3860285, 41.942099], [12.3860349, 41.9420793], [12.3860453, 41.9420646], [12.3861399, 41.941973], [12.3861807, 41.9419299], [12.3862189, 41.9418829], [12.3862507, 41.941832], [12.3862745, 41.9417791], [12.3863118, 41.941615], [12.3863948, 41.9411591], [12.3864151, 41.9407504], [12.3865134, 41.9405769], [12.3865338, 41.9405043], [12.3865393, 41.9404508], [12.3865094, 41.9403835], [12.3861198, 41.9400702], [12.3856132, 41.9395404], [12.3845726, 41.9383751], [12.3843544, 41.9379631], [12.3841306, 41.9374262], [12.3840075, 41.9372348], [12.3836606, 41.9369018], [12.3832074, 41.9364898], [12.3829109, 41.9363317], [12.3826088, 41.9361902], [12.3824928, 41.9361061], [12.3823747, 41.9359304], [12.3823157, 41.935601], [12.3823009, 41.935374], [12.3821484, 41.9352203], [12.3818532, 41.9349568], [12.38174, 41.9347811], [12.3816102, 41.9345353], [12.381226, 41.9343083], [12.3806471, 41.9341125], [12.380626, 41.933905], [12.3805564, 41.9332894]]}}, {"type": "Feature", "properties": {}, "geometry": {"type": "LineString", "coordinates": [[12.3805564, 41.9332894], [12.380487, 41.9326641], [12.3803765, 41.9319907], [12.3802502, 41.9315522], [12.3801081, 41.9310236], [12.3797007, 41.9295765], [12.3795323, 41.9290001], [12.3795155, 41.9288623], [12.3795407, 41.9286149], [12.3795113, 41.9284206], [12.3794018, 41.9276908], [12.3793482, 41.9272573], [12.3793344, 41.9271457], [12.3792825, 41.9262177], [12.3792488, 41.9256269], [12.3792152, 41.9253615], [12.3792286, 41.9251462], [12.3793767, 41.924991], [12.3797805, 41.9248107], [12.3798667, 41.9247292], [12.3799016, 41.9246305], [12.379886, 41.9244372], [12.3800169, 41.924007], [12.3800126, 41.9237186], [12.3800557, 41.9235488], [12.3800902, 41.92327], [12.3800859, 41.9230296], [12.3801207, 41.9229074], [12.3801462, 41.9228181], [12.3802151, 41.9226611], [12.3804476, 41.9222028], [12.3804735, 41.9220073], [12.3805424, 41.9217125], [12.3805682, 41.9214882], [12.3806285, 41.9212478], [12.3807965, 41.9209915], [12.3809085, 41.9208344], [12.3811626, 41.9205043], [12.3811952, 41.9204414], [12.3812244, 41.9203849], [12.3812433, 41.9203203], [12.3812487, 41.9202576], [12.3812272, 41.9199595], [12.3812574, 41.919716], [12.3814555, 41.9194083], [12.3818173, 41.9189276], [12.3819637, 41.9186328], [12.3819896, 41.9182386], [12.3821489, 41.9179117], [12.382304, 41.9178348], [12.3823587, 41.9178138], [12.3824216, 41.9177821], [12.3824796, 41.9177324], [12.3825193, 41.9176585], [12.3825581, 41.9175079], [12.3826485, 41.9173636], [12.38276, 41.9172637], [12.382799, 41.91721], [12.3828217, 41.9171452], [12.3828306, 41.9170303], [12.3829715, 41.9166522], [12.3830146, 41.9163221], [12.3830321, 41.9162315], [12.3830475, 41.9161873], [12.3830792, 41.916149], [12.383286, 41.9160048], [12.3836176, 41.9158349], [12.3836415, 41.9158162], [12.3836655, 41.9157914], [12.3836972, 41.915738], [12.3837554, 41.9156009], [12.3838095, 41.9153445], [12.3838325, 41.9151875], [12.3838493, 41.9151539]]}}, {"type": "Feature", "properties": {}, "geometry": {"type": "LineString", "coordinates": [[12.3789181, 41.8722841], [12.378916, 41.8721939], [12.378929, 41.8720697], [12.3789819, 41.8719895], [12.3790403, 41.8719439], [12.3791214, 41.8718753], [12.3794076, 41.8716303], [12.3794548, 41.8715436], [12.3794661, 41.8715081], [12.3794879, 41.8714673], [12.3795042, 41.8714173], [12.3795057, 41.8713069], [12.3795264, 41.8710223], [12.3795771, 41.870876], [12.3798708, 41.8701337], [12.3798965, 41.8700856], [12.379933, 41.8700456], [12.3799765, 41.8700107], [12.3800254, 41.8699879], [12.3801645, 41.8699439], [12.3802436, 41.8699139], [12.3803221, 41.8698723], [12.3811797, 41.8692895], [12.3816695, 41.8685136], [12.3825956, 41.8677377], [12.3830587, 41.8669087], [12.383878, 41.8663185], [12.3842699, 41.8663981], [12.3846261, 41.8661659], [12.3850446, 41.8656884]]}}, {"type": "Feature", "properties": {}, "geometry": {"type": "LineString", "coordinates": [[12.3817193, 41.885571], [12.3817939, 41.885235], [12.3817498, 41.8850911], [12.3816345, 41.8849395], [12.3814004, 41.8847071], [12.3813386, 41.8845369]]}}, {"type": "Feature", "properties": {}, "geometry": {"type": "LineString", "coordinates": [[12.381587, 41.8859322], [12.3817193, 41.885571]]}}, {"type": "Feature", "properties": {}, "geometry": {"type": "LineString", "coordinates": [[12.3812979, 41.8835689], [12.3812219, 41.8834275], [12.3811106, 41.8833204], [12.3805705, 41.8830577], [12.3804755, 41.882993], [12.3803807, 41.8828756]]}}, {"type": "Feature", "properties": {}, "geometry": {"type": "LineString", "coordinates": [[12.3804973, 41.8870174], [12.3805025, 41.8869905], [12.3805211, 41.8869655], [12.3805477, 41.8869426], [12.3805851, 41.8869256], [12.3813664, 41.8866823]]}}, {"type": "Feature", "properties": {}, "geometry": {"type": "LineString", "coordinates": [[12.3813664, 41.8866823], [12.3814011, 41.8866652], [12.3814304, 41.8866421], [12.3814503, 41.88662], [12.3814648, 41.8865939], [12.3815014, 41.8864884], [12.3815137, 41.8864373], [12.3815204, 41.8863767], [12.3815225, 41.8862732], [12.3815337, 41.8861983]]}}, {"type": "Feature", "properties": {}, "geometry": {"type": "Polygon", "coordinates": [[[12.4824682, 41.9381342], [12.4824563, 41.938118], [12.4824532, 41.9380975], [12.4824628, 41.9380776], [12.4824783, 41.9380593], [12.482501, 41.9380328], [12.4825276, 41.9380137], [12.4827468, 41.9379511], [12.4829354, 41.937877], [12.4830024, 41.9378196], [12.4830528, 41.9377498], [12.4830862, 41.9376808], [12.4830934, 41.9375999], [12.4830641, 41.937509], [12.4830012, 41.9374226], [12.4829298, 41.9373504], [12.4828301, 41.9372921], [12.4826722, 41.9372537], [12.4824529, 41.9372562], [12.4822581, 41.9373252], [12.4820449, 41.9374063], [12.4818344, 41.9374258], [12.481637, 41.9374617], [12.4814984, 41.9375122], [12.4814155, 41.9375843], [12.4813523, 41.9376652], [12.4813154, 41.9377591], [12.4812962, 41.9378518], [12.4812929, 41.9379877], [12.4813204, 41.9381352], [12.4815188, 41.9385306], [12.4816708, 41.9387303], [12.4818256, 41.9388257], [12.4820142, 41.9388453], [12.4821168, 41.9388499], [12.4822254, 41.9388106], [12.4823245, 41.9387548], [12.4824097, 41.9386862], [12.4825161, 41.9385676], [12.4825932, 41.9384318], [12.4826259, 41.9383636], [12.4826388, 41.9383305], [12.4826443, 41.9383103], [12.482646, 41.9382864], [12.4826366, 41.9382624], [12.4826129, 41.9382401], [12.4825831, 41.9382164], [12.4825509, 41.9381934], [12.4824682, 41.9381342]]]}}, {"type": "Feature", "properties": {}, "geometry": {"type": "Polygon", "coordinates": [[[12.452836, 41.9054102], [12.4528185, 41.9054049], [12.4528052, 41.9053965], [12.4527958, 41.9053856], [12.4527911, 41.9053731], [12.4527916, 41.9053602], [12.4527973, 41.9053479], [12.4528075, 41.9053374], [12.4528215, 41.9053296], [12.4528379, 41.9053253], [12.4528553, 41.9053247], [12.4528736, 41.9053285], [12.4528892, 41.9053364], [12.4529006, 41.9053476], [12.4529066, 41.905361], [12.4529066, 41.9053751], [12.4529004, 41.9053884], [12.4528889, 41.9053996], [12.4528732, 41.9054074], [12.4528549, 41.9054111], [12.452836, 41.9054102]]]}}, {"type": "Feature", "properties": {}, "geometry": {"type": "Polygon", "coordinates": [[[12.4731299, 41.8990292], [12.4731155, 41.8990343], [12.4730992, 41.8990379], [12.4730889, 41.8990385], [12.473079, 41.8990384], [12.4730653, 41.8990372], [12.4730558, 41.8990353], [12.4730465, 41.8990325], [12.4730339, 41.8990261], [12.4730232, 41.8990197], [12.4730131, 41.8990117], [12.4730028, 41.8989989], [12.4729936, 41.8989812], [12.4729894, 41.8989632], [12.4729887, 41.8989473], [12.4729907, 41.8989334], [12.472997, 41.898917], [12.47301, 41.8988998], [12.4730214, 41.8988908], [12.4730357, 41.8988825], [12.4730532, 41.8988746], [12.4730729, 41.8988699], [12.4730854, 41.8988687], [12.4731002, 41.8988697], [12.4731168, 41.8988715], [12.4731323, 41.8988759], [12.4731476, 41.8988838], [12.4731566, 41.8988912], [12.4731644, 41.8988982], [12.4731716, 41.8989079], [12.473176, 41.8989176], [12.4731797, 41.8989319], [12.4731811, 41.8989437], [12.4731803, 41.8989586], [12.4731791, 41.8989689], [12.4731767, 41.8989799], [12.4731691, 41.8989951], [12.473157, 41.8990097], [12.4731459, 41.89902], [12.4731299, 41.8990292]]]}}, {"type": "Feature", "properties": {}, "geometry": {"type": "LineString", "coordinates": [[12.4073572, 41.958057], [12.4075455, 41.9567823], [12.4075889, 41.9560726], [12.4076227, 41.9555463], [12.4076372, 41.9547206], [12.4075938, 41.9544889], [12.4073765, 41.9537501], [12.4069419, 41.9526444], [12.4063867, 41.9516063], [12.4057252, 41.9504524], [12.4053583, 41.949984], [12.4049285, 41.9493998], [12.4044264, 41.9489025], [12.4043346, 41.9488059], [12.4034752, 41.9472995], [12.4025723, 41.9459089], [12.4022923, 41.9456144], [12.4019929, 41.945373], [12.4015245, 41.9449674], [12.4010997, 41.9446052], [12.4009451, 41.9443831], [12.400723, 41.9440017], [12.4005009, 41.9436492], [12.4002547, 41.9432195], [12.4001292, 41.9427801], [12.399936, 41.9421524], [12.3997767, 41.9416696], [12.3995739, 41.941124], [12.3995498, 41.9404239], [12.3994918, 41.940168], [12.399347, 41.9394534], [12.3992021, 41.9388305], [12.3989607, 41.9386422], [12.397657, 41.9377635], [12.3965418, 41.9370069], [12.3954602, 41.9362537], [12.3952526, 41.9360412], [12.3947215, 41.9354667], [12.3938751, 41.9346472], [12.3931605, 41.9339567], [12.3929556, 41.9338072], [12.3926164, 41.9336729], [12.3922572, 41.9335497], [12.3910843, 41.9331359], [12.390616, 41.933049], [12.3898917, 41.933107], [12.3894282, 41.9330442], [12.3886315, 41.9329766], [12.3872748, 41.93288], [12.386734, 41.9328317], [12.3866325, 41.932815], [12.3865336, 41.9327942], [12.3864455, 41.9327725], [12.3863574, 41.9327448], [12.38558, 41.9324358], [12.3850151, 41.9321171], [12.3845805, 41.931644], [12.3831272, 41.9302341], [12.3824931, 41.9297613], [12.3824017, 41.9296396]]}}, {"type": "Feature", "properties": {}, "geometry": {"type": "LineString", "coordinates": [[12.3751754, 41.7896892], [12.3751692, 41.7897706], [12.375177, 41.7898345], [12.3751692, 41.7898775], [12.3751186, 41.7899673], [12.3749695, 41.7903285], [12.3744888, 41.7916987], [12.3743219, 41.7922028], [12.3742185, 41.7926802], [12.373666, 41.7976494], [12.3736632, 41.7978097], [12.3737115, 41.7979394], [12.3743379, 41.7991771], [12.3743619, 41.7993554], [12.3744357, 41.799482]]}}, {"type": "Feature", "properties": {}, "geometry": {"type": "LineString", "coordinates": [[12.4001024, 41.9812241], [12.4000508, 41.9810945], [12.4002329, 41.9807667], [12.4004311, 41.980546], [12.4004404, 41.9800026], [12.3996434, 41.9787793], [12.3992205, 41.9780437], [12.3982662, 41.9764576], [12.3978406, 41.9757703], [12.3969812, 41.9744784], [12.3968252, 41.9743294], [12.3963911, 41.9739112], [12.3953649, 41.9728277], [12.3953297, 41.9727894], [12.3952126, 41.9726622], [12.394942, 41.9723682], [12.3946357, 41.9720638], [12.3941395, 41.9715237], [12.3937627, 41.971181], [12.3936353, 41.9709492], [12.3934618, 41.9707094], [12.3932964, 41.9705945], [12.3931392, 41.9704897], [12.3926376, 41.9698688], [12.3922283, 41.9694536], [12.392071, 41.9692541], [12.3916156, 41.9688086], [12.3914665, 41.9686897], [12.390664, 41.9679277], [12.3903414, 41.9676597], [12.3901353, 41.9674541], [12.3900215, 41.9672565], [12.3897775, 41.966936], [12.3895552, 41.9666578], [12.3893464, 41.966299], [12.3892136, 41.9661519], [12.3890753, 41.966033], [12.3888368, 41.9657427], [12.3885684, 41.9654504], [12.3884057, 41.9651823], [12.3882783, 41.9649283], [12.3880695, 41.9648074], [12.38769, 41.9646259], [12.3873755, 41.9644143], [12.3870936, 41.9641865], [12.3869526, 41.9640917], [12.3866706, 41.9639789], [12.3863833, 41.9638801], [12.3856269, 41.9634588], [12.3847323, 41.9629911], [12.3844069, 41.9628399], [12.3840789, 41.9626746], [12.3839677, 41.9625214], [12.3837969, 41.962346], [12.3837114, 41.9622957], [12.3836072, 41.9622593], [12.3835055, 41.9622372], [12.3833903, 41.9622251], [12.3831815, 41.9622271], [12.3828318, 41.9622351], [12.3823005, 41.9621908], [12.381247, 41.9619784], [12.3805952, 41.9618783], [12.3798958, 41.9617675], [12.378627, 41.9615235], [12.3778679, 41.9614147], [12.3774343, 41.9613213], [12.3770817, 41.9612453], [12.3766317, 41.9611687], [12.3763253, 41.9611486], [12.3757994, 41.9611889], [12.3754903, 41.9612373], [12.3749237, 41.9612413], [12.3739559, 41.9612191], [12.3734669, 41.9611816], [12.3732234, 41.9611629], [12.3729268, 41.9611402], [12.3726045, 41.9611155], [12.3724725, 41.9610875], [12.3721347, 41.9609823], [12.3717929, 41.9607837], [12.3713686, 41.960366], [12.3708815, 41.9598314], [12.3702883, 41.9592384], [12.3699584, 41.9589989], [12.3694988, 41.9587623], [12.3691413, 41.9586162], [12.3687799, 41.9584], [12.368497, 41.9580582], [12.368281, 41.9575178], [12.3681396, 41.9569891], [12.3679746, 41.9562412], [12.367951, 41.9559666], [12.3678214, 41.9555313], [12.3677467, 41.9554057], [12.3674875, 41.9551545], [12.36713, 41.954839], [12.3669414, 41.9546199], [12.3669218, 41.9543599], [12.3668393, 41.9540385], [12.3668079, 41.9537259], [12.3668511, 41.9534162], [12.3667686, 41.9531708], [12.3668, 41.9520782], [12.3668354, 41.9512339], [12.3668432, 41.9510089], [12.3667254, 41.9500068], [12.3667411, 41.9495978], [12.3667963, 41.9492235], [12.3669682, 41.9482603], [12.3670296, 41.9475983], [12.3670234, 41.9467264], [12.3670418, 41.9457996], [12.3669682, 41.9454983], [12.366688, 41.9449907], [12.3663804, 41.944219], [12.3663198, 41.9441098], [12.3662485, 41.9440026], [12.3661485, 41.9438993], [12.3660684, 41.9438259], [12.3653747, 41.9432881], [12.3641834, 41.9423413], [12.36379, 41.9419397], [12.363558, 41.9417073], [12.3633327, 41.9415253], [12.3632139, 41.9414127], [12.3631743, 41.9413665], [12.3631162, 41.9412985], [12.3629704, 41.9409071], [12.3627642, 41.9405844], [12.3623122, 41.9399072], [12.362277, 41.9398544], [12.3621668, 41.939611], [12.3620814, 41.9393307], [12.3619986, 41.9389907], [12.3618671, 41.9387487], [12.3616914, 41.9384835], [12.3612545, 41.9381025], [12.3607123, 41.9377141], [12.3601449, 41.9373929], [12.3595473, 41.9370791], [12.358995, 41.9369372], [12.3579406, 41.9366271], [12.3574987, 41.9364815], [12.3570367, 41.9361901], [12.3568409, 41.9359959], [12.3566752, 41.9356597], [12.3563388, 41.9348977], [12.3561831, 41.9342702], [12.3560576, 41.9336688], [12.3559522, 41.9331832], [12.3559271, 41.9328022], [12.3560225, 41.9325183], [12.3561229, 41.9321933], [12.3561229, 41.9320178], [12.3560074, 41.9316853], [12.3559201, 41.9314581], [12.3555555, 41.9305086], [12.3554099, 41.9301575], [12.3552643, 41.9299483], [12.3550232, 41.9297839], [12.3544006, 41.9293394], [12.3543655, 41.9292647], [12.3543002, 41.9289397], [12.3542198, 41.9286259], [12.3541663, 41.928558], [12.3540491, 41.9284092], [12.3540035, 41.9283729], [12.3539431, 41.9283473], [12.3538935, 41.9283307], [12.3535269, 41.9282747], [12.3531404, 41.9282227]]}}, {"type": "Feature", "properties": {}, "geometry": {"type": "LineString", "coordinates": [[12.5614012, 41.9908216], [12.5613405, 41.9907834], [12.5612771, 41.9907531], [12.5612047, 41.9907571], [12.5611296, 41.990769], [12.5608667, 41.9908847], [12.5604215, 41.9910641], [12.5600728, 41.9911997], [12.5598904, 41.9912515], [12.5595524, 41.9913193], [12.5592869, 41.9913651], [12.5590267, 41.991411], [12.5584474, 41.9914548], [12.5581309, 41.991407], [12.5577822, 41.9912475], [12.5573959, 41.9911478], [12.5568863, 41.9910481], [12.5565591, 41.9909604], [12.5562104, 41.9908528], [12.5560226, 41.9908009], [12.5557544, 41.990773], [12.5555398, 41.990785], [12.5553807, 41.9907753], [12.5552618, 41.9907735], [12.5551536, 41.9907805], [12.5548551, 41.9908082], [12.5547529, 41.9908056], [12.5546717, 41.9907947], [12.5545814, 41.9907726], [12.5544621, 41.99075], [12.5543407, 41.9907368], [12.553768, 41.9906989], [12.5525106, 41.990605], [12.5519855, 41.9905658], [12.5512914, 41.9905458], [12.5511659, 41.9905125], [12.5509555, 41.9905924], [12.5508838, 41.9907189], [12.5507942, 41.9908188], [12.5502523, 41.9909619], [12.5498537, 41.9910451], [12.5494372, 41.9911716], [12.549258, 41.9912415], [12.549052, 41.9913347], [12.5489513, 41.9913813], [12.5488553, 41.9914126], [12.5487754, 41.9914279], [12.5486086, 41.9914412], [12.5480578, 41.9914546], [12.5478652, 41.9914412], [12.5477609, 41.9914246], [12.5476726, 41.991388], [12.5473725, 41.9911416], [12.5472153, 41.9910734], [12.5470366, 41.9910251], [12.5468557, 41.9909869], [12.5466694, 41.9909686], [12.546114, 41.9909586], [12.546039, 41.9909494], [12.5441613, 41.9903461], [12.5432387, 41.9899266], [12.5431426, 41.989892], [12.5429342, 41.9898168], [12.5427506, 41.9897236], [12.5425445, 41.9896304], [12.542352, 41.9895671], [12.5422176, 41.9894839], [12.5421594, 41.9893108], [12.5420788, 41.989161], [12.5420116, 41.9890378], [12.5418548, 41.9888048], [12.5416712, 41.9886051], [12.5415727, 41.988402], [12.5413353, 41.9882189], [12.5410397, 41.9878994], [12.5403875, 41.9873237], [12.539909, 41.9869013], [12.5394759, 41.9867341], [12.5389595, 41.9865515], [12.5385888, 41.9864493], [12.5383181, 41.9864246], [12.5378895, 41.9863294], [12.53773, 41.9863247], [12.5375361, 41.9863015], [12.5373328, 41.9862411], [12.5371764, 41.986162], [12.53707, 41.9861225], [12.536948, 41.9861085], [12.5366196, 41.9861062], [12.5364101, 41.9861202], [12.536238, 41.9861178], [12.5359628, 41.9860923], [12.5358095, 41.9860806], [12.5356281, 41.986069], [12.5355405, 41.9860853], [12.5353497, 41.9861341], [12.5352277, 41.9861504], [12.5350432, 41.986176], [12.5348649, 41.9861736], [12.5347867, 41.9861806], [12.5345052, 41.9861411], [12.5343926, 41.9861411], [12.5343144, 41.9861481], [12.53423, 41.9861388], [12.5341111, 41.9861225], [12.5338953, 41.9861155], [12.5337921, 41.9861271], [12.5335231, 41.986176], [12.533326, 41.9862132], [12.5330539, 41.9862248], [12.5326535, 41.9861899], [12.5321374, 41.986155], [12.5319122, 41.9861132], [12.5317527, 41.9860946], [12.5315932, 41.9860946], [12.5314962, 41.9861225], [12.5313899, 41.9861388], [12.531318, 41.9861202], [12.5309958, 41.9861109], [12.530902, 41.9861295], [12.5308331, 41.9861295], [12.5307487, 41.9861085], [12.5304734, 41.9860899], [12.5303483, 41.9860853], [12.5302764, 41.9860737], [12.5302076, 41.9860272], [12.5301356, 41.9860109], [12.52941, 41.9860179], [12.5292536, 41.9860155], [12.5290909, 41.985976], [12.5288845, 41.985883], [12.5287375, 41.9858156], [12.5286374, 41.9857923], [12.528431, 41.9858109], [12.5283246, 41.9858667], [12.5282339, 41.9859086], [12.528162, 41.9859179], [12.5280556, 41.9859597], [12.5279837, 41.9860225], [12.5278961, 41.9860783], [12.5275051, 41.9862155], [12.5270758, 41.986376], [12.5270007, 41.9864061], [12.5269348, 41.9864347], [12.5268743, 41.9864634], [12.526817, 41.9864852], [12.5267514, 41.9865049], [12.526683, 41.9865207], [12.5265937, 41.9865335], [12.5262978, 41.9865619], [12.5262326, 41.9865733], [12.5261673, 41.9865888], [12.5260979, 41.986616], [12.5259006, 41.9867037], [12.5258255, 41.9867595], [12.5257348, 41.986799], [12.5256097, 41.9868293], [12.525544, 41.9868269], [12.5251906, 41.9869478], [12.5239707, 41.9873989], [12.5230438, 41.987691], [12.522873, 41.987742], [12.5227599, 41.9877749], [12.5226187, 41.9878137], [12.5225262, 41.9878428], [12.5224506, 41.987872], [12.522371, 41.987908], [12.5222973, 41.9879464], [12.5222316, 41.9879847], [12.5221503, 41.9880277], [12.5221056, 41.9880472], [12.522053, 41.9880667], [12.5219993, 41.9880809], [12.5219377, 41.9880952], [12.521872, 41.9881074], [12.521809, 41.9881206], [12.5217508, 41.9881341], [12.5216953, 41.9881487], [12.5216391, 41.9881662], [12.5215749, 41.9881876], [12.5215366, 41.9882051], [12.5214904, 41.9882265], [12.5213965, 41.9882753], [12.5213095, 41.9883255], [12.5212634, 41.9883474], [12.5211979, 41.988373], [12.5211244, 41.9883925], [12.5210556, 41.9884031], [12.5209868, 41.9884078], [12.5209368, 41.9884067], [12.5208854, 41.9884124], [12.5208398, 41.9884253], [12.5207848, 41.988444], [12.5207232, 41.9884599], [12.5204675, 41.9885148], [12.5200109, 41.9886055], [12.5198836, 41.9886361], [12.5198156, 41.9886543], [12.5197455, 41.988677], [12.5196043, 41.9887287], [12.5194595, 41.9887784], [12.5193748, 41.9888041], [12.5192866, 41.9888271], [12.519171, 41.9888516], [12.5191013, 41.9888645], [12.5188318, 41.9889041], [12.5181888, 41.9890156], [12.5180122, 41.989075], [12.5179372, 41.9891109], [12.5179038, 41.9891296], [12.5178692, 41.9891516], [12.5178396, 41.9891748], [12.517809, 41.9892013], [12.5177824, 41.9892286], [12.5177521, 41.9892567], [12.5177249, 41.9892787], [12.5176941, 41.9893016], [12.5176832, 41.9893087], [12.5176672, 41.9893178], [12.5176488, 41.9893264], [12.5176335, 41.989333], [12.5176158, 41.9893392], [12.5176038, 41.9893426], [12.5175125, 41.9893647], [12.5174176, 41.9893883], [12.5173306, 41.9894123], [12.517286, 41.9894288], [12.517216, 41.9894613], [12.517163, 41.9894948], [12.517126, 41.9895282], [12.5170884, 41.9895816], [12.5170694, 41.9896371], [12.5170493, 41.9898493], [12.5170417, 41.9898841], [12.5170286, 41.9899229], [12.5170114, 41.9899601], [12.5169889, 41.9900012], [12.5169694, 41.9900308], [12.5169188, 41.9900876], [12.5168562, 41.9901447], [12.5164897, 41.990432], [12.5163946, 41.9904935], [12.5163506, 41.9905284], [12.5163065, 41.9905707], [12.5162467, 41.990647], [12.5161599, 41.9907687], [12.5160599, 41.9909817], [12.5160282, 41.9911248], [12.5160226, 41.991141], [12.5160145, 41.9911576]]}}, {"type": "Feature", "properties": {}, "geometry": {"type": "Polygon", "coordinates": [[[12.488246, 41.838601], [12.488358, 41.838727], [12.4883146, 41.838739], [12.4882826, 41.8387373], [12.4882506, 41.8387287], [12.4882277, 41.8387111], [12.4882079, 41.8386867], [12.4882033, 41.8386639], [12.4882073, 41.8386416], [12.4882177, 41.8386175], [12.488246, 41.838601]]]}}, {"type": "Feature", "properties": {}, "geometry": {"type": "Polygon", "coordinates": [[[12.3659976, 41.8787666], [12.365925, 41.8787726], [12.3658241, 41.8788086], [12.3655094, 41.8793314], [12.3655377, 41.8794215], [12.3656748, 41.8795116], [12.3658282, 41.8796588], [12.365921, 41.8797459], [12.3660743, 41.8797249], [12.3664697, 41.8797279], [12.3665827, 41.8797039], [12.3666069, 41.8796378], [12.3665988, 41.8795927], [12.3659452, 41.8792412], [12.3659169, 41.8791631], [12.3660783, 41.8788777], [12.3660743, 41.8787966], [12.3659976, 41.8787666]]]}}, {"type": "Feature", "properties": {}, "geometry": {"type": "Polygon", "coordinates": [[[12.4775839, 41.8938072], [12.4775584, 41.8938093], [12.4775441, 41.8938219], [12.4775496, 41.8938484], [12.477569, 41.893858], [12.4775947, 41.8938559], [12.4776061, 41.8938446], [12.4776008, 41.8938173], [12.4775839, 41.8938072]]]}}, {"type": "Feature", "properties": {}, "geometry": {"type": "LineString", "coordinates": [[12.6017258, 41.8106118], [12.6016454, 41.8107238], [12.6015327, 41.8108358], [12.6013986, 41.8109597], [12.6013131, 41.8110677], [12.6011843, 41.8111676], [12.6010502, 41.8112996], [12.6009429, 41.8113915], [12.6007712, 41.8114955], [12.6005298, 41.8116074], [12.6003314, 41.8116834], [12.6002884, 41.8117394], [12.6002026, 41.8118913], [12.600047, 41.8120912], [12.5998915, 41.8122152], [12.5998003, 41.8122791], [12.5996984, 41.8123631], [12.5996286, 41.8124631], [12.5994409, 41.812587], [12.599355, 41.812675], [12.5992531, 41.8128789], [12.599119, 41.8130388], [12.5990546, 41.8131508], [12.5989205, 41.8132747], [12.5988025, 41.8134107], [12.5985933, 41.8135626], [12.5983894, 41.8137025], [12.5982392, 41.8138265], [12.598148, 41.8139304], [12.5979925, 41.8140464], [12.597853, 41.8141463], [12.5977028, 41.8142063]]}}, {"type": "Feature", "properties": {}, "geometry": {"type": "Polygon", "coordinates": [[[12.5091307, 41.8802802], [12.5091205, 41.8802729], [12.5091163, 41.8802612], [12.5091204, 41.8802509], [12.5091321, 41.8802429], [12.5091511, 41.8802413], [12.5091646, 41.8802469], [12.5091727, 41.8802592], [12.509169, 41.8802725], [12.5091563, 41.880281], [12.5091459, 41.8802829], [12.5091307, 41.8802802]]]}}, {"type": "Feature", "properties": {}, "geometry": {"type": "LineString", "coordinates": [[12.4549526, 41.9745567], [12.4561845, 41.975236]]}}, {"type": "Feature", "properties": {}, "geometry": {"type": "LineString", "coordinates": [[12.4534143, 41.9755986], [12.4539552, 41.9759074], [12.4545057, 41.9762083]]}}, {"type": "Feature", "properties": {}, "geometry": {"type": "Polygon", "coordinates": [[[12.4742093, 41.9661703], [12.4741508, 41.9662307], [12.4741345, 41.9662718], [12.4741096, 41.9662815], [12.474102, 41.9663056], [12.4741432, 41.9663177], [12.4742721, 41.966304], [12.4742948, 41.9662726], [12.4742894, 41.9662291], [12.4742721, 41.9662033], [12.474232, 41.9661767], [12.4742093, 41.9661703]]]}}, {"type": "Feature", "properties": {}, "geometry": {"type": "LineString", "coordinates": [[12.4841584, 41.9535441], [12.4844208, 41.9535926], [12.4846262, 41.9536166]]}}, {"type": "Feature", "properties": {}, "geometry": {"type": "Polygon", "coordinates": [[[12.4676016, 41.9687268], [12.4675839, 41.9687255], [12.467496, 41.9687834], [12.4674836, 41.9688036], [12.4674842, 41.9688158], [12.4677737, 41.9690495], [12.467792, 41.9690539], [12.4678132, 41.9690517], [12.4678227, 41.9690429], [12.4678445, 41.9689267], [12.4678398, 41.9689088], [12.4676016, 41.9687268]]]}}, {"type": "Feature", "properties": {}, "geometry": {"type": "LineString", "coordinates": [[12.4847902, 41.953627], [12.4849598, 41.9536401], [12.4850568, 41.9536213], [12.4851457, 41.9535872], [12.4852112, 41.9535369], [12.4853011, 41.9534949], [12.4855587, 41.9534575], [12.4857476, 41.9534486], [12.4859471, 41.9534881], [12.4861033, 41.9534998], [12.486295, 41.9534901]]}}, {"type": "Feature", "properties": {}, "geometry": {"type": "LineString", "coordinates": [[12.4848284, 41.9543425], [12.485255, 41.9542635], [12.485707, 41.9541269], [12.48603, 41.953978], [12.486142, 41.9538977], [12.4862003, 41.9538153], [12.486295, 41.9534901]]}}, {"type": "Feature", "properties": {}, "geometry": {"type": "LineString", "coordinates": [[12.4841353, 41.9544955], [12.4848284, 41.9543425]]}}, {"type": "Feature", "properties": {}, "geometry": {"type": "Polygon", "coordinates": [[[12.4661825, 41.9522174], [12.4661638, 41.9522823], [12.466103, 41.9523345], [12.4659703, 41.9523761], [12.465853, 41.9523613], [12.4657486, 41.9522908], [12.4656214, 41.9522515], [12.4655322, 41.9522029], [12.4654895, 41.9521343], [12.4655348, 41.9520484], [12.4656481, 41.9519681], [12.4658352, 41.9519651], [12.4659845, 41.9519722], [12.466293, 41.9521011], [12.4663228, 41.9521358], [12.4663215, 41.9521784], [12.4662597, 41.9522056], [12.4661825, 41.9522174]]]}}, {"type": "Feature", "properties": {}, "geometry": {"type": "LineString", "coordinates": [[12.468968, 41.969756], [12.4684541, 41.9696786], [12.4683545, 41.9696474], [12.4683047, 41.9696247], [12.4682368, 41.9695683], [12.4682062, 41.9695086], [12.4681796, 41.9694324]]}}, {"type": "Feature", "properties": {}, "geometry": {"type": "LineString", "coordinates": [[12.4663634, 41.971774], [12.4662445, 41.9717021], [12.466131, 41.9716049], [12.4660853, 41.9715608], [12.466031, 41.9715306], [12.4655013, 41.9710654]]}}, {"type": "Feature", "properties": {}, "geometry": {"type": "LineString", "coordinates": [[12.4597682, 41.9660152], [12.4612019, 41.9667344], [12.463012, 41.967731], [12.4638964, 41.9681934], [12.4643398, 41.9683799], [12.4644629, 41.9684733], [12.4648913, 41.9688124], [12.46566, 41.9694259], [12.4661591, 41.9698243], [12.4665045, 41.9701634], [12.4665707, 41.9702978]]}}, {"type": "Feature", "properties": {}, "geometry": {"type": "Polygon", "coordinates": [[[12.4491126, 41.9049379], [12.4491058, 41.9049316], [12.4491022, 41.9049259], [12.4491003, 41.9049194], [12.4491006, 41.9049117], [12.4491076, 41.9048989], [12.4491139, 41.9048938], [12.4491223, 41.9048896], [12.4491322, 41.9048871], [12.4491424, 41.9048866], [12.4491522, 41.9048879], [12.4491665, 41.9048939], [12.4491735, 41.9048999], [12.4491794, 41.904911], [12.4491793, 41.9049221], [12.4491743, 41.9049317], [12.4491644, 41.9049399], [12.449154, 41.9049442], [12.4491448, 41.9049458], [12.4491367, 41.9049459], [12.4491249, 41.9049438], [12.4491126, 41.9049379]]]}}, {"type": "Feature", "properties": {}, "geometry": {"type": "Polygon", "coordinates": [[[12.4865104, 41.9184283], [12.4865197, 41.9184373], [12.4865747, 41.9184004], [12.4866659, 41.9184582], [12.486686, 41.9184433], [12.486686, 41.9184183], [12.486686, 41.9183914], [12.4866914, 41.9183744], [12.4867048, 41.9183684], [12.4866807, 41.9183435], [12.4866217, 41.9183255], [12.4865533, 41.9183245], [12.486509, 41.9183425], [12.4865104, 41.9183594], [12.4865305, 41.9183714], [12.4865466, 41.9183764], [12.4865104, 41.9184283]]]}}, {"type": "Feature", "properties": {}, "geometry": {"type": "Polygon", "coordinates": [[[12.4864406, 41.9184523], [12.4864058, 41.9184632], [12.4863816, 41.9184802], [12.4863508, 41.9184872], [12.4863105, 41.9184842], [12.4863105, 41.9184672], [12.4863374, 41.9184543], [12.486336, 41.9184293], [12.4863494, 41.9184024], [12.486391, 41.9183934], [12.4864151, 41.9183924], [12.4864621, 41.9184203], [12.4864406, 41.9184523]]]}}, {"type": "Feature", "properties": {}, "geometry": {"type": "Polygon", "coordinates": [[[12.4876416, 41.9184808], [12.4876102, 41.9184452], [12.4876086, 41.9183961], [12.4876597, 41.9183544], [12.4877389, 41.9183065], [12.4877884, 41.9183114], [12.4878626, 41.9183446], [12.4879418, 41.918336], [12.4879517, 41.9183139], [12.4879121, 41.9182844], [12.487861, 41.9182513], [12.4878198, 41.9182157], [12.4878099, 41.9181715], [12.487828, 41.9181359], [12.4878907, 41.9181236], [12.4879319, 41.9181457], [12.4880326, 41.9181433], [12.48812, 41.9181469], [12.4881745, 41.9181678], [12.4882602, 41.9181703], [12.4883328, 41.9181887], [12.4884137, 41.9181997], [12.4884384, 41.9182316], [12.4884038, 41.918255], [12.4883444, 41.9182709], [12.4883015, 41.9183004], [12.4882619, 41.9183299], [12.4882206, 41.9183421], [12.4882256, 41.9183704], [12.4882322, 41.9183998], [12.4882173, 41.9184452], [12.4881745, 41.9184661], [12.488125, 41.9184624], [12.488092, 41.9184317], [12.4880474, 41.9184538], [12.4880293, 41.9184759], [12.4879963, 41.9184882], [12.4879253, 41.9185005], [12.4878841, 41.9185201], [12.4878709, 41.9185299], [12.4878231, 41.9185287], [12.4878033, 41.9185005], [12.487762, 41.918498], [12.4877224, 41.9185042], [12.4876779, 41.9184931], [12.4876416, 41.9184808]]]}}, {"type": "Feature", "properties": {}, "geometry": {"type": "Polygon", "coordinates": [[[12.4871219, 41.9187325], [12.4870724, 41.9187153], [12.4870658, 41.9186711], [12.487051, 41.9186269], [12.4870246, 41.9185913], [12.4870114, 41.9185496], [12.4870361, 41.9185263], [12.4870576, 41.9185545], [12.4871137, 41.918552], [12.4871351, 41.9185385], [12.4871879, 41.918552], [12.4872522, 41.918541], [12.4873017, 41.9185189], [12.4873116, 41.9185029], [12.4873017, 41.918471], [12.4873397, 41.9184563], [12.4873661, 41.9184931], [12.4873743, 41.9185324], [12.4873859, 41.9185606], [12.4874156, 41.9185864], [12.4874535, 41.9186085], [12.4874931, 41.9186048], [12.4875525, 41.918595], [12.4875706, 41.9186318], [12.4875113, 41.918676], [12.4873826, 41.9187092], [12.4873463, 41.9186883], [12.4872968, 41.9186932], [12.4872407, 41.9186932], [12.4872044, 41.9186785], [12.4871714, 41.9186809], [12.4871566, 41.9187043], [12.4871549, 41.9187288], [12.4871219, 41.9187325]]]}}, {"type": "Feature", "properties": {}, "geometry": {"type": "Polygon", "coordinates": [[[12.4524475, 41.9228207], [12.4524602, 41.9228216], [12.452472, 41.9228179], [12.4524802, 41.9228107], [12.4524829, 41.9228014], [12.4524795, 41.9227922], [12.4524707, 41.9227853], [12.4524587, 41.9227822], [12.452446, 41.9227836], [12.4524358, 41.9227892], [12.4524301, 41.9227978], [12.4524305, 41.9228073], [12.4524368, 41.9228155], [12.4524475, 41.9228207]]]}}, {"type": "Feature", "properties": {}, "geometry": {"type": "LineString", "coordinates": [[12.4964496, 41.9632349], [12.4966979, 41.9638044], [12.4967568, 41.9638325], [12.4968746, 41.9638325], [12.5010239, 41.9628688]]}}, {"type": "Feature", "properties": {}, "geometry": {"type": "Polygon", "coordinates": [[[12.4989524, 41.9621286], [12.4990089, 41.9622015], [12.499093, 41.9622578], [12.4991964, 41.9622921], [12.4993089, 41.9623009], [12.4994313, 41.9622799], [12.4995367, 41.9622291], [12.4996123, 41.9621545], [12.4996491, 41.9620652], [12.4996426, 41.9619719], [12.4995936, 41.9618859], [12.499508, 41.9618176], [12.4993961, 41.9617751], [12.4992714, 41.9617637], [12.4991607, 41.9617811], [12.4990626, 41.9618232], [12.4989869, 41.9618857], [12.4989408, 41.9619625], [12.4989289, 41.9620462], [12.4989524, 41.9621286]]]}}, {"type": "Feature", "properties": {}, "geometry": {"type": "Polygon", "coordinates": [[[12.497139, 41.9645206], [12.4972246, 41.964589], [12.4973365, 41.9646314], [12.4974612, 41.9646428], [12.4975719, 41.9646254], [12.4976699, 41.9645834], [12.4977457, 41.9645209], [12.4977918, 41.964444], [12.4978037, 41.9643603], [12.4977802, 41.964278], [12.4977237, 41.9642051], [12.4976396, 41.9641488], [12.4975362, 41.9641145], [12.4974237, 41.9641057], [12.4973013, 41.9641267], [12.4971959, 41.9641775], [12.4971203, 41.964252], [12.4970835, 41.9643414], [12.49709, 41.9644346], [12.497139, 41.9645206]]]}}, {"type": "Feature", "properties": {}, "geometry": {"type": "Polygon", "coordinates": [[[12.4992694, 41.9628778], [12.499355, 41.9629462], [12.4994669, 41.9629886], [12.4995916, 41.9630001], [12.4997023, 41.9629826], [12.4998004, 41.9629406], [12.4998761, 41.9628781], [12.4999222, 41.9628012], [12.4999341, 41.9627175], [12.4999106, 41.9626352], [12.4998541, 41.9625623], [12.49977, 41.962506], [12.4996666, 41.9624717], [12.4995541, 41.9624629], [12.4994317, 41.9624838], [12.4993263, 41.9625347], [12.4992507, 41.9626092], [12.4992139, 41.9626986], [12.4992204, 41.9627918], [12.4992694, 41.9628778]]]}}, {"type": "Feature", "properties": {}, "geometry": {"type": "Polygon", "coordinates": [[[12.495428, 41.9629402], [12.4954845, 41.9630131], [12.4955686, 41.9630694], [12.495672, 41.9631037], [12.4957845, 41.9631125], [12.4959069, 41.9630916], [12.4960123, 41.9630407], [12.4960879, 41.9629661], [12.4961247, 41.9628768], [12.4961182, 41.9627836], [12.4960692, 41.9626976], [12.4959836, 41.9626292], [12.4958717, 41.9625868], [12.495747, 41.9625753], [12.4956363, 41.9625928], [12.4955382, 41.9626348], [12.4954625, 41.9626973], [12.4954164, 41.9627742], [12.4954045, 41.9628579], [12.495428, 41.9629402]]]}}, {"type": "Feature", "properties": {}, "geometry": {"type": "Polygon", "coordinates": [[[12.4999781, 41.9645732], [12.5000347, 41.9646461], [12.5001187, 41.9647024], [12.5002221, 41.9647367], [12.5003346, 41.9647455], [12.500457, 41.9647246], [12.5005624, 41.9646738], [12.5006381, 41.9645992], [12.5006749, 41.9645099], [12.5006684, 41.9644166], [12.5006194, 41.9643306], [12.5005338, 41.9642622], [12.5004219, 41.9642198], [12.5002972, 41.9642083], [12.5001865, 41.9642258], [12.5000884, 41.9642678], [12.5000127, 41.9643303], [12.4999666, 41.9644072], [12.4999547, 41.9644908], [12.4999781, 41.9645732]]]}}, {"type": "Feature", "properties": {}, "geometry": {"type": "Polygon", "coordinates": [[[12.4957694, 41.9637034], [12.495855, 41.9637718], [12.4959669, 41.9638142], [12.4960916, 41.9638257], [12.4962023, 41.9638082], [12.4963003, 41.9637662], [12.4963761, 41.9637037], [12.4964222, 41.9636268], [12.4964341, 41.9635431], [12.4964106, 41.9634608], [12.4963541, 41.9633879], [12.49627, 41.9633316], [12.4961666, 41.9632973], [12.4960541, 41.9632885], [12.4959317, 41.9633094], [12.4958263, 41.9633603], [12.4957506, 41.9634348], [12.4957139, 41.9635241], [12.4957204, 41.9636174], [12.4957694, 41.9637034]]]}}, {"type": "Feature", "properties": {}, "geometry": {"type": "LineString", "coordinates": [[12.4968746, 41.9638325], [12.4967778, 41.9639014], [12.4967568, 41.9639483], [12.4972828, 41.9652005], [12.4973874, 41.9651745]]}}, {"type": "Feature", "properties": {}, "geometry": {"type": "Polygon", "coordinates": [[[12.5005316, 41.9623212], [12.5007378, 41.9628062], [12.5006999, 41.9628437], [12.5003127, 41.9629188], [12.5002622, 41.9629032], [12.5000771, 41.9624338], [12.5000897, 41.9623963], [12.5004811, 41.9623055], [12.5005316, 41.9623212]]]}}, {"type": "Feature", "properties": {}, "geometry": {"type": "Polygon", "coordinates": [[[12.4996757, 41.9638789], [12.4997322, 41.9639518], [12.4998163, 41.9640082], [12.4999197, 41.9640424], [12.5000322, 41.9640513], [12.5001546, 41.9640303], [12.50026, 41.9639794], [12.5003356, 41.9639049], [12.5003724, 41.9638156], [12.5003659, 41.9637223], [12.5003169, 41.9636363], [12.5002313, 41.963568], [12.5001194, 41.9635255], [12.4999947, 41.9635141], [12.499884, 41.9635315], [12.4997859, 41.9635736], [12.4997102, 41.9636361], [12.4996641, 41.9637129], [12.4996522, 41.9637966], [12.4996757, 41.9638789]]]}}, {"type": "Feature", "properties": {}, "geometry": {"type": "Polygon", "coordinates": [[[12.4973874, 41.9651745], [12.497444, 41.9652474], [12.497528, 41.9653038], [12.4976314, 41.965338], [12.4977439, 41.9653469], [12.4978663, 41.9653259], [12.4979717, 41.9652751], [12.4980474, 41.9652006], [12.4980842, 41.9651113], [12.4980777, 41.965018], [12.4980287, 41.964932], [12.4979431, 41.9648636], [12.4978312, 41.9648212], [12.4977065, 41.9648097], [12.4975958, 41.9648272], [12.4974977, 41.9648692], [12.497422, 41.9649317], [12.4973759, 41.9650085], [12.497364, 41.9650922], [12.4973874, 41.9651745]]]}}, {"type": "Feature", "properties": {}, "geometry": {"type": "Polygon", "coordinates": [[[12.4963682, 41.962725], [12.4964247, 41.9627979], [12.4965088, 41.9628543], [12.4966122, 41.9628885], [12.4967247, 41.9628974], [12.4968471, 41.9628764], [12.4969525, 41.9628256], [12.4970282, 41.962751], [12.497065, 41.9626617], [12.4970585, 41.9625685], [12.4970095, 41.9624824], [12.4969239, 41.9624141], [12.496812, 41.9623716], [12.4966873, 41.9623602], [12.4965766, 41.9623776], [12.4964785, 41.9624197], [12.4964028, 41.9624822], [12.4963567, 41.962559], [12.4963448, 41.9626427], [12.4963682, 41.962725]]]}}, {"type": "Feature", "properties": {}, "geometry": {"type": "Polygon", "coordinates": [[[12.4966773, 41.9634389], [12.4967338, 41.9635118], [12.4968179, 41.9635681], [12.4969213, 41.9636024], [12.4970338, 41.9636112], [12.4971562, 41.9635903], [12.4972616, 41.9635394], [12.4973372, 41.9634649], [12.497374, 41.9633755], [12.4973675, 41.9632823], [12.4973185, 41.9631963], [12.4972329, 41.9631279], [12.497121, 41.9630855], [12.4969963, 41.963074], [12.4968856, 41.9630915], [12.4967876, 41.9631335], [12.4967118, 41.963196], [12.4966657, 41.9632729], [12.4966538, 41.9633566], [12.4966773, 41.9634389]]]}}, {"type": "Feature", "properties": {}, "geometry": {"type": "Polygon", "coordinates": [[[12.4964406, 41.9653897], [12.4964971, 41.9654626], [12.4965812, 41.9655189], [12.4966846, 41.9655532], [12.4967971, 41.965562], [12.4969195, 41.9655411], [12.4970249, 41.9654902], [12.4971005, 41.9654157], [12.4971373, 41.9653263], [12.4971308, 41.9652331], [12.4970818, 41.9651471], [12.4969962, 41.9650787], [12.4968843, 41.9650363], [12.4967596, 41.9650248], [12.4966489, 41.9650423], [12.4965508, 41.9650843], [12.4964751, 41.9651468], [12.496429, 41.9652237], [12.4964171, 41.9653074], [12.4964406, 41.9653897]]]}}, {"type": "Feature", "properties": {}, "geometry": {"type": "Polygon", "coordinates": [[[12.5227124, 41.9693677], [12.5227147, 41.9694759], [12.5227523, 41.9695545], [12.5228204, 41.969586], [12.5229003, 41.9696034], [12.5229614, 41.969586], [12.5230295, 41.9695458], [12.5230717, 41.9694812], [12.5231939, 41.9692472], [12.5231868, 41.9692122], [12.5231446, 41.9691686], [12.5230201, 41.9691179], [12.5228791, 41.96909], [12.5227288, 41.9690795], [12.5226231, 41.9690987], [12.5225832, 41.9691249], [12.5225621, 41.9691668], [12.5225621, 41.9692157], [12.5225855, 41.9692576], [12.5226466, 41.9692891], [12.5226983, 41.969338], [12.5227124, 41.9693677]]]}}, {"type": "Feature", "properties": {}, "geometry": {"type": "Polygon", "coordinates": [[[12.4833051, 41.8951608], [12.4833025, 41.8951807], [12.4833078, 41.8952036], [12.4833199, 41.8952206], [12.483344, 41.8952376], [12.4833816, 41.8952486], [12.4834164, 41.8952497], [12.4834478, 41.8952414], [12.483473, 41.8952261], [12.4834852, 41.895211], [12.4834909, 41.8951972], [12.4833931, 41.8951746], [12.4833077, 41.8951549], [12.4833051, 41.8951608]]]}}, {"type": "Feature", "properties": {}, "geometry": {"type": "Polygon", "coordinates": [[[12.4822488, 41.8949107], [12.4822475, 41.8949134], [12.4822419, 41.8949397], [12.4822477, 41.8949644], [12.4822637, 41.8949865], [12.4822882, 41.8950038], [12.4823187, 41.8950144], [12.4823542, 41.8950171], [12.4823853, 41.8950123], [12.4824145, 41.8949998], [12.4824369, 41.894981], [12.4824505, 41.8949575], [12.4823515, 41.8949341], [12.4822488, 41.8949107]]]}}, {"type": "Feature", "properties": {}, "geometry": {"type": "Polygon", "coordinates": [[[12.453989, 41.9032581], [12.4539815, 41.9032586], [12.4539757, 41.9032561], [12.4539638, 41.9032465], [12.4539598, 41.9032468], [12.4539597, 41.9032432], [12.4539482, 41.903234], [12.4539475, 41.9032296], [12.4539494, 41.9032246], [12.4539624, 41.9032156], [12.4539626, 41.9032119], [12.453967, 41.9032122], [12.45398, 41.9032031], [12.453987, 41.9032022], [12.4539938, 41.9032033], [12.4540048, 41.9032121], [12.454011, 41.9032122], [12.4540105, 41.9032166], [12.4540215, 41.9032253], [12.4540235, 41.9032303], [12.4540218, 41.9032352], [12.4540078, 41.903245], [12.4540074, 41.9032489], [12.4540024, 41.9032487], [12.453989, 41.9032581]]]}}, {"type": "Feature", "properties": {}, "geometry": {"type": "Polygon", "coordinates": [[[12.4551169, 41.906262], [12.4551794, 41.9062648], [12.4552001, 41.906278], [12.4552081, 41.9062998], [12.455205, 41.9063679], [12.4551929, 41.9063903], [12.4551697, 41.9064026], [12.4551073, 41.9063999], [12.4551169, 41.906262]]]}}, {"type": "Feature", "properties": {}, "geometry": {"type": "Polygon", "coordinates": [[[12.4494294, 41.9030783], [12.449432, 41.9030829], [12.4494404, 41.9030884], [12.4494418, 41.9030972], [12.4494529, 41.9031068], [12.4494675, 41.9031125], [12.4494773, 41.9031125], [12.4494833, 41.9031151], [12.44949, 41.903116], [12.4494968, 41.9031152], [12.4495029, 41.9031127], [12.4495075, 41.903109], [12.4495103, 41.9031043], [12.4495108, 41.9030992], [12.449509, 41.9030942], [12.4495044, 41.9030894], [12.4495019, 41.9030806], [12.4494911, 41.9030711], [12.4494762, 41.9030653], [12.4494656, 41.9030652], [12.4494589, 41.903061], [12.4494523, 41.9030594], [12.4494456, 41.9030596], [12.4494393, 41.9030613], [12.4494341, 41.9030644], [12.4494305, 41.9030685], [12.4494289, 41.9030734], [12.4494294, 41.9030783]]]}}, {"type": "Feature", "properties": {}, "geometry": {"type": "Polygon", "coordinates": [[[12.453447, 41.9034373], [12.4534582, 41.9034424], [12.4534703, 41.9034449], [12.4534917, 41.9034414], [12.4535072, 41.9034364], [12.453519, 41.903427], [12.4535273, 41.9034164], [12.4535264, 41.9034052], [12.453447, 41.9034373]]]}}, {"type": "Feature", "properties": {}, "geometry": {"type": "Polygon", "coordinates": [[[12.4530836, 41.9044273], [12.4530747, 41.9044379], [12.4530914, 41.9044455], [12.4531051, 41.9044456], [12.453115, 41.9044425], [12.4531935, 41.904345], [12.4531951, 41.9043372], [12.4531907, 41.9043268], [12.4531721, 41.904318], [12.4531593, 41.9043323], [12.4530836, 41.9044273]]]}}, {"type": "Feature", "properties": {}, "geometry": {"type": "Polygon", "coordinates": [[[12.4478537, 41.901306], [12.4478504, 41.901302], [12.4478491, 41.9012973], [12.4478499, 41.9012925], [12.4478528, 41.9012882], [12.4478574, 41.9012849], [12.4478633, 41.9012828], [12.4478697, 41.9012823], [12.447876, 41.9012834], [12.4478814, 41.901286], [12.4478855, 41.9012897], [12.4478876, 41.9012941], [12.4478877, 41.9012989], [12.4478857, 41.9013033], [12.447882, 41.9013071], [12.4478767, 41.9013098], [12.4478707, 41.9013111], [12.4478644, 41.9013108], [12.4478585, 41.9013091], [12.4478537, 41.901306]]]}}, {"type": "Feature", "properties": {}, "geometry": {"type": "Polygon", "coordinates": [[[12.4490287, 41.901979], [12.4490235, 41.9019774], [12.4490194, 41.9019745], [12.4490168, 41.9019707], [12.4490161, 41.9019665], [12.4490173, 41.9019624], [12.4490204, 41.9019588], [12.4490248, 41.9019562], [12.4490302, 41.9019549], [12.4490359, 41.901955], [12.4490412, 41.9019566], [12.4490451, 41.9019591], [12.4490478, 41.9019624], [12.4490491, 41.9019661], [12.4490487, 41.9019699], [12.4490467, 41.9019735], [12.4490433, 41.9019764], [12.4490389, 41.9019784], [12.4490339, 41.9019793], [12.4490287, 41.901979]]]}}, {"type": "Feature", "properties": {}, "geometry": {"type": "Polygon", "coordinates": [[[12.4487209, 41.9022129], [12.4487157, 41.902214], [12.4487111, 41.9022139], [12.4487067, 41.9022128], [12.4487028, 41.902211], [12.4486997, 41.9022083], [12.4486978, 41.9022052], [12.448697, 41.9022018], [12.4486975, 41.9021984], [12.4486992, 41.9021952], [12.448702, 41.9021925], [12.4487058, 41.9021904], [12.4487109, 41.9021891], [12.4487163, 41.902189], [12.4487215, 41.9021902], [12.4487259, 41.9021925], [12.448729, 41.9021958], [12.4487307, 41.9021996], [12.4487306, 41.9022037], [12.4487288, 41.9022075], [12.4487254, 41.9022107], [12.4487209, 41.9022129]]]}}, {"type": "Feature", "properties": {}, "geometry": {"type": "Polygon", "coordinates": [[[12.4505104, 41.9026503], [12.4504971, 41.9025875], [12.4505352, 41.902583], [12.4505486, 41.9026458], [12.4505104, 41.9026503]]]}}, {"type": "Feature", "properties": {}, "geometry": {"type": "Polygon", "coordinates": [[[12.4554327, 41.9058026], [12.4554343, 41.9057915], [12.4554384, 41.9057855], [12.4554464, 41.9057815], [12.4554558, 41.9057805], [12.4554638, 41.9057835], [12.4554719, 41.9057905], [12.4554732, 41.9058035], [12.4554327, 41.9058026]]]}}, {"type": "Feature", "properties": {}, "geometry": {"type": "Polygon", "coordinates": [[[12.4867205, 41.8991577], [12.4867004, 41.8991593], [12.4866807, 41.899156], [12.4866634, 41.8991482], [12.4866503, 41.8991367], [12.4866428, 41.8991228], [12.4866416, 41.8991077], [12.4866469, 41.8990932], [12.4866581, 41.8990807], [12.4866741, 41.8990715], [12.4866941, 41.8990664], [12.4867152, 41.8990665], [12.486735, 41.8990719], [12.4867514, 41.8990818], [12.4867624, 41.8990952], [12.4867669, 41.8991105], [12.4867642, 41.8991261], [12.4867548, 41.8991402], [12.4867397, 41.8991511], [12.4867205, 41.8991577]]]}}, {"type": "Feature", "properties": {}, "geometry": {"type": "Polygon", "coordinates": [[[12.4924083, 41.9144655], [12.4924108, 41.9144827], [12.4924211, 41.9144981], [12.4924378, 41.9145101], [12.4924568, 41.9145166], [12.4924775, 41.9145184], [12.492498, 41.9145153], [12.4925162, 41.9145078], [12.4925304, 41.9144963], [12.4925392, 41.9144822], [12.4925416, 41.9144668], [12.4925375, 41.9144515], [12.4925273, 41.914438], [12.492512, 41.9144274], [12.4924907, 41.9144205], [12.4924676, 41.9144194], [12.4924454, 41.9144242], [12.4924267, 41.9144344], [12.4924138, 41.9144488], [12.4924083, 41.9144655]]]}}, {"type": "Feature", "properties": {}, "geometry": {"type": "Polygon", "coordinates": [[[12.459093, 41.8974984], [12.4591088, 41.8973865], [12.4591951, 41.8973933], [12.4591794, 41.8975051], [12.459093, 41.8974984]]]}}, {"type": "Feature", "properties": {}, "geometry": {"type": "Polygon", "coordinates": [[[12.5023658, 41.9187606], [12.5023504, 41.9187519], [12.5023435, 41.9187451], [12.5023368, 41.9187323], [12.5023364, 41.9187167], [12.5023454, 41.9187002], [12.5023604, 41.9186893], [12.5023754, 41.9186841], [12.5023976, 41.9186827], [12.5024139, 41.918686], [12.5024312, 41.918695], [12.5024408, 41.9187052], [12.5024465, 41.91872], [12.5024438, 41.918737], [12.502432, 41.9187518], [12.5024165, 41.9187605], [12.5023934, 41.9187651], [12.5023757, 41.9187635], [12.5023658, 41.9187606]]]}}, {"type": "Feature", "properties": {}, "geometry": {"type": "LineString", "coordinates": [[12.4321155, 41.8891663], [12.4324722, 41.8887472], [12.432562, 41.8885579], [12.4327772, 41.8882502], [12.432854, 41.8880984], [12.4329028, 41.8879341], [12.4333089, 41.887162], [12.4334301, 41.8869281], [12.4336475, 41.8862988], [12.4334836, 41.8860805], [12.4345328, 41.8850808], [12.4353145, 41.8843308], [12.4355951, 41.8840879], [12.4357469, 41.8839563], [12.4357323, 41.8838712], [12.4357206, 41.8837865], [12.4357401, 41.8836843], [12.4358306, 41.8836022], [12.4359019, 41.8835729], [12.4359913, 41.8835254], [12.4360509, 41.8834849], [12.4361127, 41.8834255], [12.4361957, 41.8833471], [12.4363954, 41.8831371], [12.4365619, 41.8829598], [12.4366879, 41.882835], [12.4368577, 41.8826617], [12.437012, 41.8825135], [12.4374873, 41.8820487], [12.4376356, 41.8818462], [12.4374219, 41.880366]]}}, {"type": "Feature", "properties": {}, "geometry": {"type": "LineString", "coordinates": [[12.5005262, 41.9341245], [12.5005865, 41.9341859], [12.5006579, 41.9342814], [12.5007134, 41.934357], [12.5007927, 41.9344158], [12.5008378, 41.9344295]]}}, {"type": "Feature", "properties": {}, "geometry": {"type": "Polygon", "coordinates": [[[12.5005262, 41.9341245], [12.5005071, 41.9340703], [12.5004525, 41.9340322], [12.5003982, 41.9340133], [12.5002956, 41.9339479], [12.5002836, 41.933906], [12.5002483, 41.9338725], [12.5001877, 41.9338521], [12.5002008, 41.9338994], [12.5002229, 41.9339301], [12.5001951, 41.9339569], [12.5002343, 41.9339872], [12.5002716, 41.9339646], [12.5003731, 41.9340341], [12.500415, 41.9341564], [12.5004412, 41.9341227], [12.5005262, 41.9341245]]]}}, {"type": "Feature", "properties": {}, "geometry": {"type": "Polygon", "coordinates": [[[12.4763201, 41.8873946], [12.4763285, 41.8873911], [12.4763323, 41.8873963], [12.4763848, 41.8873749], [12.4763798, 41.8873681], [12.4763853, 41.8873658], [12.4763674, 41.8873414], [12.4763622, 41.8873435], [12.4763572, 41.8873367], [12.4763027, 41.8873587], [12.4763067, 41.8873642], [12.4762999, 41.887367], [12.4763201, 41.8873946]]]}}, {"type": "Feature", "properties": {}, "geometry": {"type": "Polygon", "coordinates": [[[12.4702599, 41.8895362], [12.4702575, 41.889509], [12.4702741, 41.8895083], [12.4702728, 41.8894932], [12.4703161, 41.8894911], [12.4703174, 41.8895061], [12.4703355, 41.8895053], [12.4703381, 41.8895355], [12.4703236, 41.8895362], [12.4703247, 41.8895498], [12.4702769, 41.8895521], [12.4702755, 41.8895355], [12.4702599, 41.8895362]]]}}, {"type": "Feature", "properties": {}, "geometry": {"type": "Polygon", "coordinates": [[[12.4797703, 41.8929539], [12.4797768, 41.8929494], [12.4797898, 41.8929506], [12.4797947, 41.8929553], [12.4797966, 41.8929636], [12.4797871, 41.8929712], [12.4797735, 41.89297], [12.4797676, 41.8929622], [12.4797703, 41.8929539]]]}}, {"type": "Feature", "properties": {}, "geometry": {"type": "Polygon", "coordinates": [[[12.4832815, 41.8930492], [12.4832569, 41.8930617], [12.4832008, 41.8930895], [12.4832304, 41.8931225], [12.4832298, 41.8931355], [12.4832337, 41.8931502], [12.4832437, 41.8931615], [12.4832585, 41.8931694], [12.483276, 41.8931737], [12.483306, 41.8932071], [12.4833565, 41.8931821], [12.4833829, 41.8931689], [12.4833568, 41.8931398], [12.483334, 41.8931511], [12.4833077, 41.8931218], [12.4832822, 41.8930933], [12.4833093, 41.8930798], [12.4832815, 41.8930492]]]}}, {"type": "Feature", "properties": {}, "geometry": {"type": "LineString", "coordinates": [[12.4483296, 41.9200277], [12.4482394, 41.9199659], [12.4482161, 41.9199476], [12.4481512, 41.9198965]]}}, {"type": "Feature", "properties": {}, "geometry": {"type": "Polygon", "coordinates": [[[12.4810154, 41.894424], [12.4810044, 41.8944212], [12.4809928, 41.8944201], [12.4809812, 41.8944209], [12.4809701, 41.8944235], [12.4809599, 41.8944277], [12.4809512, 41.8944335], [12.4809443, 41.8944404], [12.4809395, 41.8944483], [12.480937, 41.8944568], [12.480937, 41.8944655], [12.4809394, 41.894474], [12.4809442, 41.8944819], [12.4809511, 41.8944889], [12.4809598, 41.8944946], [12.4809699, 41.8944989], [12.4809808, 41.8945015], [12.4809922, 41.8945023], [12.4810035, 41.8945014], [12.4810144, 41.8944987], [12.4810243, 41.8944945], [12.4810328, 41.8944888], [12.4810396, 41.8944819], [12.4810443, 41.8944742], [12.4810467, 41.8944659], [12.4810469, 41.8944574], [12.4810446, 41.894449], [12.4810401, 41.8944412], [12.4810335, 41.8944342], [12.4810252, 41.8944284], [12.4810154, 41.894424]]]}}, {"type": "Feature", "properties": {}, "geometry": {"type": "Polygon", "coordinates": [[[12.4811646, 41.8936268], [12.4811577, 41.8936234], [12.4811497, 41.8936223], [12.4811418, 41.8936234], [12.4811349, 41.8936269], [12.481131, 41.8936308], [12.4811288, 41.8936379], [12.4811304, 41.8936439], [12.4811349, 41.8936489], [12.4811421, 41.8936524], [12.4811497, 41.8936535], [12.4811578, 41.8936523], [12.4811646, 41.8936489], [12.4811688, 41.8936444], [12.4811707, 41.8936385], [12.4811693, 41.8936323], [12.4811646, 41.8936268]]]}}, {"type": "Feature", "properties": {}, "geometry": {"type": "Polygon", "coordinates": [[[12.4808628, 41.8934127], [12.4808532, 41.8934072], [12.4808548, 41.8934054], [12.4808556, 41.8934022], [12.4808547, 41.8933991], [12.4808524, 41.8933966], [12.4808487, 41.8933947], [12.4808448, 41.8933942], [12.4808409, 41.8933947], [12.4808368, 41.8933971], [12.4808263, 41.8933917], [12.4808186, 41.8933995], [12.4808162, 41.8933983], [12.4808123, 41.8933978], [12.4808084, 41.8933983], [12.4808047, 41.8934001], [12.4808022, 41.8934029], [12.4808015, 41.8934058], [12.4808024, 41.8934091], [12.4808053, 41.8934119], [12.4807987, 41.8934196], [12.4808087, 41.8934254], [12.4808072, 41.8934271], [12.4808064, 41.8934301], [12.4808073, 41.8934333], [12.4808096, 41.8934358], [12.4808131, 41.8934376], [12.4808173, 41.8934382], [12.4808213, 41.8934376], [12.4808253, 41.8934355], [12.4808352, 41.8934406], [12.4808433, 41.8934324], [12.4808458, 41.8934336], [12.4808499, 41.8934342], [12.4808539, 41.8934336], [12.4808576, 41.8934318], [12.4808599, 41.8934292], [12.4808607, 41.8934261], [12.4808598, 41.8934229], [12.4808568, 41.89342], [12.4808628, 41.8934127]]]}}, {"type": "Feature", "properties": {}, "geometry": {"type": "Polygon", "coordinates": [[[12.4688753, 41.898909], [12.4688694, 41.8989061], [12.4688626, 41.8989051], [12.4688561, 41.898906], [12.4688499, 41.898909], [12.468846, 41.8989135], [12.4688447, 41.8989184], [12.468846, 41.8989234], [12.46885, 41.8989278], [12.4688592, 41.8989315], [12.4688691, 41.8989308], [12.4688752, 41.8989279], [12.4688791, 41.8989235], [12.4688805, 41.8989184], [12.4688791, 41.8989133], [12.4688753, 41.898909]]]}}, {"type": "Feature", "properties": {}, "geometry": {"type": "Polygon", "coordinates": [[[12.4714138, 41.8936029], [12.4714076, 41.8935995], [12.4714003, 41.8935982], [12.4713929, 41.8935989], [12.4713863, 41.8936019], [12.4713824, 41.8936054], [12.4713799, 41.8936119], [12.471381, 41.8936175], [12.4713848, 41.8936223], [12.4713913, 41.8936258], [12.4713983, 41.8936271], [12.4714059, 41.8936263], [12.4714124, 41.8936234], [12.4714166, 41.8936193], [12.4714187, 41.8936139], [12.4714178, 41.8936081], [12.4714138, 41.8936029]]]}}, {"type": "Feature", "properties": {}, "geometry": {"type": "Polygon", "coordinates": [[[12.4712062, 41.8937431], [12.4712, 41.8937397], [12.4711926, 41.8937384], [12.4711852, 41.8937391], [12.4711786, 41.8937421], [12.4711748, 41.8937456], [12.4711723, 41.8937521], [12.4711734, 41.8937577], [12.4711772, 41.8937625], [12.4711837, 41.893766], [12.4711906, 41.8937673], [12.4711982, 41.8937664], [12.4712047, 41.8937635], [12.4712089, 41.8937595], [12.4712111, 41.8937541], [12.4712102, 41.8937483], [12.4712062, 41.8937431]]]}}, {"type": "Feature", "properties": {}, "geometry": {"type": "Polygon", "coordinates": [[[12.471073, 41.893627], [12.4710668, 41.8936236], [12.4710595, 41.8936223], [12.4710521, 41.893623], [12.4710455, 41.893626], [12.4710416, 41.8936295], [12.4710391, 41.893636], [12.4710402, 41.8936416], [12.4710441, 41.8936464], [12.4710505, 41.8936499], [12.4710575, 41.8936512], [12.4710651, 41.8936504], [12.4710716, 41.8936475], [12.4710758, 41.8936435], [12.4710779, 41.8936381], [12.471077, 41.8936323], [12.471073, 41.893627]]]}}, {"type": "Feature", "properties": {}, "geometry": {"type": "Polygon", "coordinates": [[[12.4715438, 41.8937116], [12.4715376, 41.8937082], [12.4715302, 41.8937069], [12.4715229, 41.8937077], [12.4715162, 41.8937107], [12.4715124, 41.8937142], [12.4715099, 41.8937207], [12.471511, 41.8937263], [12.4715148, 41.8937311], [12.4715213, 41.8937346], [12.4715282, 41.8937359], [12.4715358, 41.893735], [12.4715424, 41.8937321], [12.4715465, 41.8937281], [12.4715487, 41.8937227], [12.4715478, 41.8937169], [12.4715438, 41.8937116]]]}}, {"type": "Feature", "properties": {}, "geometry": {"type": "Polygon", "coordinates": [[[12.4713259, 41.8938519], [12.4713197, 41.8938485], [12.4713124, 41.8938472], [12.471305, 41.8938479], [12.4712984, 41.8938509], [12.4712945, 41.8938544], [12.471292, 41.8938609], [12.4712931, 41.8938665], [12.4712969, 41.8938713], [12.4713034, 41.8938748], [12.4713104, 41.8938761], [12.471318, 41.8938753], [12.4713245, 41.8938724], [12.4713287, 41.8938684], [12.4713308, 41.893863], [12.4713299, 41.8938572], [12.4713259, 41.8938519]]]}}, {"type": "Feature", "properties": {}, "geometry": {"type": "Polygon", "coordinates": [[[12.4653439, 41.8984227], [12.4653393, 41.8984215], [12.4653346, 41.8984216], [12.4653302, 41.8984231], [12.4653269, 41.8984258], [12.4653254, 41.8984284], [12.4653255, 41.8984327], [12.4653275, 41.898436], [12.465331, 41.8984384], [12.4653358, 41.8984397], [12.4653403, 41.8984395], [12.4653448, 41.898438], [12.465348, 41.8984354], [12.4653496, 41.8984324], [12.4653496, 41.8984288], [12.4653476, 41.8984254], [12.4653439, 41.8984227]]]}}, {"type": "Feature", "properties": {}, "geometry": {"type": "Polygon", "coordinates": [[[12.4653162, 41.8983054], [12.4653116, 41.8983041], [12.4653069, 41.8983043], [12.4653025, 41.8983058], [12.4652992, 41.8983085], [12.4652977, 41.8983111], [12.4652978, 41.8983154], [12.4652998, 41.8983187], [12.4653033, 41.8983211], [12.4653081, 41.8983224], [12.4653127, 41.8983222], [12.4653171, 41.8983207], [12.4653203, 41.8983181], [12.4653219, 41.8983151], [12.4653219, 41.8983115], [12.46532, 41.8983081], [12.4653162, 41.8983054]]]}}, {"type": "Feature", "properties": {}, "geometry": {"type": "Polygon", "coordinates": [[[12.4652507, 41.8983787], [12.4652461, 41.8983775], [12.4652413, 41.8983777], [12.465237, 41.8983791], [12.4652337, 41.8983818], [12.4652322, 41.8983845], [12.4652322, 41.8983888], [12.4652342, 41.898392], [12.4652378, 41.8983944], [12.4652425, 41.8983957], [12.4652471, 41.8983956], [12.4652515, 41.8983941], [12.4652548, 41.8983914], [12.4652564, 41.8983884], [12.4652564, 41.8983848], [12.4652544, 41.8983814], [12.4652507, 41.8983787]]]}}, {"type": "Feature", "properties": {}, "geometry": {"type": "Polygon", "coordinates": [[[12.4654095, 41.8983493], [12.4654049, 41.8983481], [12.4654001, 41.8983483], [12.4653958, 41.8983497], [12.4653925, 41.8983524], [12.465391, 41.8983551], [12.465391, 41.8983594], [12.465393, 41.8983626], [12.4653966, 41.898365], [12.4654013, 41.8983663], [12.4654059, 41.8983662], [12.4654103, 41.8983646], [12.4654136, 41.898362], [12.4654152, 41.898359], [12.4654151, 41.8983554], [12.4654132, 41.898352], [12.4654095, 41.8983493]]]}}, {"type": "Feature", "properties": {}, "geometry": {"type": "Polygon", "coordinates": [[[12.4711016, 41.895291], [12.4710974, 41.8952928], [12.4710918, 41.8952916], [12.4710882, 41.89529], [12.471084, 41.8952927], [12.4710764, 41.8952928], [12.4710702, 41.8952921], [12.4710656, 41.895289], [12.4710596, 41.8952857], [12.4710566, 41.8952833], [12.4710485, 41.8952856], [12.4710436, 41.8952856], [12.4710383, 41.8952849], [12.4710321, 41.8952811], [12.4710284, 41.8952769], [12.4710279, 41.8952729], [12.4710285, 41.8952693], [12.4710323, 41.8952634], [12.4710293, 41.895261], [12.4710254, 41.8952563], [12.4710216, 41.8952526], [12.4710213, 41.8952479], [12.4710221, 41.8952423], [12.4710261, 41.8952394], [12.4710242, 41.8952366], [12.4710232, 41.8952323], [12.4710259, 41.8952294], [12.4710304, 41.8952276], [12.471036, 41.8952288], [12.4710396, 41.8952305], [12.4710438, 41.8952278], [12.4710514, 41.8952278], [12.4710576, 41.8952285], [12.4710622, 41.8952317], [12.4710681, 41.8952351], [12.471071, 41.8952376], [12.4710792, 41.8952354], [12.4710841, 41.8952354], [12.4710893, 41.8952361], [12.4710946, 41.8952393], [12.4710983, 41.8952434], [12.4710988, 41.8952474], [12.4710983, 41.895251], [12.4710946, 41.8952569], [12.4710976, 41.8952593], [12.4711016, 41.8952639], [12.4711055, 41.8952676], [12.4711059, 41.8952723], [12.4711052, 41.8952779], [12.4711012, 41.8952808], [12.4711031, 41.8952836], [12.4711043, 41.8952879], [12.4711016, 41.895291]]]}}, {"type": "Feature", "properties": {}, "geometry": {"type": "Polygon", "coordinates": [[[12.4714645, 41.8950338], [12.4714603, 41.8950356], [12.4714547, 41.8950344], [12.4714511, 41.8950328], [12.4714469, 41.8950355], [12.4714393, 41.8950356], [12.4714331, 41.8950349], [12.4714285, 41.8950318], [12.4714225, 41.8950285], [12.4714195, 41.8950261], [12.4714114, 41.8950284], [12.4714065, 41.8950284], [12.4714012, 41.8950277], [12.471395, 41.8950239], [12.4713913, 41.8950197], [12.4713908, 41.8950157], [12.4713914, 41.8950121], [12.4713952, 41.8950062], [12.4713922, 41.8950038], [12.4713883, 41.8949991], [12.4713845, 41.8949954], [12.4713842, 41.8949907], [12.471385, 41.8949851], [12.471389, 41.8949822], [12.4713871, 41.8949794], [12.4713861, 41.8949751], [12.4713888, 41.8949722], [12.4713933, 41.8949704], [12.4713989, 41.8949716], [12.4714025, 41.8949733], [12.4714067, 41.8949706], [12.4714143, 41.8949706], [12.4714205, 41.8949713], [12.4714251, 41.8949745], [12.471431, 41.8949779], [12.4714339, 41.8949804], [12.4714421, 41.8949782], [12.471447, 41.8949782], [12.4714522, 41.8949789], [12.4714575, 41.8949821], [12.4714612, 41.8949862], [12.4714617, 41.8949902], [12.4714612, 41.8949938], [12.4714575, 41.8949997], [12.4714605, 41.8950021], [12.4714645, 41.8950067], [12.4714684, 41.8950104], [12.4714688, 41.8950151], [12.4714681, 41.8950207], [12.4714641, 41.8950236], [12.471466, 41.8950264], [12.4714672, 41.8950307], [12.4714645, 41.8950338]]]}}, {"type": "Feature", "properties": {}, "geometry": {"type": "Polygon", "coordinates": [[[12.4643608, 41.9005756], [12.4643422, 41.9006017], [12.4643392, 41.9006469], [12.4643504, 41.900699], [12.4643723, 41.9007406], [12.4643952, 41.9007839], [12.4644122, 41.9007976], [12.4644541, 41.9008104], [12.464485, 41.9008141], [12.4645299, 41.9008107], [12.4645641, 41.9008026], [12.4646003, 41.9007757], [12.464442, 41.9006538], [12.4643608, 41.9005756]]]}}, {"type": "Feature", "properties": {}, "geometry": {"type": "Polygon", "coordinates": [[[12.4662986, 41.8963708], [12.4662628, 41.8963869], [12.4662343, 41.896402], [12.4662036, 41.8964182], [12.4661791, 41.8964365], [12.4661575, 41.8964647], [12.4661384, 41.896487], [12.4661146, 41.8965105], [12.4660864, 41.8965333], [12.466042, 41.8965672], [12.4659966, 41.8965933], [12.4659518, 41.8966221], [12.4659111, 41.8966601], [12.4658695, 41.8967033], [12.4658385, 41.8967482], [12.4658042, 41.8967911], [12.4657645, 41.8968284], [12.4657337, 41.896858], [12.465701, 41.8968857], [12.4656703, 41.8969242], [12.4656515, 41.8969466], [12.4656516, 41.8969719], [12.4657935, 41.8968097], [12.4658574, 41.8967409], [12.4659738, 41.8966266], [12.4662792, 41.8963886], [12.4662986, 41.8963708]]]}}, {"type": "Feature", "properties": {}, "geometry": {"type": "Polygon", "coordinates": [[[12.4652237, 41.9011554], [12.4653569, 41.9012095], [12.4653956, 41.9012316], [12.4654392, 41.9012517], [12.4654709, 41.9012827], [12.4655045, 41.901315], [12.4655516, 41.9013423], [12.4656198, 41.9013728], [12.4657188, 41.9013843], [12.4657961, 41.9013854], [12.4658958, 41.901395], [12.4659929, 41.9014164], [12.4660385, 41.9014126], [12.466076, 41.9014037], [12.4661059, 41.9013903], [12.4661374, 41.9013765], [12.4661956, 41.9013711], [12.4662368, 41.9013783], [12.4662892, 41.9014034], [12.46637, 41.9014078], [12.4664099, 41.9013984], [12.4664161, 41.9013722], [12.4663768, 41.9013698], [12.4660944, 41.9013578], [12.466019, 41.9013501], [12.4659368, 41.9013384], [12.4658509, 41.9013257], [12.4657204, 41.9013064], [12.4656558, 41.9013148], [12.4655882, 41.901308], [12.465534, 41.9012806], [12.465478, 41.9012466], [12.4653674, 41.901208], [12.4652237, 41.9011554]]]}}, {"type": "Feature", "properties": {}, "geometry": {"type": "Polygon", "coordinates": [[[12.4670103, 41.9014576], [12.4670555, 41.9014608], [12.4670912, 41.9014719], [12.4671281, 41.9014794], [12.4671656, 41.9014835], [12.4672052, 41.901494], [12.4672429, 41.9015109], [12.4672855, 41.9015248], [12.4673316, 41.901536], [12.4673614, 41.9015493], [12.467397, 41.9015582], [12.4674367, 41.90156], [12.4674686, 41.9015638], [12.4675174, 41.9015772], [12.4675577, 41.9015889], [12.4676032, 41.9015945], [12.4676905, 41.901606], [12.4677565, 41.901606], [12.4678062, 41.9016042], [12.4676556, 41.9015834], [12.4671527, 41.9014368], [12.4670316, 41.9014098], [12.4668244, 41.9013905], [12.4666433, 41.9013875], [12.4665636, 41.9013788], [12.4665585, 41.901441], [12.466554, 41.9014961], [12.4665856, 41.9015026], [12.4666159, 41.901525], [12.4666527, 41.9015046], [12.466695, 41.9014889], [12.4667324, 41.90148], [12.4667783, 41.9014752], [12.4668214, 41.9014697], [12.4668606, 41.9014606], [12.4669004, 41.9014576], [12.4669526, 41.9014575], [12.4670103, 41.9014576]]]}}, {"type": "Feature", "properties": {}, "geometry": {"type": "Polygon", "coordinates": [[[12.4640588, 41.9015019], [12.4640962, 41.901478], [12.4641492, 41.9014733], [12.4641853, 41.9014895], [12.4642244, 41.9015371], [12.4642663, 41.9015908], [12.4643228, 41.9016248], [12.4643902, 41.9016471], [12.4644605, 41.9016588], [12.46454, 41.9016713], [12.4645953, 41.901692], [12.4646537, 41.9017243], [12.4646769, 41.9017738], [12.4647232, 41.9018309], [12.4647835, 41.9018799], [12.4648697, 41.901912], [12.4649359, 41.9019325], [12.4650083, 41.9019408], [12.4650932, 41.9019473], [12.4651519, 41.9019613], [12.4651894, 41.9019762], [12.4652253, 41.9019946], [12.4652691, 41.9020173], [12.4653092, 41.9020319], [12.4653742, 41.9020449], [12.4654494, 41.902048], [12.4655015, 41.9020561], [12.4655402, 41.90207], [12.4655906, 41.9020952], [12.4656304, 41.9021107], [12.4656804, 41.9021204], [12.4657467, 41.9021289], [12.4658142, 41.9021442], [12.4658672, 41.902165], [12.4659064, 41.9021852], [12.4659301, 41.9022052], [12.4659561, 41.9022245], [12.4659948, 41.9022431], [12.46604, 41.9022446], [12.4660803, 41.9022365], [12.4661119, 41.9022297], [12.4661402, 41.9022237], [12.4661768, 41.9022275], [12.4662099, 41.9022359], [12.4662458, 41.9022567], [12.4662757, 41.9022745], [12.4663057, 41.9022912], [12.4663267, 41.9023154], [12.4663406, 41.9023416], [12.4663135, 41.9023437], [12.4661965, 41.9023528], [12.4660453, 41.9023339], [12.4659767, 41.9023158], [12.4659036, 41.9022869], [12.4658256, 41.9022481], [12.4657649, 41.9022114], [12.4656722, 41.9021682], [12.4655608, 41.902125], [12.4654958, 41.9021051], [12.4654085, 41.9020914], [12.4653185, 41.9020937], [12.4652471, 41.9020874], [12.4651169, 41.902068], [12.4649566, 41.9020424], [12.4648139, 41.9019784], [12.4646358, 41.9018845], [12.4640835, 41.901521], [12.4640588, 41.9015019]]]}}, {"type": "Feature", "properties": {}, "geometry": {"type": "Polygon", "coordinates": [[[12.4664874, 41.9023143], [12.4664911, 41.9022693], [12.4665126, 41.902264], [12.4665685, 41.9022358], [12.4666088, 41.9022283], [12.4666519, 41.9022238], [12.4667534, 41.9022313], [12.4668564, 41.9022543], [12.4669222, 41.9022646], [12.4669747, 41.9022631], [12.4670186, 41.9022541], [12.4670717, 41.9022466], [12.4671176, 41.9022518], [12.4671748, 41.9022636], [12.4672393, 41.9022769], [12.4673056, 41.9022809], [12.4673734, 41.9022839], [12.4674438, 41.9022858], [12.4675125, 41.9022814], [12.4675697, 41.902276], [12.4676229, 41.9022755], [12.467679, 41.9022787], [12.4677347, 41.9022885], [12.4678016, 41.9023075], [12.4678555, 41.9023254], [12.4679399, 41.9023456], [12.4679938, 41.9023556], [12.4680555, 41.9023591], [12.4681449, 41.9023661], [12.4682217, 41.9023672], [12.4682861, 41.9023643], [12.4683472, 41.9023689], [12.4683829, 41.9023797], [12.4684241, 41.9023954], [12.4684841, 41.9024062], [12.4685386, 41.9024043], [12.468602, 41.9023982], [12.4686508, 41.9023895], [12.4687089, 41.9023873], [12.4687816, 41.9023931], [12.4688866, 41.9024164], [12.4689425, 41.9024318], [12.4689956, 41.9024509], [12.4690567, 41.9024713], [12.4691146, 41.9024808], [12.4691644, 41.9024807], [12.4691612, 41.9025085], [12.4685274, 41.9024437], [12.4676918, 41.9023543], [12.4674818, 41.902358], [12.4669023, 41.9022881], [12.4667444, 41.9022654], [12.466629, 41.9022649], [12.4665679, 41.9022755], [12.4665227, 41.902295], [12.4664874, 41.9023143]]]}}, {"type": "Feature", "properties": {}, "geometry": {"type": "Polygon", "coordinates": [[[12.4631393, 41.8989462], [12.4631458, 41.8989687], [12.4631467, 41.8989934], [12.4631411, 41.8990238], [12.4631342, 41.8990419], [12.4631133, 41.8990626], [12.4630938, 41.8990776], [12.4630518, 41.8990785], [12.4630645, 41.8990356], [12.4631294, 41.898927], [12.4631393, 41.8989462]]]}}, {"type": "Feature", "properties": {}, "geometry": {"type": "Polygon", "coordinates": [[[12.4189616, 41.8919799], [12.4191594, 41.8920969], [12.4195364, 41.8917438], [12.4193386, 41.8916268], [12.4189616, 41.8919799]]]}}, {"type": "Feature", "properties": {}, "geometry": {"type": "Polygon", "coordinates": [[[12.4175763, 41.8926741], [12.4174743, 41.8925816], [12.4175299, 41.8925113], [12.4177986, 41.8926189], [12.417743, 41.892703], [12.4176115, 41.8926506], [12.4175763, 41.8926741]]]}}, {"type": "Feature", "properties": {}, "geometry": {"type": "Polygon", "coordinates": [[[12.4747646, 41.9031116], [12.4747412, 41.9031035], [12.4747164, 41.9031106], [12.4747059, 41.9031311], [12.4747159, 41.9031466], [12.4747402, 41.903154], [12.4747605, 41.9031482], [12.4747718, 41.903127], [12.4747646, 41.9031116]]]}}, {"type": "Feature", "properties": {}, "geometry": {"type": "Polygon", "coordinates": [[[12.4831383, 41.9009101], [12.4831499, 41.9008869], [12.483172, 41.9008716], [12.483185, 41.9008661], [12.4832134, 41.9008605], [12.4832431, 41.9008626], [12.4834425, 41.9009162], [12.4834749, 41.9009315], [12.4834905, 41.9009473], [12.4834989, 41.9009659], [12.4834985, 41.9009829], [12.483487, 41.9010061], [12.4835025, 41.9010096], [12.4834824, 41.9010515], [12.4834835, 41.9010544], [12.4834836, 41.9010581], [12.4834805, 41.9010625], [12.4834768, 41.9010651], [12.4834719, 41.9010674], [12.4834674, 41.901071], [12.4834639, 41.9010762], [12.4834632, 41.9010823], [12.4834635, 41.9010883], [12.4834655, 41.9010954], [12.4834655, 41.9011014], [12.483465, 41.9011072], [12.4834632, 41.9011114], [12.4834601, 41.9011146], [12.4834539, 41.901117], [12.4834483, 41.9011154], [12.4834464, 41.9011109], [12.4834433, 41.9011074], [12.483439, 41.9011038], [12.483437, 41.9011012], [12.4834371, 41.9010822], [12.4834385, 41.9010768], [12.4834381, 41.9010733], [12.4834363, 41.9010683], [12.4834375, 41.9010643], [12.4834444, 41.9010591], [12.4834505, 41.9010522], [12.4834528, 41.9010437], [12.4834528, 41.9010346], [12.4834505, 41.9010335], [12.4834435, 41.9010314], [12.483437, 41.9010304], [12.4834296, 41.9010304], [12.4834316, 41.9010251], [12.4834365, 41.9010208], [12.4834413, 41.9010153], [12.4834375, 41.9010098], [12.483431, 41.9010061], [12.4834232, 41.9010041], [12.4834118, 41.9009951], [12.4834001, 41.9009879], [12.483396, 41.9009842], [12.4833934, 41.9009868], [12.483396, 41.9009935], [12.483379, 41.9009848], [12.4833638, 41.9009791], [12.4833585, 41.9009819], [12.483358, 41.9009857], [12.4833601, 41.9009914], [12.4833575, 41.9009963], [12.4833506, 41.9009992], [12.4833392, 41.9010011], [12.4833329, 41.9010051], [12.4833305, 41.9009952], [12.4833263, 41.9009902], [12.4833164, 41.900982], [12.4833085, 41.9009765], [12.4832995, 41.9009723], [12.4832877, 41.9009716], [12.4832741, 41.9009759], [12.4832592, 41.9009819], [12.4832506, 41.9009823], [12.483242, 41.9009798], [12.4832382, 41.9009763], [12.4832451, 41.900973], [12.4832454, 41.9009679], [12.4832408, 41.9009632], [12.4832309, 41.9009624], [12.4832259, 41.9009616], [12.4832236, 41.9009561], [12.4832189, 41.9009512], [12.4832117, 41.9009506], [12.4832054, 41.9009532], [12.4831984, 41.9009572], [12.4831882, 41.9009584], [12.4831798, 41.9009588], [12.4831699, 41.9009554], [12.4831608, 41.9009509], [12.4831507, 41.9009473], [12.4831412, 41.9009484], [12.4831383, 41.9009528], [12.4831382, 41.9009613], [12.4831386, 41.9009689], [12.4831393, 41.9009738], [12.4831436, 41.900978], [12.4831487, 41.9009808], [12.4831493, 41.9009836], [12.4831537, 41.900985], [12.4831516, 41.900987], [12.4831503, 41.9009903], [12.4831534, 41.9009942], [12.4831577, 41.9009958], [12.4831634, 41.9009957], [12.4831616, 41.9009971], [12.4831583, 41.9009989], [12.4831559, 41.9010027], [12.4831578, 41.9010061], [12.4831639, 41.9010069], [12.4831658, 41.9010097], [12.4831664, 41.9010141], [12.4831608, 41.9010138], [12.483156, 41.901012], [12.4831513, 41.9010118], [12.4831443, 41.9010114], [12.4831383, 41.9010086], [12.4831365, 41.9010056], [12.4831339, 41.9010039], [12.4831301, 41.9010025], [12.4831266, 41.9010052], [12.4831257, 41.9010078], [12.4831233, 41.9010098], [12.4831209, 41.9010125], [12.4831172, 41.9010144], [12.4831145, 41.9010164], [12.4831125, 41.9010235], [12.4831102, 41.9010261], [12.4831042, 41.9010245], [12.4831007, 41.9010215], [12.4830987, 41.9010181], [12.4830975, 41.9010146], [12.4830973, 41.9010112], [12.4830949, 41.9010075], [12.4830903, 41.9010046], [12.4830847, 41.9010022], [12.4830822, 41.9009997], [12.4830813, 41.9009968], [12.483082, 41.9009935], [12.4830844, 41.9009903], [12.4830904, 41.9009866], [12.4830916, 41.9009843], [12.4830919, 41.9009812], [12.4830878, 41.9009761], [12.4830879, 41.900972], [12.4830914, 41.9009697], [12.4830963, 41.9009698], [12.4831012, 41.9009732], [12.4831069, 41.9009745], [12.4831128, 41.9009712], [12.4831191, 41.9009668], [12.4831212, 41.900961], [12.4831175, 41.9009523], [12.483114, 41.9009451], [12.4831067, 41.9009396], [12.4831224, 41.9009069], [12.4831383, 41.9009101]]]}}, {"type": "Feature", "properties": {}, "geometry": {"type": "LineString", "coordinates": [[12.4456914, 41.8826366], [12.4459905, 41.8824349], [12.4464921, 41.8819397], [12.4473445, 41.8810416], [12.4475074, 41.8809367], [12.4485815, 41.880391], [12.4490784, 41.8801575]]}}, {"type": "Feature", "properties": {}, "geometry": {"type": "Polygon", "coordinates": [[[12.4501458, 41.8853921], [12.4501592, 41.8854091], [12.450182, 41.8854241], [12.4502022, 41.8854281], [12.4502223, 41.8854231], [12.4502518, 41.8854061], [12.4502638, 41.8853921], [12.4502826, 41.8853762], [12.4502974, 41.8853662], [12.4503229, 41.8853712], [12.4503403, 41.8853802], [12.4503658, 41.8853832], [12.4503805, 41.8853672], [12.4503845, 41.8853442], [12.4503792, 41.8853292], [12.4503644, 41.8853083], [12.4503483, 41.8852943], [12.4503269, 41.8852803], [12.4503068, 41.8852703], [12.4502813, 41.8852623], [12.4502558, 41.8852564], [12.450225, 41.8852613], [12.4502062, 41.8852723], [12.4501887, 41.8852933], [12.4501767, 41.8853073], [12.4501566, 41.8853153], [12.4501351, 41.8853362], [12.4501297, 41.8853592], [12.4501311, 41.8853782], [12.4501458, 41.8853921]]]}}, {"type": "Feature", "properties": {}, "geometry": {"type": "LineString", "coordinates": [[12.4778147, 41.8895912], [12.4779591, 41.8897827], [12.4781093, 41.8899819]]}}, {"type": "Feature", "properties": {}, "geometry": {"type": "LineString", "coordinates": [[12.474884, 41.8911063], [12.4748862, 41.8913371], [12.4748877, 41.8915008]]}}, {"type": "Feature", "properties": {}, "geometry": {"type": "Polygon", "coordinates": [[[12.4449372, 41.8868574], [12.4449177, 41.8868642], [12.4449029, 41.8868749], [12.4448935, 41.8868885], [12.4448904, 41.8869036], [12.4448939, 41.8869186], [12.4449036, 41.8869321], [12.4449185, 41.8869426], [12.4449371, 41.886949], [12.4449575, 41.8869507], [12.4449776, 41.8869475], [12.4449952, 41.8869397], [12.4450092, 41.8869274], [12.4450169, 41.8869124], [12.4450175, 41.8868964], [12.4450108, 41.8868811], [12.4449977, 41.8868683], [12.4449796, 41.8868595], [12.4449586, 41.8868558], [12.4449372, 41.8868574]]]}}, {"type": "Feature", "properties": {}, "geometry": {"type": "Polygon", "coordinates": [[[12.4442609, 41.8878556], [12.4442419, 41.8878651], [12.4442284, 41.8878788], [12.4442218, 41.8878951], [12.4442231, 41.8879121], [12.4442319, 41.8879277], [12.4442474, 41.8879403], [12.4442677, 41.8879481], [12.4442903, 41.8879505], [12.4443126, 41.887947], [12.4443307, 41.8879389], [12.4443445, 41.887927], [12.4443527, 41.8879126], [12.4443543, 41.8878969], [12.4443493, 41.8878817], [12.4443381, 41.8878684], [12.4443219, 41.8878583], [12.4443023, 41.8878525], [12.4442813, 41.8878516], [12.4442609, 41.8878556]]]}}, {"type": "Feature", "properties": {}, "geometry": {"type": "Polygon", "coordinates": [[[12.5198733, 41.8079997], [12.5199379, 41.8079847], [12.5200589, 41.8079877], [12.5206601, 41.8082463], [12.5207207, 41.8083095], [12.5207368, 41.8083937], [12.5207207, 41.8084388], [12.5205593, 41.8085892], [12.5204786, 41.8086042], [12.5203938, 41.8086072], [12.5203131, 41.8085922], [12.5199661, 41.8084418], [12.5198047, 41.8083275], [12.5197684, 41.8082704], [12.5197684, 41.8081952], [12.5198249, 41.8080689], [12.5198733, 41.8079997]]]}}, {"type": "Feature", "properties": {}, "geometry": {"type": "Polygon", "coordinates": [[[12.520188, 41.8079636], [12.5201235, 41.8079005], [12.5201073, 41.8078253], [12.5201356, 41.8077621], [12.5201961, 41.807708], [12.5206601, 41.8073952], [12.52073, 41.8073891], [12.5208121, 41.8074072], [12.5208874, 41.8074362], [12.521108, 41.8076629], [12.5211241, 41.807732], [12.521108, 41.8078373], [12.520987, 41.8080629], [12.5208901, 41.8081591], [12.5208094, 41.8081862], [12.5207328, 41.8081982], [12.5206722, 41.8081832], [12.520188, 41.8079636]]]}}, {"type": "Feature", "properties": {}, "geometry": {"type": "Polygon", "coordinates": [[[12.5656125, 41.9436015], [12.5656116, 41.9436131], [12.5656418, 41.9436747], [12.5656496, 41.9436827], [12.5656642, 41.9436834], [12.565708, 41.9436776], [12.5657178, 41.9436747], [12.5657324, 41.9436646], [12.56575, 41.9436515], [12.5657587, 41.943632], [12.5657578, 41.943616], [12.565747, 41.9436022], [12.5657188, 41.9435928], [12.5656915, 41.9435848], [12.5656642, 41.9435805], [12.5656398, 41.9435776], [12.5656281, 41.943587], [12.5656125, 41.9436015]]]}}, {"type": "Feature", "properties": {}, "geometry": {"type": "LineString", "coordinates": [[12.5510216, 41.8359066], [12.5513327, 41.8355409], [12.5515768, 41.8352491], [12.5517645, 41.8349973], [12.5518128, 41.8348494], [12.5518209, 41.8347455], [12.5517136, 41.8344977], [12.5516358, 41.8343958], [12.551609, 41.834146], [12.5515875, 41.8340541], [12.5516143, 41.8339521], [12.5517538, 41.8338222], [12.5520328, 41.8335704], [12.5524941, 41.8330968], [12.5525746, 41.8329849], [12.5526904, 41.8325738], [12.5526988, 41.8324983], [12.5527123, 41.8323778], [12.5527452, 41.8323044], [12.5528219, 41.8322431], [12.553189, 41.8321533], [12.5532821, 41.8320758], [12.5532931, 41.831986], [12.5532383, 41.8318472], [12.553189, 41.8318063], [12.5531123, 41.8317859], [12.5530575, 41.8317614], [12.553052, 41.8317247], [12.5530849, 41.8316635], [12.5532218, 41.8314471], [12.5532492, 41.8313002], [12.5531999, 41.83119], [12.553063, 41.8310757], [12.5530411, 41.8309899], [12.5530301, 41.8308675], [12.5530011, 41.8308141], [12.5530246, 41.830696], [12.5530454, 41.8306474], [12.553078, 41.8306087], [12.5531909, 41.8305256], [12.5532325, 41.8304811], [12.5532598, 41.8304198], [12.5532648, 41.8303379], [12.5532547, 41.8302796], [12.5531671, 41.8301817], [12.5531089, 41.8301117], [12.5530968, 41.830087], [12.5531316, 41.8300183], [12.5532931, 41.829798], [12.5534574, 41.8297122], [12.553682, 41.829651], [12.5537533, 41.8296183], [12.5538573, 41.8295], [12.553934, 41.8292509], [12.5539943, 41.8290877], [12.5539998, 41.8289366], [12.5540491, 41.8288346], [12.5541641, 41.8287447], [12.554586, 41.8284345], [12.554838, 41.8282426], [12.5550517, 41.8281038], [12.5551448, 41.8279732], [12.5551777, 41.8278426], [12.5552817, 41.8277446], [12.5555228, 41.8275323], [12.5557912, 41.8272506], [12.555846, 41.8271282], [12.5559008, 41.8270669], [12.5560268, 41.827022], [12.5561967, 41.8269894], [12.5562788, 41.8268955], [12.5562953, 41.8267199], [12.5563731, 41.8265071], [12.5565602, 41.8261988], [12.5568832, 41.8258989], [12.5571904, 41.825596], [12.5574536, 41.8253784]]}}, {"type": "Feature", "properties": {}, "geometry": {"type": "LineString", "coordinates": [[12.5740133, 41.837012], [12.5739522, 41.8369784]]}}, {"type": "Feature", "properties": {}, "geometry": {"type": "LineString", "coordinates": [[12.5739522, 41.8369784], [12.5739029, 41.8369512], [12.5738976, 41.8369316], [12.5739827, 41.8368335], [12.5742263, 41.836562]]}}, {"type": "Feature", "properties": {}, "geometry": {"type": "LineString", "coordinates": [[12.573824, 41.8374155], [12.5738371, 41.8373332], [12.5738608, 41.8372843], [12.574008, 41.837104], [12.5740343, 41.8370413], [12.5740133, 41.837012]]}}, {"type": "Feature", "properties": {}, "geometry": {"type": "Polygon", "coordinates": [[[12.485995, 41.8984437], [12.4859844, 41.8984367], [12.4859705, 41.8984361], [12.4859587, 41.8984249], [12.4859628, 41.8984094], [12.4859566, 41.8983976], [12.4859693, 41.8983839], [12.4859827, 41.8983806], [12.4859941, 41.8983727], [12.4860092, 41.8983733], [12.486021, 41.8983812], [12.4860341, 41.8983827], [12.4860439, 41.8983943], [12.4860398, 41.8984076], [12.4860471, 41.8984206], [12.4860353, 41.8984352], [12.4860214, 41.8984358], [12.4860113, 41.898444], [12.485995, 41.8984437]]]}}, {"type": "Feature", "properties": {}, "geometry": {"type": "Polygon", "coordinates": [[[12.4908458, 41.8948976], [12.4908694, 41.8948903], [12.4908781, 41.8948724], [12.4908686, 41.8948569], [12.4908443, 41.8948503], [12.4908225, 41.8948582], [12.4908145, 41.8948748], [12.4908251, 41.8948916], [12.4908458, 41.8948976]]]}}, {"type": "Feature", "properties": {}, "geometry": {"type": "Polygon", "coordinates": [[[12.4450259, 41.8865769], [12.4449792, 41.8865745], [12.4449285, 41.886572], [12.4449955, 41.8857512], [12.4450504, 41.8857533], [12.4450987, 41.8857553], [12.4450259, 41.8865769]]]}}, {"type": "Feature", "properties": {}, "geometry": {"type": "Polygon", "coordinates": [[[12.4449955, 41.8857512], [12.4450489, 41.8850007], [12.4451063, 41.8850029], [12.445159, 41.885005], [12.4450987, 41.8857553], [12.4450504, 41.8857533], [12.4449955, 41.8857512]]]}}, {"type": "Feature", "properties": {}, "geometry": {"type": "Polygon", "coordinates": [[[12.4450584, 41.8848124], [12.4450489, 41.8850007], [12.4451063, 41.8850029], [12.445159, 41.885005], [12.445164, 41.884914], [12.4451742, 41.8848669], [12.4452161, 41.8847751], [12.4452278, 41.8846824], [12.4452472, 41.8845837], [12.4452722, 41.8843809], [12.4452743, 41.884328], [12.4452849, 41.884275], [12.4453019, 41.8842226], [12.4453246, 41.8841745], [12.4453718, 41.8841145], [12.4454246, 41.8840587], [12.4454696, 41.8840192], [12.4454975, 41.8839712], [12.4455283, 41.8839243], [12.4455477, 41.8838753], [12.4455643, 41.8837821], [12.4455769, 41.8837221], [12.4455895, 41.883662], [12.4456048, 41.8835835], [12.44562, 41.8835029], [12.4456373, 41.8834398], [12.4456659, 41.8833787], [12.4457188, 41.8833115], [12.4458338, 41.8832391], [12.4459254, 41.8831664], [12.4459461, 41.8831346], [12.4459498, 41.8831027], [12.4459475, 41.8830664], [12.4459254, 41.88303], [12.4458094, 41.8830072], [12.4456872, 41.8829845], [12.4455822, 41.8829856], [12.4455055, 41.8829994], [12.4453966, 41.8830535], [12.4453685, 41.8830443], [12.445366, 41.8830211], [12.445352, 41.8829875], [12.4453239, 41.882956], [12.4452537, 41.8829316], [12.4451417, 41.8829335], [12.4450847, 41.8829706], [12.4450177, 41.8830032], [12.4449563, 41.8830378], [12.4448971, 41.8830803], [12.4448578, 41.883127], [12.4448163, 41.8832102], [12.4447705, 41.8833281], [12.4447159, 41.8834706], [12.4446407, 41.883597], [12.4445615, 41.8837398], [12.4444614, 41.8838204], [12.444307, 41.8839272], [12.444249, 41.8839879], [12.4442473, 41.8840356], [12.4442679, 41.8841065], [12.4443348, 41.8842012], [12.4444532, 41.8842898], [12.4446358, 41.8844094], [12.4448104, 41.8844965], [12.4449705, 41.8846412], [12.4450455, 41.8847236], [12.4450584, 41.8848124]]]}}, {"type": "Feature", "properties": {}, "geometry": {"type": "LineString", "coordinates": [[12.3819218, 41.9033039], [12.3817937, 41.9033439], [12.3816639, 41.9033554], [12.3815444, 41.9033435]]}}, {"type": "Feature", "properties": {}, "geometry": {"type": "LineString", "coordinates": [[12.3815444, 41.9033435], [12.3814803, 41.9033117], [12.3813246, 41.9032375], [12.3812584, 41.9031914], [12.3811666, 41.9031721], [12.3811174, 41.9031803], [12.3810668, 41.903178], [12.3809627, 41.9031465], [12.3808757, 41.903097], [12.3806436, 41.903012], [12.3801458, 41.9029022], [12.3798233, 41.9029001], [12.3793853, 41.9027844], [12.3791112, 41.9026268], [12.3789606, 41.9025402], [12.3782749, 41.9020529], [12.3778522, 41.9017958], [12.3774965, 41.9015617], [12.37728, 41.9012778], [12.3770583, 41.9011473], [12.3767954, 41.9008864], [12.3767696, 41.9007253], [12.3764655, 41.9003761], [12.376383, 41.9002303], [12.3763366, 41.8999924], [12.3761974, 41.8989334], [12.3761458, 41.8987223], [12.3760814, 41.8986187], [12.3759982, 41.8985091], [12.375852, 41.8984019], [12.375687, 41.8982887], [12.3755658, 41.8981832], [12.3754608, 41.8980697], [12.3753706, 41.8979344], [12.3752643, 41.8977285], [12.3752127, 41.8974906], [12.3752066, 41.8974174], [12.3752179, 41.8973256], [12.3752329, 41.8972841], [12.375256, 41.8972426], [12.3752845, 41.8972131], [12.375321, 41.8971836], [12.3757231, 41.8970033], [12.375963, 41.8968761], [12.3760472, 41.8968229], [12.3761201, 41.8967538], [12.3761376, 41.896721], [12.3761553, 41.8966848], [12.3761591, 41.8966488], [12.3761613, 41.8965773], [12.3761461, 41.8963487], [12.3761434, 41.8962625], [12.3761559, 41.8961878], [12.3761871, 41.896113], [12.3762455, 41.8960476], [12.376336, 41.8959902], [12.3765211, 41.8959144], [12.3765703, 41.8958883], [12.3766143, 41.8958622], [12.3766515, 41.8958237], [12.3766835, 41.8957852], [12.3767033, 41.8957458], [12.3767178, 41.8956923], [12.3767214, 41.8956382], [12.3767184, 41.8955236], [12.3766995, 41.8953168], [12.3766768, 41.8951441], [12.3766407, 41.8949733], [12.3766402, 41.8949146], [12.3766505, 41.8948599], [12.3766688, 41.8948091], [12.3766898, 41.8947684], [12.3767278, 41.8947177], [12.3768676, 41.8945781], [12.3772336, 41.8942174], [12.3773864, 41.8940867], [12.3774244, 41.8940484], [12.3774571, 41.8940101], [12.3774886, 41.893965], [12.3775094, 41.89392], [12.3775429, 41.8938298], [12.3778673, 41.8933017], [12.3778945, 41.8932507], [12.377911, 41.8931998], [12.377914, 41.8931469], [12.377901, 41.89309], [12.3778563, 41.8930153], [12.3778312, 41.892955], [12.3778223, 41.8928987], [12.3778321, 41.8928344], [12.3778713, 41.8927499], [12.3779953, 41.8925193], [12.3780416, 41.8923832], [12.3780693, 41.8923174], [12.3780995, 41.892263], [12.3781637, 41.8921811], [12.3782019, 41.8921323], [12.3782171, 41.8920972], [12.3782233, 41.8920386], [12.3782126, 41.8919528], [12.3781509, 41.8917035], [12.3781438, 41.8916384], [12.3781421, 41.8915614], [12.378148, 41.8915169], [12.3781592, 41.8914804], [12.3781771, 41.8914422], [12.3782031, 41.8914113], [12.378455, 41.8912319], [12.3787402, 41.8910694], [12.3787708, 41.8910486], [12.3788296, 41.8910035], [12.3788683, 41.890959], [12.378899, 41.8909146], [12.3789282, 41.8908337], [12.3789521, 41.8907469], [12.378968, 41.8907064], [12.3789893, 41.89067], [12.3790501, 41.8906008], [12.3790872, 41.8905712], [12.3791243, 41.8905456], [12.3791718, 41.8905213], [12.3794303, 41.8904107], [12.3794958, 41.8903785], [12.3795506, 41.8903483], [12.3795973, 41.8903127], [12.3796332, 41.8902792], [12.3796809, 41.8902141], [12.3797344, 41.8901241], [12.3797518, 41.8900761], [12.3797611, 41.8900321], [12.3797611, 41.8899814], [12.379753, 41.8899346], [12.3797355, 41.8898849], [12.37971, 41.8898332], [12.3796678, 41.8897784], [12.3795855, 41.8896853], [12.3795058, 41.8895728], [12.3794893, 41.8895458], [12.3794741, 41.8895146], [12.3794629, 41.889487], [12.379453, 41.8894524], [12.379445, 41.8893981], [12.3794423, 41.8893438], [12.3794477, 41.8892472], [12.3795095, 41.8888757], [12.3795157, 41.8888385], [12.3795326, 41.8887983], [12.37955, 41.8887746], [12.3795753, 41.8887568], [12.3796122, 41.8887376], [12.3796544, 41.8887263], [12.3796886, 41.8887203], [12.379769, 41.8887161], [12.3798271, 41.8887083], [12.3798744, 41.8886965], [12.3799487, 41.8886671], [12.3801637, 41.8885638], [12.3802158, 41.8885313], [12.3802491, 41.888506], [12.3802743, 41.8884807], [12.3802984, 41.8884445], [12.3803171, 41.8884063], [12.380331, 41.8883597], [12.3803515, 41.8882434], [12.3803597, 41.8882155], [12.3803679, 41.8881896], [12.380379, 41.8881661], [12.3803901, 41.8881446], [12.3804199, 41.8881059], [12.3804307, 41.8880861], [12.3804375, 41.8880662], [12.3804414, 41.8880433], [12.3804412, 41.8880205], [12.3804178, 41.8878896], [12.3804103, 41.8878716], [12.380394, 41.8878511], [12.3803781, 41.8878393], [12.3803542, 41.8878265], [12.3801948, 41.8877796], [12.3801523, 41.8877617], [12.3801103, 41.8877357], [12.3800749, 41.8877071], [12.3800631, 41.8876944], [12.3800503, 41.8876775], [12.3800444, 41.8876649], [12.3800418, 41.8876479], [12.3800425, 41.8876336], [12.380052, 41.8876173], [12.3802376, 41.8874713], [12.3803871, 41.8873862], [12.3804178, 41.8873637], [12.3804504, 41.8873357], [12.3804763, 41.8873026], [12.3804902, 41.8872646], [12.3804973, 41.8872266], [12.3804973, 41.8870174]]}}, {"type": "Feature", "properties": {}, "geometry": {"type": "LineString", "coordinates": [[12.3916207, 41.8219283], [12.3898302, 41.8223356], [12.3888374, 41.8225077], [12.3880878, 41.8226222], [12.3876256, 41.8226838], [12.3870422, 41.8227796], [12.3863897, 41.8228871], [12.3862653, 41.8229027], [12.3859809, 41.8229167], [12.3855993, 41.8229167], [12.3851204, 41.8228934], [12.3846854, 41.8228653], [12.383125, 41.8227114], [12.3830843, 41.8226981], [12.3830173, 41.8226748], [12.382871, 41.8225696], [12.3827319, 41.8224729], [12.3826639, 41.8224402], [12.3826116, 41.8224246], [12.3822101, 41.8223888], [12.3817438, 41.8223374], [12.3809293, 41.8222461], [12.3807764, 41.8222461], [12.3806208, 41.8223], [12.3804036, 41.822394], [12.3802721, 41.822426], [12.3780164, 41.8222161], [12.376627, 41.8220382], [12.3760477, 41.8219502], [12.3752993, 41.8218043], [12.3743847, 41.8215605]]}}, {"type": "Feature", "properties": {}, "geometry": {"type": "Polygon", "coordinates": [[[12.5247193, 41.8723614], [12.5247308, 41.87236], [12.5247413, 41.8723559], [12.5247495, 41.8723497], [12.5247547, 41.8723419], [12.5247564, 41.8723332], [12.524754, 41.8723237], [12.5247474, 41.8723155], [12.5247374, 41.8723093], [12.5247252, 41.8723061], [12.5247123, 41.8723062], [12.5247001, 41.8723095], [12.5246903, 41.8723158], [12.5246838, 41.8723241], [12.5246816, 41.8723336], [12.5246834, 41.8723422], [12.5246888, 41.87235], [12.5246971, 41.8723562], [12.5247076, 41.8723601], [12.5247193, 41.8723614]]]}}, {"type": "Feature", "properties": {}, "geometry": {"type": "Polygon", "coordinates": [[[12.590673, 41.9257881], [12.5908962, 41.9260882], [12.5910679, 41.9262734], [12.5912395, 41.9263692], [12.5913854, 41.9264139], [12.5917974, 41.9263245], [12.5918489, 41.9261585], [12.5916258, 41.9256604], [12.5913511, 41.9257243], [12.5914112, 41.9258775], [12.5912996, 41.9258647], [12.5912309, 41.9256859], [12.590673, 41.9257881]]]}}, {"type": "Feature", "properties": {}, "geometry": {"type": "Polygon", "coordinates": [[[12.5895156, 41.9260161], [12.5896444, 41.9259203], [12.5900049, 41.9258245], [12.5902366, 41.9265206], [12.5902023, 41.9265653], [12.5899191, 41.9267185], [12.5898761, 41.9270953], [12.5896959, 41.9271592], [12.5894727, 41.9271719], [12.5894813, 41.926693], [12.5898332, 41.926527], [12.5897474, 41.9263482], [12.5899019, 41.9262843], [12.589859, 41.9262332], [12.5897216, 41.9262715], [12.5896873, 41.926246], [12.589756, 41.9261949], [12.5897216, 41.9261566], [12.5896015, 41.9261694], [12.5895156, 41.9260161]]]}}, {"type": "Feature", "properties": {}, "geometry": {"type": "LineString", "coordinates": [[12.4265026, 41.8151689], [12.4263354, 41.8151673], [12.4249199, 41.8129561], [12.424817, 41.8129072], [12.4236742, 41.8133321], [12.4235, 41.8131887], [12.4233609, 41.8129676], [12.4232246, 41.8130102], [12.4227561, 41.8131739], [12.4221195, 41.813391], [12.4216678, 41.8134993]]}}, {"type": "Feature", "properties": {}, "geometry": {"type": "LineString", "coordinates": [[12.4254467, 41.8161056], [12.4261926, 41.8158452]]}}, {"type": "Feature", "properties": {}, "geometry": {"type": "LineString", "coordinates": [[12.4263553, 41.8156877], [12.4259711, 41.8150923], [12.4258898, 41.8147382], [12.4253124, 41.8138198]]}}, {"type": "Feature", "properties": {}, "geometry": {"type": "LineString", "coordinates": [[12.4279767, 41.8180285], [12.428367, 41.8180775]]}}, {"type": "Feature", "properties": {}, "geometry": {"type": "LineString", "coordinates": [[12.4270229, 41.8186364], [12.4269602, 41.8187235]]}}, {"type": "Feature", "properties": {}, "geometry": {"type": "LineString", "coordinates": [[12.4277844, 41.8182898], [12.4279767, 41.8180285], [12.4276522, 41.8175211]]}}, {"type": "Feature", "properties": {}, "geometry": {"type": "LineString", "coordinates": [[12.4271147, 41.8187811], [12.4270229, 41.8186364], [12.4268143, 41.8183077], [12.4276211, 41.8180263]]}}, {"type": "Feature", "properties": {}, "geometry": {"type": "LineString", "coordinates": [[12.4228031, 41.8217174], [12.4278964, 41.8198611], [12.4321691, 41.8182699], [12.4321653, 41.8182398], [12.4320031, 41.8181198], [12.4319993, 41.818103], [12.4323553, 41.8178088]]}}, {"type": "Feature", "properties": {}, "geometry": {"type": "LineString", "coordinates": [[12.4274539, 41.8173975], [12.4274018, 41.8173243], [12.4272582, 41.8172504], [12.4271166, 41.8172599], [12.4264768, 41.8174856], [12.4262607, 41.8175578]]}}, {"type": "Feature", "properties": {}, "geometry": {"type": "LineString", "coordinates": [[12.4166129, 41.8023065], [12.4171145, 41.8023764], [12.4172319, 41.802399], [12.4173414, 41.8024246], [12.417425, 41.8024511], [12.417465, 41.8024666], [12.4175049, 41.802486], [12.4175597, 41.8025202], [12.4175994, 41.8025534], [12.4176362, 41.8025927], [12.4178426, 41.8028402], [12.4180569, 41.8031064]]}}, {"type": "Feature", "properties": {}, "geometry": {"type": "LineString", "coordinates": [[12.5196516, 41.8615134], [12.5196386, 41.8615052], [12.5194243, 41.8615345], [12.5192399, 41.8615873], [12.5191236, 41.8616359]]}}, {"type": "Feature", "properties": {}, "geometry": {"type": "Polygon", "coordinates": [[[12.5868665, 41.8800929], [12.586819, 41.8801149], [12.5867928, 41.8801442], [12.5868042, 41.880171], [12.586819, 41.8801856], [12.5868681, 41.8801856], [12.5869058, 41.8801966], [12.5869206, 41.8802137], [12.5869304, 41.8802491], [12.5869288, 41.8802747], [12.5869009, 41.880304], [12.5868452, 41.8803101], [12.5867747, 41.8803052], [12.5866928, 41.8802796], [12.58666, 41.8802418], [12.5866436, 41.8801991], [12.5866535, 41.8801405], [12.5866682, 41.8800966], [12.5867026, 41.8800649], [12.5867387, 41.8800405], [12.5867731, 41.8800209], [12.5867977, 41.8800161], [12.5868665, 41.8800929]]]}}, {"type": "Feature", "properties": {}, "geometry": {"type": "Polygon", "coordinates": [[[12.5868665, 41.8800929], [12.5869091, 41.8800917], [12.5869501, 41.88011], [12.5869779, 41.8801442], [12.5869714, 41.8801942], [12.5870058, 41.880243], [12.5870336, 41.8802784], [12.5870369, 41.880315], [12.5869894, 41.880332], [12.5869599, 41.8803552], [12.5869533, 41.880393], [12.5869877, 41.8804296], [12.5870418, 41.8804492], [12.5870877, 41.8804492], [12.587145, 41.8804431], [12.5871877, 41.8804284], [12.5872139, 41.8803918], [12.5872499, 41.8803516], [12.5872597, 41.8803089], [12.5872647, 41.8802564], [12.5872581, 41.8801917], [12.5872368, 41.8801454], [12.5872024, 41.880099], [12.5871565, 41.8800624], [12.5870648, 41.8800234], [12.5869812, 41.8800075], [12.5869058, 41.879999], [12.5868354, 41.8800039], [12.5867977, 41.8800161], [12.5868665, 41.8800929]]]}}, {"type": "Feature", "properties": {}, "geometry": {"type": "Polygon", "coordinates": [[[12.4517829, 41.9028097], [12.4517837, 41.9028047], [12.4517737, 41.9028048], [12.4517674, 41.9028017], [12.4517615, 41.9027942], [12.4517603, 41.9027824], [12.4517645, 41.9027709], [12.4517735, 41.9027611], [12.4517863, 41.902754], [12.4518016, 41.9027504], [12.4518175, 41.9027508], [12.4518325, 41.902755], [12.4518443, 41.9027626], [12.451848, 41.9027731], [12.4518475, 41.9027795], [12.4518441, 41.9027843], [12.4518516, 41.902786], [12.4518552, 41.9027902], [12.4518542, 41.902796], [12.4518474, 41.9028065], [12.4518364, 41.9028147], [12.4518224, 41.90282], [12.4518069, 41.9028216], [12.4517916, 41.9028194], [12.4517854, 41.9028163], [12.4517829, 41.9028097]]]}}, {"type": "Feature", "properties": {}, "geometry": {"type": "Polygon", "coordinates": [[[12.4514944, 41.9039214], [12.4514885, 41.9039062], [12.4514815, 41.9038974], [12.4514777, 41.9038842], [12.4514777, 41.9038733], [12.4514809, 41.9038681], [12.4514955, 41.9038757], [12.4515073, 41.9038821], [12.4515089, 41.9038922], [12.4515094, 41.903903], [12.4515057, 41.9039142], [12.4515008, 41.9039202], [12.4514944, 41.9039214]]]}}, {"type": "Feature", "properties": {}, "geometry": {"type": "Polygon", "coordinates": [[[12.4702323, 41.9366706], [12.4707885, 41.9367299], [12.4708333, 41.9367252], [12.4708464, 41.9367056], [12.4708343, 41.9366921], [12.4702403, 41.9366338], [12.4702323, 41.9366706]]]}}, {"type": "Feature", "properties": {}, "geometry": {"type": "LineString", "coordinates": [[12.3745479, 41.7996039], [12.3750829, 41.8002884]]}}, {"type": "Feature", "properties": {}, "geometry": {"type": "LineString", "coordinates": [[12.3744357, 41.799482], [12.3745479, 41.7996039]]}}, {"type": "Feature", "properties": {}, "geometry": {"type": "LineString", "coordinates": [[12.5448044, 41.9333903], [12.5451019, 41.9333863], [12.5456222, 41.9334761], [12.5466378, 41.9337681], [12.5472521, 41.9339457]]}}, {"type": "Feature", "properties": {}, "geometry": {"type": "Polygon", "coordinates": [[[12.4672439, 41.8273995], [12.4672068, 41.8272667], [12.4671456, 41.8272761], [12.4671827, 41.827409], [12.4672439, 41.8273995]]]}}, {"type": "Feature", "properties": {}, "geometry": {"type": "Polygon", "coordinates": [[[12.4675471, 41.8273081], [12.4676422, 41.8272789], [12.46771, 41.8273851], [12.4675929, 41.8274222], [12.4675471, 41.8273081]]]}}, {"type": "Feature", "properties": {}, "geometry": {"type": "Polygon", "coordinates": [[[12.467306, 41.8276197], [12.4672873, 41.8275565], [12.4672281, 41.8275662], [12.4672468, 41.8276295], [12.467306, 41.8276197]]]}}, {"type": "Feature", "properties": {}, "geometry": {"type": "Polygon", "coordinates": [[[12.4680886, 41.8273033], [12.468, 41.8271904], [12.4679476, 41.8272132], [12.4680361, 41.8273261], [12.4680886, 41.8273033]]]}}, {"type": "Feature", "properties": {}, "geometry": {"type": "Polygon", "coordinates": [[[12.4672047, 41.8272547], [12.4671672, 41.8271252], [12.4671043, 41.8271353], [12.4671418, 41.8272648], [12.4672047, 41.8272547]]]}}, {"type": "Feature", "properties": {}, "geometry": {"type": "Polygon", "coordinates": [[[12.4675963, 41.8274308], [12.4676368, 41.8275316], [12.4677774, 41.8274891], [12.4677161, 41.8273947], [12.4675963, 41.8274308]]]}}, {"type": "Feature", "properties": {}, "geometry": {"type": "Polygon", "coordinates": [[[12.4672835, 41.827541], [12.467245, 41.8274134], [12.4671858, 41.8274233], [12.4672243, 41.8275509], [12.4672835, 41.827541]]]}}, {"type": "Feature", "properties": {}, "geometry": {"type": "Polygon", "coordinates": [[[12.4675346, 41.8271102], [12.4675663, 41.8271598], [12.4674963, 41.8271816], [12.4674758, 41.8271303], [12.4675346, 41.8271102]]]}}, {"type": "Feature", "properties": {}, "geometry": {"type": "Polygon", "coordinates": [[[12.4678972, 41.8270482], [12.4678088, 41.8269332], [12.4677529, 41.8269571], [12.4678413, 41.827072], [12.4678972, 41.8270482]]]}}, {"type": "Feature", "properties": {}, "geometry": {"type": "Polygon", "coordinates": [[[12.4675715, 41.827168], [12.4676372, 41.827271], [12.4675433, 41.8272987], [12.4674999, 41.8271905], [12.4675715, 41.827168]]]}}, {"type": "Feature", "properties": {}, "geometry": {"type": "Polygon", "coordinates": [[[12.4679933, 41.8271774], [12.467904, 41.8270592], [12.4678495, 41.827082], [12.4679388, 41.8272002], [12.4679933, 41.8271774]]]}}, {"type": "Feature", "properties": {}, "geometry": {"type": "Polygon", "coordinates": [[[12.4690341, 41.8369713], [12.4691225, 41.8371388], [12.4691896, 41.8371191], [12.4691012, 41.8369517], [12.4690341, 41.8369713]]]}}, {"type": "Feature", "properties": {}, "geometry": {"type": "Polygon", "coordinates": [[[12.4692708, 41.8374241], [12.4693592, 41.8375916], [12.4694262, 41.8375719], [12.4693379, 41.8374045], [12.4692708, 41.8374241]]]}}, {"type": "Feature", "properties": {}, "geometry": {"type": "Polygon", "coordinates": [[[12.4691418, 41.8371823], [12.4692485, 41.8373845], [12.4693156, 41.8373649], [12.4692089, 41.8371627], [12.4691418, 41.8371823]]]}}, {"type": "Feature", "properties": {}, "geometry": {"type": "LineString", "coordinates": [[12.5095981, 41.8681508], [12.5094846, 41.8682396], [12.5093612, 41.8682992], [12.5093465, 41.8683525], [12.5093428, 41.8684345], [12.5093723, 41.8684964], [12.5094107, 41.8685419]]}}, {"type": "Feature", "properties": {}, "geometry": {"type": "Polygon", "coordinates": [[[12.4895803, 41.954328], [12.4893283, 41.9547091], [12.4889078, 41.9554496], [12.4885436, 41.9561599], [12.4883263, 41.9568945], [12.4885996, 41.9586029], [12.4886159, 41.9587048], [12.4887704, 41.9590813], [12.4888712, 41.9593216], [12.4890366, 41.9595521], [12.489343, 41.9598103], [12.4896481, 41.9599918], [12.4901077, 41.9601114], [12.4907282, 41.9602143], [12.4912596, 41.9602301], [12.4922672, 41.9601012], [12.4934328, 41.9598855], [12.4947995, 41.9595859], [12.4964386, 41.9593555], [12.4973898, 41.9592913], [12.4981825, 41.9592785], [12.4991165, 41.9593545], [12.4998324, 41.9594605], [12.5008467, 41.9597708], [12.5014831, 41.9600611], [12.5019243, 41.9603559], [12.5022614, 41.9606191], [12.5026554, 41.9609649], [12.5029771, 41.9613382], [12.5031986, 41.9615296], [12.5033445, 41.9617428], [12.5035934, 41.9622151], [12.5038595, 41.962464], [12.5040912, 41.9629171], [12.504323, 41.963466], [12.5044775, 41.9640595], [12.5045461, 41.9643659], [12.5045461, 41.9646275], [12.5043916, 41.9649977], [12.5041599, 41.965253], [12.5037908, 41.9655274], [12.5031966, 41.9657185], [12.5025529, 41.9658716], [12.5017001, 41.9659002], [12.5010997, 41.9659486], [12.5005593, 41.966016], [12.5001497, 41.9660739], [12.4996384, 41.9661154], [12.4992946, 41.9661469], [12.4989656, 41.9661799], [12.4984447, 41.9662875], [12.4975195, 41.9665044], [12.4969787, 41.9665623], [12.4957847, 41.9668486], [12.495309, 41.9671344], [12.4947791, 41.9675642], [12.4945391, 41.9681894], [12.4944871, 41.9684411], [12.494435, 41.969164], [12.4945174, 41.9695739], [12.4946403, 41.9698857], [12.4948514, 41.9702231], [12.4952775, 41.9705948], [12.4957873, 41.9708527], [12.49678, 41.9713626], [12.4973452, 41.9716362], [12.4975646, 41.9717698], [12.4980588, 41.9720708], [12.4984803, 41.9723418], [12.4996557, 41.9731684], [12.5011563, 41.974613], [12.5025089, 41.9759946], [12.5031118, 41.9764743], [12.5034693, 41.9767979], [12.5037994, 41.9771326], [12.5043419, 41.9776901], [12.5050444, 41.9784833], [12.5055449, 41.9794005], [12.5054369, 41.9803224], [12.5053412, 41.9807176], [12.5051367, 41.981072], [12.5048902, 41.9814779], [12.5045626, 41.9818769], [12.5039881, 41.9825346], [12.5029094, 41.9833839], [12.5026353, 41.98362], [12.5020644, 41.9841119], [12.5014908, 41.9846177], [12.500959, 41.9850865], [12.5005, 41.9855393], [12.4997869, 41.9861408], [12.4992139, 41.9865354], [12.4983964, 41.986958], [12.4981427, 41.9870424], [12.4980341, 41.9870611], [12.4978153, 41.9870277], [12.4975532, 41.9871533], [12.4975926, 41.9872365], [12.4974192, 41.9873298], [12.4973562, 41.9874356], [12.4985723, 41.9880895], [12.4987074, 41.9879521], [12.4988956, 41.9878123], [12.4990356, 41.9876641], [12.4995402, 41.9873209], [12.5002014, 41.9868569], [12.5006161, 41.986599], [12.5010575, 41.9862236], [12.5013882, 41.985783], [12.5017726, 41.98538], [12.5021656, 41.985065], [12.5027284, 41.9845487], [12.5038975, 41.9835456], [12.5047598, 41.9829745], [12.5053937, 41.982452], [12.505702, 41.9821979], [12.5062866, 41.9813968], [12.5063761, 41.981073], [12.5062687, 41.9806383], [12.5062091, 41.980004], [12.5063821, 41.9798532], [12.5064261, 41.9797317], [12.5063606, 41.9794844], [12.5064834, 41.9793309], [12.5064699, 41.9792576], [12.5063544, 41.9792402], [12.5062629, 41.978962], [12.5061226, 41.9786279], [12.5058442, 41.9782781], [12.5057755, 41.9781807], [12.5056557, 41.9780536], [12.5053143, 41.9776092], [12.5045663, 41.9768088], [12.5043788, 41.9766984], [12.5042421, 41.9765503], [12.5034462, 41.9758581], [12.5029565, 41.9753786], [12.5026879, 41.9751654], [12.5024156, 41.9749192], [12.5021197, 41.9746298], [12.5018422, 41.9743477], [12.50171, 41.9741725], [12.5014252, 41.9738862], [12.5008974, 41.9733422], [12.5006927, 41.9731344], [12.4999578, 41.9725136], [12.4988503, 41.9717643], [12.4984002, 41.9714575], [12.4980201, 41.9712144], [12.4975296, 41.9709958], [12.4969302, 41.9707157], [12.4961746, 41.9702497], [12.4956739, 41.969868], [12.4953729, 41.9694982], [12.4952081, 41.9692107], [12.4952666, 41.9688238], [12.4953808, 41.9685053], [12.4954849, 41.9681246], [12.4958697, 41.9676762], [12.4965193, 41.9673287], [12.496985, 41.9670893], [12.4972689, 41.9669748], [12.4976604, 41.9668993], [12.4980429, 41.9668174], [12.4986145, 41.9667793], [12.499568, 41.9667821], [12.5018858, 41.966707], [12.5026292, 41.9665822], [12.5032339, 41.9664502], [12.5032979, 41.9664248], [12.5037781, 41.966234], [12.5045103, 41.96585], [12.5048362, 41.9656322], [12.5050426, 41.9653083], [12.5051361, 41.9651616], [12.5052999, 41.9647541], [12.5052467, 41.9641572], [12.5050207, 41.9634586], [12.5041243, 41.9613605], [12.5030853, 41.9602719], [12.5024413, 41.9597715], [12.5018641, 41.9594596], [12.5015894, 41.9594487], [12.5009618, 41.959172], [12.5003318, 41.9590111], [12.4984092, 41.9587622], [12.4975526, 41.9587685], [12.496971, 41.9587052], [12.496212, 41.9587098], [12.495067, 41.9588899], [12.4943339, 41.9589984], [12.49368, 41.9591452], [12.4929984, 41.9592473], [12.4920805, 41.9594033], [12.4908341, 41.9594268], [12.4901148, 41.959337], [12.4897909, 41.9591769], [12.4895912, 41.9589883], [12.4894247, 41.9587526], [12.489285, 41.958299], [12.489277, 41.9581736], [12.489191, 41.9574346], [12.4891501, 41.9569431], [12.4893198, 41.9561644], [12.4895181, 41.9557925], [12.4901425, 41.9549658], [12.4904178, 41.9547884], [12.4907862, 41.9544698], [12.4913539, 41.9539815], [12.4917665, 41.953617], [12.4921202, 41.9533401], [12.4924512, 41.9531948], [12.4932165, 41.952858], [12.4937572, 41.952558], [12.4947556, 41.9521698], [12.4952764, 41.9518495], [12.4957227, 41.9515367], [12.4971389, 41.9509111], [12.4977312, 41.9505664], [12.4983491, 41.9502536], [12.4990272, 41.9498706], [12.4991903, 41.9500621], [12.4992675, 41.9503111], [12.4993619, 41.9504771], [12.4994907, 41.9504132], [12.4994049, 41.9501196], [12.4993238, 41.9499344], [12.4991903, 41.9497302], [12.4997224, 41.9494493], [12.5001638, 41.9491642], [12.5009116, 41.9486936], [12.5021361, 41.9477645], [12.502675, 41.9472342], [12.5030355, 41.9464362], [12.5028724, 41.9456319], [12.502841, 41.9449214], [12.5024089, 41.9442018], [12.5021858, 41.9439337], [12.5018813, 41.9436112], [12.5016622, 41.9433909], [12.5013585, 41.9431206], [12.5010807, 41.9429106], [12.5007682, 41.9426904], [12.5007168, 41.94259], [12.5005477, 41.9424189], [12.4999456, 41.9431038], [12.5002839, 41.9432445], [12.5003919, 41.9432895], [12.500741, 41.9435037], [12.5011026, 41.9437916], [12.5013226, 41.9440697], [12.5014704, 41.9443657], [12.5016332, 41.9444844], [12.5017652, 41.9448275], [12.5021257, 41.9452999], [12.5022287, 41.9457148], [12.5021171, 41.9461553], [12.501997, 41.9465384], [12.5014305, 41.9472661], [12.5009927, 41.9476747], [12.5004777, 41.9480832], [12.4995336, 41.9487599], [12.4989731, 41.9490826], [12.4980037, 41.9495613], [12.4971389, 41.9498579], [12.4967441, 41.9501068], [12.4960746, 41.9504707], [12.4953451, 41.9508345], [12.4944353, 41.9513005], [12.4936885, 41.951709], [12.4929418, 41.9520091], [12.4921951, 41.9525516], [12.4910003, 41.9529477], [12.4909642, 41.9530639], [12.4905214, 41.95349], [12.4902532, 41.953659], [12.4897027, 41.9539084], [12.4896824, 41.9540145], [12.4897259, 41.9541078], [12.4895803, 41.954328]]]}}, {"type": "Feature", "properties": {}, "geometry": {"type": "Polygon", "coordinates": [[[12.5088145, 41.9402781], [12.5090879, 41.940642], [12.5092654, 41.9404544], [12.5085643, 41.9394953], [12.5077215, 41.9389041], [12.5070501, 41.9386849], [12.506406, 41.9386085], [12.5057346, 41.9386441], [12.5051248, 41.9388021], [12.504789, 41.9390621], [12.5046109, 41.9392659], [12.504419, 41.9394596], [12.5043711, 41.9398113], [12.5045343, 41.9402934], [12.5045037, 41.9404507], [12.5042769, 41.9406869], [12.5039145, 41.9408094], [12.503499, 41.9408054], [12.5027093, 41.9405884], [12.5022544, 41.9404734], [12.5019626, 41.9404798], [12.501549, 41.9406008], [12.5012797, 41.9408038], [12.501152, 41.9409941], [12.5009809, 41.9413788], [12.5009401, 41.9415827], [12.5009273, 41.9418198], [12.5008897, 41.9420887], [12.5007095, 41.9423249], [12.5005477, 41.9424189], [12.5007168, 41.94259], [12.5007682, 41.9426904], [12.5007867, 41.942542], [12.5008897, 41.9424079], [12.5010528, 41.9423313], [12.5011472, 41.9421972], [12.5012846, 41.9418972], [12.5012846, 41.9416354], [12.5013446, 41.9412907], [12.5014047, 41.941131], [12.5015592, 41.9408948], [12.5017443, 41.9407388], [12.5020847, 41.940627], [12.5023607, 41.9406394], [12.5033139, 41.9408928], [12.5035698, 41.9409655], [12.5038766, 41.94108], [12.5043058, 41.9409842], [12.5046577, 41.9407544], [12.5048294, 41.9405692], [12.504883, 41.9403948], [12.5047226, 41.939801], [12.5048027, 41.9393882], [12.5051727, 41.939057], [12.5057688, 41.9388174], [12.5063375, 41.9387919], [12.5068034, 41.9388531], [12.5072488, 41.938955], [12.507701, 41.9392201], [12.5083108, 41.9396074], [12.5088145, 41.9402781]]]}}, {"type": "Feature", "properties": {}, "geometry": {"type": "LineString", "coordinates": [[12.5926171, 41.8812614], [12.5925545, 41.8810621], [12.592487, 41.8807966], [12.5923964, 41.8803977], [12.5923617, 41.8801408], [12.5923174, 41.8799241], [12.5921324, 41.8796673], [12.592063, 41.8795151], [12.5920148, 41.8794333], [12.5920187, 41.8793214], [12.5920456, 41.8792181], [12.5920707, 41.8790803], [12.5920688, 41.8789555], [12.5919859, 41.8787044], [12.5919859, 41.8785982], [12.591957, 41.8784676], [12.5918452, 41.8783054], [12.591745, 41.878149], [12.5916679, 41.8779825], [12.5915445, 41.8777917], [12.5914539, 41.8776927], [12.5912541, 41.8775623], [12.591145, 41.8775035], [12.5910769, 41.8774487], [12.5910442, 41.8773391], [12.5910578, 41.8772518], [12.591126, 41.8770976], [12.5911805, 41.8770225], [12.5912268, 41.8769454], [12.591205, 41.87685], [12.591118, 41.8766349], [12.5910035, 41.8763304], [12.5907072, 41.8756762], [12.5905709, 41.8753738], [12.5905437, 41.8752622], [12.5905628, 41.8751627], [12.5905301, 41.8750125], [12.5904892, 41.8748867], [12.5903965, 41.8747446], [12.5902384, 41.874426], [12.5899331, 41.873876], [12.5898334, 41.8736204], [12.5897004, 41.8733635], [12.5896522, 41.8732401]]}}, {"type": "Feature", "properties": {}, "geometry": {"type": "Polygon", "coordinates": [[[12.5118593, 41.9137699], [12.5118881, 41.9137434], [12.5118955, 41.9137215], [12.5119103, 41.913711], [12.5119277, 41.9137085], [12.5119817, 41.9137055], [12.5120402, 41.9136881], [12.5120918, 41.9136619], [12.5121698, 41.9136556], [12.5121879, 41.9136516], [12.5122046, 41.9136526], [12.5122181, 41.9136576], [12.5122261, 41.9136668], [12.5122281, 41.9136825], [12.5122147, 41.913726], [12.5121792, 41.9137798], [12.5121363, 41.9138258], [12.5121128, 41.9138522], [12.5120777, 41.9138712], [12.5120095, 41.9138936], [12.5119787, 41.9139076], [12.5119586, 41.9139081], [12.5119395, 41.9139008], [12.5119244, 41.9138816], [12.5118966, 41.9138694], [12.5118734, 41.9138632], [12.51186, 41.9138447], [12.5118486, 41.9138218], [12.5118493, 41.9138008], [12.5118593, 41.9137988], [12.5118633, 41.9137908], [12.5118526, 41.9137843], [12.5118593, 41.9137699]]]}}, {"type": "Feature", "properties": {}, "geometry": {"type": "LineString", "coordinates": [[12.576349, 41.9601983], [12.5767308, 41.9606745]]}}, {"type": "Feature", "properties": {}, "geometry": {"type": "LineString", "coordinates": [[12.557812, 41.9689671], [12.557582, 41.96869]]}}, {"type": "Feature", "properties": {}, "geometry": {"type": "LineString", "coordinates": [[12.557856, 41.9765291], [12.5577854, 41.9764693], [12.5577179, 41.9763558], [12.5576354, 41.9762726], [12.5575173, 41.9762033], [12.5573796, 41.9761228], [12.5571621, 41.975996], [12.5569102, 41.9758241], [12.5565637, 41.9755422], [12.5564356, 41.9753088], [12.5563376, 41.9750268], [12.5562974, 41.9746086], [12.5563376, 41.9743192], [12.5564808, 41.9738095], [12.5565662, 41.9735425], [12.5568148, 41.9729394], [12.5570952, 41.9722655], [12.5573474, 41.971645], [12.557489, 41.971019], [12.5575832, 41.9706602], [12.5578765, 41.9694063], [12.5578842, 41.9692861], [12.5578704, 41.9691659], [12.5578519, 41.9690605], [12.557812, 41.9689671]]}}, {"type": "Feature", "properties": {}, "geometry": {"type": "LineString", "coordinates": [[12.557582, 41.96869], [12.5575331, 41.9685988], [12.5575141, 41.9685513], [12.5575111, 41.9685037], [12.5575173, 41.9682492], [12.5575265, 41.9681489], [12.557552, 41.9680499], [12.5575802, 41.9679879], [12.5576138, 41.9679299], [12.557662, 41.9678693], [12.5578809, 41.9676173], [12.558242, 41.9671353], [12.5587076, 41.9663265], [12.5588251, 41.9660386], [12.5587772, 41.9658089], [12.5586641, 41.9655242], [12.5587533, 41.965212], [12.5588164, 41.9648254], [12.5587903, 41.9645746], [12.5586162, 41.9633905], [12.5585401, 41.9628098], [12.5585205, 41.9626771], [12.5584705, 41.9625461], [12.5581886, 41.9617443], [12.5579163, 41.9609401], [12.5576933, 41.9602881], [12.5576363, 41.9602343], [12.5574964, 41.9601222], [12.5572195, 41.95989], [12.5570949, 41.9598191], [12.5569518, 41.9597218], [12.5567733, 41.9596063]]}}, {"type": "Feature", "properties": {}, "geometry": {"type": "LineString", "coordinates": [[12.576349, 41.9601983], [12.5761682, 41.9599835], [12.5760753, 41.9599331], [12.5759598, 41.9599125], [12.5758543, 41.9598733], [12.5758292, 41.9598135], [12.5758166, 41.9597631], [12.5757438, 41.9597351], [12.5756433, 41.9597351], [12.5755178, 41.9597202], [12.5754449, 41.9596791], [12.5753746, 41.9595838], [12.5753771, 41.9594288], [12.5752967, 41.9593653], [12.5750582, 41.959229], [12.5748673, 41.9590647], [12.5747543, 41.9589993], [12.5746488, 41.9589732], [12.5746017, 41.9589493], [12.574576, 41.9589115], [12.5745433, 41.9588088], [12.5745147, 41.9587675], [12.5744834, 41.9587465], [12.5744404, 41.9587276], [12.5743826, 41.9587117], [12.5742767, 41.9586756], [12.5742266, 41.9586565], [12.5741792, 41.9586314], [12.5741255, 41.9585953], [12.5741094, 41.9585742], [12.5741013, 41.9585492], [12.5741001, 41.9585222], [12.5741095, 41.9584951], [12.5741252, 41.9584727], [12.5741516, 41.9584503], [12.5742369, 41.9584073], [12.5742612, 41.9583821], [12.5742721, 41.958355], [12.5742724, 41.9583335], [12.5742686, 41.9583119], [12.5742598, 41.9582936], [12.5742469, 41.9582754], [12.5742193, 41.9582601], [12.5741756, 41.9582468], [12.574128, 41.9582381], [12.5739783, 41.9582224], [12.5736072, 41.9581988], [12.5735281, 41.9581874], [12.5734597, 41.9581738], [12.5733806, 41.9581533], [12.5733187, 41.9581301], [12.5732675, 41.9581029], [12.5731545, 41.9580114], [12.5731156, 41.9579871], [12.57307, 41.9579698], [12.5730014, 41.9579562], [12.572926, 41.9579497], [12.5728397, 41.9579361], [12.5727768, 41.9579205], [12.5727125, 41.9578984], [12.5726523, 41.9578713], [12.5725066, 41.9577929], [12.5718185, 41.9576416], [12.571708, 41.9576117], [12.5715698, 41.9575949], [12.5713915, 41.9576098], [12.5712609, 41.9576304], [12.5711881, 41.9576902], [12.5711153, 41.9577331], [12.5710148, 41.957748], [12.5709319, 41.957735], [12.5708014, 41.9576547], [12.5706306, 41.9574978], [12.5700052, 41.9570477], [12.5697968, 41.9569244], [12.5696034, 41.9568367], [12.5695205, 41.9567414], [12.56941, 41.9566387], [12.5691689, 41.9564986], [12.5687747, 41.9562633], [12.5685612, 41.956127], [12.5683502, 41.9560653], [12.5680514, 41.9559066], [12.5676496, 41.9557142], [12.5672854, 41.9553351], [12.5670694, 41.9551595], [12.5668183, 41.9550232], [12.5666626, 41.954928], [12.5665445, 41.9548869], [12.5663311, 41.954786], [12.566095, 41.9545694], [12.5655877, 41.9541137], [12.5654295, 41.9539923], [12.5652813, 41.9537513], [12.5651206, 41.9535384], [12.5649925, 41.9534039], [12.564877, 41.9532807], [12.5647439, 41.9531892], [12.5645153, 41.9530621], [12.5643446, 41.952881], [12.5641562, 41.9527278], [12.5640382, 41.9526475], [12.5639, 41.9526232], [12.5637845, 41.9526232], [12.5636589, 41.9526363], [12.5635208, 41.9526195], [12.5634028, 41.9525728], [12.5631115, 41.9524832], [12.5627624, 41.9524084], [12.5622777, 41.95233], [12.5621044, 41.9522852], [12.5620465, 41.952232], [12.5619763, 41.9521675], [12.5616636, 41.9521385], [12.5613364, 41.9520468], [12.5610467, 41.951967], [12.5603924, 41.9517979], [12.5601188, 41.951742], [12.5597916, 41.9516782], [12.559577, 41.9516383], [12.5589976, 41.9514428], [12.5585202, 41.9512433], [12.5578657, 41.9510239], [12.5571898, 41.9507725], [12.5567285, 41.9506369], [12.5561867, 41.9504574], [12.5558648, 41.9504015], [12.5556951, 41.9503275]]}}, {"type": "Feature", "properties": {}, "geometry": {"type": "LineString", "coordinates": [[12.5974238, 41.9876627], [12.5976115, 41.9873557], [12.5978744, 41.9871284], [12.5979656, 41.9869689], [12.5979924, 41.9868613], [12.5979924, 41.9864226], [12.5979817, 41.9862871], [12.5980085, 41.9861914], [12.5981319, 41.9859162], [12.5983518, 41.9852982], [12.5983518, 41.9851507], [12.5983089, 41.985039], [12.5982606, 41.9849074], [12.5982445, 41.9846403], [12.5981802, 41.9845366], [12.5976759, 41.9841059], [12.5975633, 41.9839265], [12.597456, 41.9837231], [12.5974452, 41.9835317], [12.5974882, 41.9833603], [12.5976652, 41.9829575], [12.5976545, 41.9826345], [12.5974828, 41.9823873], [12.597456, 41.9822676], [12.5974882, 41.9821839], [12.5977135, 41.9820124], [12.5978208, 41.9817891], [12.5979649, 41.9815299], [12.5980803, 41.9813948], [12.598097, 41.9812907], [12.5980702, 41.9811152], [12.5981051, 41.9809577], [12.5982714, 41.980533], [12.5983116, 41.9804313], [12.5984028, 41.9803575], [12.5984725, 41.9803037], [12.5985235, 41.9801621], [12.5985449, 41.9797594], [12.5985771, 41.9796836], [12.5986247, 41.9796285], [12.5986737, 41.9795719], [12.5986898, 41.9794483], [12.5986093, 41.9793127], [12.5986201, 41.9791452], [12.5986415, 41.978898], [12.5985825, 41.9786627], [12.5985342, 41.9784314], [12.5984269, 41.9783517], [12.5982553, 41.9781682], [12.5980568, 41.9778731], [12.5978368, 41.9774863], [12.5975847, 41.9772111], [12.5973862, 41.9768442], [12.5972146, 41.9766568], [12.5968015, 41.9763218], [12.5964528, 41.9759748], [12.5953209, 41.9750855], [12.5951493, 41.9749738], [12.5950098, 41.974922], [12.594924, 41.9748901], [12.5943875, 41.9748502], [12.5939262, 41.9747784], [12.5934112, 41.9745351], [12.5931108, 41.9742879], [12.5927567, 41.9739409], [12.5922793, 41.9737175], [12.5914586, 41.9732589], [12.5912923, 41.9730675], [12.5911581, 41.9728242], [12.5910562, 41.9727205], [12.5903159, 41.9723895], [12.5900316, 41.9722579], [12.5894844, 41.9721063], [12.5893396, 41.9720265], [12.5892377, 41.9719428], [12.5890285, 41.9715719], [12.5888622, 41.9714562], [12.5885028, 41.9712688], [12.5880361, 41.9710295], [12.5877464, 41.9709497], [12.587564, 41.9709138], [12.587285, 41.9707981], [12.5869846, 41.9706745], [12.5866842, 41.9706705], [12.5864589, 41.9706625], [12.5863141, 41.9706067], [12.58618, 41.9705389], [12.5860673, 41.9704073], [12.5859654, 41.9702517], [12.58596, 41.9700603], [12.5860072, 41.969914], [12.586041, 41.9697906], [12.5860855, 41.9696791], [12.5860855, 41.9695465], [12.5861656, 41.9694562], [12.5862768, 41.9693831], [12.5863388, 41.9692986], [12.5863302, 41.9692387], [12.5862923, 41.9691755], [12.5861785, 41.9691083], [12.5859216, 41.9690531], [12.5858079, 41.9689963], [12.5858088, 41.9689372], [12.5857675, 41.9688488], [12.5856718, 41.9687796], [12.5855296, 41.9687796], [12.5854417, 41.9688142], [12.5853693, 41.9687892], [12.5853642, 41.9687065], [12.5854107, 41.9685278], [12.5853952, 41.9684317], [12.5852711, 41.9683432], [12.5851884, 41.9682817], [12.5851936, 41.968201], [12.5851418, 41.9681568], [12.5850178, 41.9681145], [12.5849092, 41.9681222], [12.584798, 41.9681779], [12.584736, 41.9682164], [12.5846222, 41.9681453], [12.5844132, 41.9680721], [12.5839782, 41.9679606], [12.5837222, 41.9678302], [12.5834334, 41.9675964], [12.5824894, 41.9669414], [12.5822533, 41.9667771], [12.5821227, 41.9666202], [12.5820474, 41.9665045], [12.5819067, 41.9664018], [12.5818389, 41.9663383], [12.5817787, 41.966286], [12.5817937, 41.9662281], [12.581957, 41.9661628], [12.5820549, 41.9661273], [12.5820599, 41.9660675], [12.5819796, 41.9659686], [12.581854, 41.9658472], [12.5817837, 41.9657258], [12.5818339, 41.9654961], [12.5817962, 41.9654102], [12.5817309, 41.9653785], [12.5816079, 41.9653411], [12.5814823, 41.9653], [12.581417, 41.9652384], [12.5814095, 41.965132], [12.5813793, 41.9649807], [12.5813166, 41.9648967], [12.5812412, 41.9647996], [12.5810328, 41.9646745], [12.5807364, 41.9643869], [12.5805782, 41.9641964], [12.5804501, 41.9641236], [12.5803296, 41.9640919], [12.5802467, 41.9641012], [12.5801663, 41.9640582], [12.580081, 41.9639798], [12.5798625, 41.9638435], [12.5798198, 41.9637632], [12.5797344, 41.963668], [12.5796239, 41.9636437], [12.579546, 41.9636493], [12.5794205, 41.9637034], [12.5793501, 41.9637595], [12.5792648, 41.963851], [12.579212, 41.9638678], [12.5791216, 41.9638398], [12.5789157, 41.9636586], [12.5781145, 41.9628986], [12.5779136, 41.9626764], [12.5777705, 41.9624299], [12.5775721, 41.9621703], [12.5773435, 41.9618379], [12.5771803, 41.9616605], [12.577105, 41.9614588], [12.5770974, 41.9613804], [12.5771225, 41.9613355], [12.5772481, 41.9613113], [12.5773084, 41.9612721], [12.577331, 41.9612328], [12.5772808, 41.9611768], [12.5772581, 41.961089], [12.5773511, 41.9609919], [12.5773762, 41.9609266], [12.5773586, 41.9608818], [12.5773034, 41.9608519], [12.5771376, 41.9608481], [12.5769744, 41.9608351], [12.5768362, 41.9607566], [12.5767308, 41.9606745]]}}, {"type": "Feature", "properties": {}, "geometry": {"type": "LineString", "coordinates": [[12.5832981, 41.9776797], [12.582996, 41.9776069], [12.5827946, 41.9775907], [12.5823836, 41.9776392], [12.5816215, 41.977702], [12.5814092, 41.9777101], [12.5812269, 41.9776898], [12.5810908, 41.9776352], [12.580522, 41.977362], [12.579564, 41.9768967], [12.5789951, 41.9765831], [12.5786631, 41.9763929], [12.5784916, 41.9762573], [12.5783882, 41.9760954], [12.5782929, 41.9758628], [12.5782195, 41.9757009], [12.5781133, 41.9755674], [12.5775499, 41.975019], [12.57709, 41.974582], [12.5766327, 41.9741044], [12.5758707, 41.9733113], [12.5756693, 41.9731089], [12.5754624, 41.9730199], [12.5751848, 41.9729167], [12.5747466, 41.9728074], [12.5744309, 41.972688], [12.574039, 41.9725039], [12.5735301, 41.9722267], [12.5731314, 41.9719472], [12.572666, 41.9716128], [12.5725006, 41.9714571], [12.5721154, 41.9710804], [12.571937, 41.9708959], [12.5718284, 41.9707728], [12.5717069, 41.9706767], [12.5715104, 41.9704211], [12.5714096, 41.9702904], [12.5713708, 41.9701712], [12.5712476, 41.9698845], [12.5708126, 41.9690391], [12.57067, 41.9688597], [12.5703775, 41.9686123], [12.5697211, 41.9680225], [12.5694099, 41.9677414], [12.5691723, 41.9675566], [12.5689858, 41.9673554], [12.5685544, 41.9666513], [12.5684849, 41.9665154], [12.5683679, 41.9663985], [12.5680425, 41.9661375], [12.5674905, 41.9657542], [12.567304, 41.9655612], [12.5672236, 41.9654144], [12.5672345, 41.965235], [12.5672345, 41.964974], [12.5671209, 41.96481], [12.5670809, 41.9647706]]}}, {"type": "Feature", "properties": {}, "geometry": {"type": "LineString", "coordinates": [[12.5638719, 41.97697], [12.5639596, 41.9770315]]}}, {"type": "Feature", "properties": {}, "geometry": {"type": "LineString", "coordinates": [[12.5583217, 41.9766856], [12.558823, 41.976531], [12.5592556, 41.9765058], [12.5595582, 41.9765037], [12.5597319, 41.9764891], [12.559914, 41.9764579], [12.5600051, 41.9764683], [12.5601466, 41.9765277], [12.560267, 41.9765797], [12.5603539, 41.9765818], [12.5606565, 41.9765547], [12.5614844, 41.9764673], [12.5617141, 41.9764839], [12.5619705, 41.9765277], [12.5622885, 41.9765579], [12.5626092, 41.9766049], [12.5626919, 41.9766788], [12.5628222, 41.9767226], [12.5629328, 41.9767236], [12.5630617, 41.9766788], [12.5632368, 41.9766393], [12.5633517, 41.976633], [12.5633881, 41.9766393], [12.5634623, 41.9767288], [12.5635772, 41.9767892], [12.5638719, 41.97697]]}}, {"type": "Feature", "properties": {}, "geometry": {"type": "LineString", "coordinates": [[12.557856, 41.9765291], [12.5579968, 41.9766046], [12.5581474, 41.9766694], [12.5583217, 41.9766856]]}}, {"type": "Feature", "properties": {}, "geometry": {"type": "LineString", "coordinates": [[12.5639596, 41.9770315], [12.5642176, 41.9772029], [12.5645543, 41.9774341], [12.5646534, 41.9775343], [12.5647822, 41.9775652], [12.5649486, 41.9775446], [12.5650516, 41.9775873], [12.5652537, 41.977739], [12.5655152, 41.977876], [12.5655786, 41.977954], [12.5656816, 41.9780173], [12.5658777, 41.9781116], [12.5660798, 41.9781794], [12.5662363, 41.9782898], [12.566577, 41.978549], [12.5668128, 41.9786609], [12.5669594, 41.9788141], [12.5673814, 41.9790674], [12.5679182, 41.979443], [12.5681322, 41.9796329], [12.5684888, 41.9797154], [12.5688414, 41.9798347], [12.5690613, 41.979929], [12.5702194, 41.9800139], [12.5705621, 41.9800478], [12.5708593, 41.9800832], [12.5711941, 41.9800714], [12.5714829, 41.9800608], [12.5718304, 41.9801066], [12.5720293, 41.9801212], [12.5724075, 41.9801046], [12.5727129, 41.9800358], [12.5728263, 41.9799911], [12.5729313, 41.9798836], [12.5730541, 41.9797791], [12.57328, 41.9796834], [12.5735117, 41.9796024], [12.5737237, 41.9795788], [12.5741001, 41.9795287], [12.5742646, 41.9795317], [12.5745003, 41.9795567], [12.5747262, 41.9796421], [12.5752987, 41.9798984], [12.5762259, 41.9803284], [12.5766241, 41.9805905], [12.5771609, 41.9808998], [12.5773808, 41.9810427], [12.5778206, 41.9814756], [12.5780256, 41.9815864], [12.5782587, 41.9816805], [12.5784686, 41.9817253], [12.5785638, 41.9817562], [12.5787409, 41.9818858], [12.5789782, 41.982153], [12.5791472, 41.9823733], [12.5794181, 41.982808], [12.5796005, 41.9832307]]}}, {"type": "Feature", "properties": {}, "geometry": {"type": "LineString", "coordinates": [[12.387836, 41.9915975], [12.3876743, 41.9913692], [12.3875988, 41.9910347], [12.3874156, 41.990568], [12.3873132, 41.9902095], [12.3871676, 41.989921], [12.3871892, 41.9897117], [12.3872178, 41.989323], [12.3870687, 41.9885714], [12.386978, 41.9880495], [12.3868821, 41.9877873], [12.3867652, 41.9874282], [12.3866693, 41.987025], [12.386585, 41.9866332], [12.3864527, 41.9863069], [12.3863166, 41.9860404], [12.3859332, 41.9853921], [12.3856218, 41.9848909], [12.3852427, 41.9841187], [12.3850673, 41.9837617], [12.3846897, 41.982941], [12.3844593, 41.9825061], [12.384374, 41.9821649], [12.3843186, 41.9817794], [12.3843169, 41.9814554], [12.384313, 41.9813386], [12.3841609, 41.9810389], [12.3839567, 41.980761], [12.3838187, 41.9805116], [12.3836653, 41.9802152], [12.3835647, 41.9799708], [12.3832826, 41.9791794], [12.3830602, 41.9786978], [12.382941, 41.9784599], [12.3828081, 41.978075], [12.3826129, 41.9776034], [12.3823256, 41.9770129], [12.3820789, 41.9764788], [12.381862, 41.9758943], [12.3815502, 41.9751728], [12.381438, 41.9749141], [12.381354, 41.9746561], [12.3812709, 41.9743375], [12.3811817, 41.9740945], [12.38113, 41.9738266], [12.3810147, 41.9734072], [12.3808103, 41.9727308], [12.3808073, 41.972721], [12.3806826, 41.9723521], [12.3805443, 41.972081], [12.3801307, 41.9714686], [12.3794665, 41.9705051], [12.3792306, 41.9702028], [12.3791086, 41.9701443], [12.3787263, 41.9699569], [12.3784064, 41.9697916], [12.3781256, 41.9696922]]}}, {"type": "Feature", "properties": {}, "geometry": {"type": "LineString", "coordinates": [[12.46566, 41.9694259], [12.4656086, 41.9694625]]}}, {"type": "Feature", "properties": {}, "geometry": {"type": "LineString", "coordinates": [[12.4922393, 41.9861638], [12.4920951, 41.986169], [12.4920438, 41.9861748], [12.492002, 41.9861822], [12.4919471, 41.9861961], [12.4919083, 41.9862082], [12.4918765, 41.9862202], [12.4918385, 41.9862403], [12.4918075, 41.9862604], [12.4917836, 41.9862775], [12.4917596, 41.9862979], [12.4917407, 41.986322], [12.4917266, 41.9863454], [12.4917176, 41.9863724], [12.4917131, 41.9864047], [12.4917135, 41.9864325], [12.491716, 41.9864609], [12.4917234, 41.9864849], [12.4917351, 41.9865113], [12.4917568, 41.9865391], [12.4917868, 41.986568], [12.4918166, 41.986591], [12.4918354, 41.9866057], [12.4918596, 41.9866192], [12.4918856, 41.986631], [12.4919185, 41.9866429], [12.4919512, 41.9866502], [12.4919879, 41.9866553], [12.4920225, 41.9866567], [12.4920612, 41.9866559], [12.4921123, 41.9866469], [12.4921514, 41.9866365], [12.4922039, 41.9866171], [12.4922504, 41.9865932], [12.4922975, 41.986564], [12.492332, 41.9865304], [12.4923626, 41.9864871], [12.4923724, 41.9864655], [12.4923812, 41.9864423], [12.4923846, 41.9864179], [12.4923871, 41.986392], [12.4923757, 41.9862945]]}}, {"type": "Feature", "properties": {}, "geometry": {"type": "LineString", "coordinates": [[12.4933634, 41.9855766], [12.4934304, 41.9855562], [12.4934974, 41.9855279], [12.4935348, 41.9855083], [12.4935681, 41.9854848], [12.4935958, 41.9854564], [12.4936167, 41.985424], [12.4936281, 41.9853958], [12.4936342, 41.9853656], [12.4936338, 41.9853324], [12.4936306, 41.9852973], [12.4936198, 41.9852597], [12.4936036, 41.985226], [12.4935702, 41.9851762], [12.4935492, 41.9851548], [12.4935255, 41.9851373], [12.4934852, 41.985112], [12.4934333, 41.9850918], [12.493378, 41.9850792], [12.4933226, 41.9850745], [12.493281, 41.9850741], [12.4932367, 41.9850777], [12.4931916, 41.9850829], [12.4931465, 41.985094], [12.4931163, 41.9851053], [12.4930737, 41.9851275], [12.4930285, 41.98516], [12.4930033, 41.9851903], [12.4929834, 41.9852206], [12.4929456, 41.9852844], [12.4928305, 41.9856113]]}}, {"type": "Feature", "properties": {}, "geometry": {"type": "LineString", "coordinates": [[12.5930881, 41.9125124], [12.5924766, 41.912926]]}}, {"type": "Feature", "properties": {}, "geometry": {"type": "LineString", "coordinates": [[12.6025548, 41.9042501], [12.6020573, 41.9045105]]}}, {"type": "Feature", "properties": {}, "geometry": {"type": "LineString", "coordinates": [[12.6015896, 41.9047914], [12.6013876, 41.9049854]]}}, {"type": "Feature", "properties": {}, "geometry": {"type": "LineString", "coordinates": [[12.6020573, 41.9045105], [12.6018319, 41.9046702], [12.6015896, 41.9047914]]}}, {"type": "Feature", "properties": {}, "geometry": {"type": "LineString", "coordinates": [[12.604222, 41.8929166], [12.6042806, 41.8929502], [12.6043459, 41.8930407], [12.6044651, 41.8932731], [12.6045473, 41.8934354], [12.6046105, 41.8934775], [12.6046138, 41.8937327], [12.604504, 41.894077], [12.6044874, 41.894248], [12.6045872, 41.8945948], [12.6046713, 41.8949329], [12.6047175, 41.8952097], [12.6046443, 41.8954649], [12.6046144, 41.8956408], [12.604621, 41.8961982], [12.6045663, 41.8967208], [12.604531, 41.8970781], [12.6045404, 41.8974407], [12.6044759, 41.8977476], [12.6045405, 41.8983866], [12.6046377, 41.8988035], [12.604562, 41.8992334], [12.6045227, 41.8994488], [12.6046632, 41.900055], [12.6047401, 41.9003374], [12.6047289, 41.9005318], [12.6047033, 41.9005848], [12.6046852, 41.9006063], [12.6046643, 41.9006238], [12.6045994, 41.9006487], [12.6045211, 41.9006635], [12.6043272, 41.9006698], [12.6043056, 41.9006757], [12.6042881, 41.9006859], [12.6042734, 41.9006988], [12.6042598, 41.90072], [12.6042205, 41.9008579], [12.6042121, 41.9010084], [12.6041138, 41.9014245], [12.6039228, 41.9021101], [12.6037244, 41.9025609], [12.6035474, 41.9028995], [12.6033031, 41.9032884], [12.602879, 41.9040514], [12.6027395, 41.904154], [12.6025548, 41.9042501]]}}, {"type": "Feature", "properties": {}, "geometry": {"type": "LineString", "coordinates": [[12.5961584, 41.910291], [12.5960118, 41.9103505], [12.5957897, 41.9103573], [12.5954886, 41.9103799], [12.595227, 41.9105112], [12.5950658, 41.9106516], [12.5949563, 41.9108145], [12.5949107, 41.9109345], [12.5948346, 41.9110816], [12.5947191, 41.9112627], [12.5946514, 41.9113762], [12.594405, 41.9116388], [12.5941677, 41.9118674], [12.5938392, 41.9120507], [12.5934968, 41.912205], [12.5930881, 41.9125124]]}}, {"type": "Feature", "properties": {}, "geometry": {"type": "LineString", "coordinates": [[12.4027169, 41.9276612], [12.4016686, 41.9274464]]}}, {"type": "Feature", "properties": {}, "geometry": {"type": "LineString", "coordinates": [[12.4027836, 41.921803], [12.4022412, 41.9214394], [12.4013785, 41.9208758], [12.4005461, 41.9204217], [12.3997769, 41.9198546], [12.3991971, 41.9194058], [12.3988791, 41.9192074], [12.398788, 41.9192005], [12.3987131, 41.9192335], [12.3986734, 41.9192683], [12.3985892, 41.9192805], [12.3985331, 41.919277], [12.398449, 41.9192213], [12.3978691, 41.9191448], [12.3977242, 41.9191465], [12.397315, 41.9191048], [12.396817, 41.9190404], [12.3962536, 41.91899], [12.395793, 41.9189969], [12.395648, 41.9190282], [12.3954119, 41.9190578], [12.3950589, 41.9190804], [12.3948835, 41.9190891], [12.3947943, 41.9191376], [12.3946984, 41.9192715], [12.3946376, 41.9193481], [12.3945465, 41.9193829], [12.3939432, 41.9194297]]}}, {"type": "Feature", "properties": {}, "geometry": {"type": "LineString", "coordinates": [[12.385201, 41.912129], [12.3857035, 41.9121218], [12.3857621, 41.9121544], [12.3864718, 41.9128771], [12.3874428, 41.9138659], [12.3877243, 41.9141525]]}}, {"type": "Feature", "properties": {}, "geometry": {"type": "LineString", "coordinates": [[12.3918553, 41.9183315], [12.3918902, 41.918351], [12.3920203, 41.9183802], [12.3926201, 41.9185255], [12.3929379, 41.918625], [12.3930287, 41.9187376], [12.3931245, 41.9188689], [12.3935712, 41.9191068], [12.3938463, 41.9192539], [12.393888, 41.9192889], [12.3939243, 41.9193278], [12.3939391, 41.9193728], [12.3939432, 41.9194297], [12.3939006, 41.9195768], [12.3937396, 41.919917], [12.3936621, 41.9201404], [12.393649, 41.9202807], [12.3936754, 41.9203882], [12.3937357, 41.9204807], [12.3938035, 41.9205499], [12.3939779, 41.9206811], [12.3940399, 41.9207517], [12.394067, 41.9208195], [12.3940535, 41.9208872], [12.3938961, 41.92143], [12.3936906, 41.9222435], [12.393655, 41.9226166], [12.3936546, 41.922973], [12.3937127, 41.9231676], [12.3937118, 41.9234746], [12.3938003, 41.9236776], [12.3939105, 41.9239168], [12.3941073, 41.9242447], [12.3942699, 41.9245068], [12.3949342, 41.925099], [12.3954623, 41.9255698], [12.3957644, 41.9257903], [12.3960173, 41.9259408], [12.3960745, 41.925994], [12.3961102, 41.9260471], [12.3961915, 41.9261775], [12.3962237, 41.9262047], [12.3962721, 41.9262318], [12.3963902, 41.9262662], [12.3977955, 41.9265551], [12.3983934, 41.926711], [12.3997758, 41.927018], [12.4011351, 41.9272916], [12.4016686, 41.9274464]]}}, {"type": "Feature", "properties": {}, "geometry": {"type": "Polygon", "coordinates": [[[12.4752622, 41.9050511], [12.4754028, 41.905041], [12.4754122, 41.905122], [12.4752751, 41.9051324], [12.4752622, 41.9050511]]]}}, {"type": "Feature", "properties": {}, "geometry": {"type": "Polygon", "coordinates": [[[12.4796502, 41.9115479], [12.479633, 41.9115425], [12.4796191, 41.9115333], [12.4796099, 41.9115212], [12.4796065, 41.9115076], [12.4796093, 41.9114938], [12.4796179, 41.9114815], [12.4796314, 41.9114719], [12.4796483, 41.9114661], [12.4796669, 41.9114648], [12.479685, 41.9114679], [12.4797008, 41.9114753], [12.4797125, 41.9114861], [12.4797189, 41.9114992], [12.4797192, 41.9115131], [12.4797135, 41.9115263], [12.4797023, 41.9115374], [12.4796868, 41.9115452], [12.4796688, 41.9115488], [12.4796502, 41.9115479]]]}}, {"type": "Feature", "properties": {}, "geometry": {"type": "Polygon", "coordinates": [[[12.4874299, 41.8986729], [12.4874323, 41.8986649], [12.4874301, 41.8986563], [12.4874178, 41.8986463], [12.4873937, 41.8986453], [12.4873794, 41.8986554], [12.4873766, 41.8986643], [12.4873789, 41.8986727], [12.4873917, 41.8986829], [12.4874152, 41.8986836], [12.4874299, 41.8986729]]]}}, {"type": "Feature", "properties": {}, "geometry": {"type": "Polygon", "coordinates": [[[12.4876659, 41.8966768], [12.4876568, 41.8966716], [12.487645, 41.8966693], [12.4876331, 41.8966706], [12.4876233, 41.896675], [12.4876171, 41.8966808], [12.4876136, 41.8966904], [12.4876154, 41.8966992], [12.4876212, 41.8967063], [12.4876295, 41.8967112], [12.4876414, 41.8967137], [12.4876545, 41.8967121], [12.487663, 41.8967083], [12.4876701, 41.8967014], [12.4876733, 41.8966931], [12.4876702, 41.8966862], [12.4876659, 41.8966768]]]}}, {"type": "Feature", "properties": {}, "geometry": {"type": "Polygon", "coordinates": [[[12.4867925, 41.8731701], [12.4867912, 41.8731593], [12.4867946, 41.8731488], [12.4868024, 41.8731396], [12.4868137, 41.8731329], [12.4868273, 41.8731291], [12.4868418, 41.8731288], [12.4868557, 41.873132], [12.4868674, 41.8731384], [12.4868758, 41.8731472], [12.4868799, 41.8731576], [12.4868793, 41.8731686], [12.4868738, 41.8731789], [12.4868641, 41.8731873], [12.4868513, 41.8731928], [12.4868367, 41.8731949], [12.486822, 41.8731933], [12.4868088, 41.8731882], [12.4867986, 41.8731802], [12.4867925, 41.8731701]]]}}, {"type": "Feature", "properties": {}, "geometry": {"type": "Polygon", "coordinates": [[[12.4910435, 41.9031974], [12.4910422, 41.9031913], [12.4910386, 41.9031861], [12.491033, 41.903182], [12.491026, 41.9031793], [12.4910178, 41.9031783], [12.4910097, 41.9031793], [12.4910027, 41.903182], [12.4909971, 41.9031861], [12.4909935, 41.9031913], [12.4909922, 41.9031974], [12.4909935, 41.9032034], [12.4909971, 41.9032087], [12.4910027, 41.9032128], [12.4910097, 41.9032155], [12.4910178, 41.9032165], [12.491026, 41.9032155], [12.491033, 41.9032128], [12.4910386, 41.9032087], [12.4910422, 41.9032034], [12.4910435, 41.9031974]]]}}, {"type": "Feature", "properties": {}, "geometry": {"type": "Polygon", "coordinates": [[[12.4895769, 41.9031813], [12.4895756, 41.9031753], [12.489572, 41.90317], [12.4895664, 41.9031659], [12.4895594, 41.9031632], [12.4895513, 41.9031622], [12.4895432, 41.9031632], [12.4895361, 41.9031659], [12.4895306, 41.90317], [12.4895269, 41.9031753], [12.4895256, 41.9031813], [12.4895269, 41.9031874], [12.4895306, 41.9031926], [12.4895361, 41.9031968], [12.4895432, 41.9031995], [12.4895513, 41.9032004], [12.4895594, 41.9031995], [12.4895664, 41.9031968], [12.489572, 41.9031926], [12.4895756, 41.9031874], [12.4895769, 41.9031813]]]}}, {"type": "Feature", "properties": {}, "geometry": {"type": "Polygon", "coordinates": [[[12.4754501, 41.9105697], [12.4754689, 41.9105734], [12.4754883, 41.9105744], [12.475522, 41.9105697], [12.4755512, 41.9105577], [12.4755717, 41.9105417], [12.4755865, 41.9105201], [12.4755916, 41.9104972], [12.4755876, 41.9104742], [12.475574, 41.9104522], [12.4755499, 41.9104332], [12.4755176, 41.9104208], [12.475487, 41.9104639], [12.4754681, 41.9104952], [12.4754581, 41.9105286], [12.4754501, 41.9105697]]]}}, {"type": "Feature", "properties": {}, "geometry": {"type": "Polygon", "coordinates": [[[12.4836506, 41.9013682], [12.4836365, 41.9013639], [12.4836321, 41.9013632], [12.4836278, 41.9013635], [12.4836238, 41.9013648], [12.4836206, 41.9013669], [12.4836182, 41.9013697], [12.4836125, 41.9013803], [12.4836116, 41.9013835], [12.483612, 41.9013867], [12.4836137, 41.9013897], [12.4836165, 41.9013921], [12.4836203, 41.9013938], [12.4836345, 41.9013981], [12.4836389, 41.9013988], [12.4836432, 41.9013985], [12.4836471, 41.9013973], [12.4836504, 41.9013952], [12.4836527, 41.9013923], [12.4836584, 41.9013818], [12.4836594, 41.9013785], [12.483659, 41.9013753], [12.4836573, 41.9013724], [12.4836545, 41.9013699], [12.4836506, 41.9013682]]]}}, {"type": "Feature", "properties": {}, "geometry": {"type": "Polygon", "coordinates": [[[12.4803123, 41.9009518], [12.4803122, 41.9009517], [12.4803096, 41.9009515], [12.4803072, 41.9009519], [12.4803051, 41.9009528], [12.4803033, 41.9009541], [12.4803022, 41.9009558], [12.4802999, 41.900962], [12.4802988, 41.9009637], [12.4802971, 41.9009651], [12.4802949, 41.9009659], [12.4802925, 41.9009663], [12.4802899, 41.9009661], [12.4802587, 41.9009594], [12.4802564, 41.9009586], [12.4802546, 41.9009573], [12.4802534, 41.9009557], [12.4802529, 41.9009539], [12.4802532, 41.900952], [12.4802556, 41.9009458], [12.4802559, 41.9009439], [12.4802554, 41.9009421], [12.4802542, 41.9009405], [12.4802524, 41.9009392], [12.4802501, 41.9009384], [12.4802499, 41.9009384], [12.4802476, 41.9009376], [12.4802458, 41.9009363], [12.4802446, 41.9009347], [12.4802441, 41.9009329], [12.4802444, 41.900931], [12.4802545, 41.9009049], [12.4802556, 41.9009031], [12.4802573, 41.9009018], [12.4802595, 41.9009009], [12.4802619, 41.9009005], [12.4802645, 41.9009008], [12.4802646, 41.9009008], [12.4802671, 41.900901], [12.4802696, 41.9009007], [12.4802717, 41.9008998], [12.4802734, 41.9008984], [12.4802745, 41.9008967], [12.4802769, 41.9008906], [12.480278, 41.9008888], [12.4802797, 41.9008875], [12.4802819, 41.9008866], [12.4802843, 41.9008862], [12.4802869, 41.9008865], [12.4803181, 41.9008931], [12.4803204, 41.900894], [12.4803222, 41.9008952], [12.4803234, 41.9008968], [12.4803239, 41.9008986], [12.4803236, 41.9009006], [12.4803212, 41.9009067], [12.4803209, 41.9009086], [12.4803214, 41.9009104], [12.4803226, 41.900912], [12.4803244, 41.9009133], [12.4803267, 41.9009141], [12.4803269, 41.9009141], [12.4803292, 41.900915], [12.480331, 41.9009162], [12.4803322, 41.9009178], [12.4803327, 41.9009196], [12.4803324, 41.9009216], [12.4803223, 41.9009477], [12.4803212, 41.9009494], [12.4803195, 41.9009507], [12.4803173, 41.9009516], [12.4803149, 41.900952], [12.4803123, 41.9009518]]]}}, {"type": "Feature", "properties": {}, "geometry": {"type": "Polygon", "coordinates": [[[12.4952457, 41.8914939], [12.4952564, 41.8914828], [12.4952608, 41.8914687], [12.4952573, 41.8914545], [12.4952473, 41.8914431], [12.4952346, 41.8914362], [12.4952137, 41.8914324], [12.4951949, 41.891435], [12.4951801, 41.8914422], [12.4951701, 41.8914523], [12.4951653, 41.8914666], [12.4951693, 41.8914822], [12.4951778, 41.8914919], [12.495193, 41.8915002], [12.495211, 41.8915034], [12.4952315, 41.8915007], [12.4952457, 41.8914939]]]}}, {"type": "Feature", "properties": {}, "geometry": {"type": "Polygon", "coordinates": [[[12.4817071, 41.916025], [12.4817044, 41.9160125], [12.4816967, 41.9160013], [12.4816846, 41.9159924], [12.4816695, 41.9159867], [12.4816527, 41.9159848], [12.481636, 41.9159868], [12.4816209, 41.9159925], [12.4816089, 41.9160015], [12.4816013, 41.9160128], [12.4815987, 41.9160252], [12.4816014, 41.9160377], [12.4816091, 41.9160489], [12.4816211, 41.9160578], [12.4816363, 41.9160635], [12.4816531, 41.9160655], [12.4816698, 41.9160635], [12.4816849, 41.9160577], [12.4816969, 41.9160487], [12.4817045, 41.9160375], [12.4817071, 41.916025]]]}}, {"type": "Feature", "properties": {}, "geometry": {"type": "Polygon", "coordinates": [[[12.4812261, 41.9162306], [12.4812234, 41.9162179], [12.4812158, 41.9162068], [12.481204, 41.9161981], [12.4811892, 41.9161924], [12.4811721, 41.9161903], [12.481155, 41.9161924], [12.48114, 41.9161981], [12.4811284, 41.9162068], [12.4811206, 41.9162179], [12.4811178, 41.9162306], [12.4811206, 41.9162435], [12.4811284, 41.9162545], [12.48114, 41.9162633], [12.481155, 41.916269], [12.4811721, 41.9162709], [12.4811892, 41.916269], [12.481204, 41.9162633], [12.4812158, 41.9162545], [12.4812234, 41.9162435], [12.4812261, 41.9162306]]]}}, {"type": "Feature", "properties": {}, "geometry": {"type": "Polygon", "coordinates": [[[12.492118, 41.8928051], [12.4921221, 41.8928008], [12.4921238, 41.8927954], [12.4921225, 41.89279], [12.4921186, 41.8927856], [12.4921138, 41.892783], [12.4921058, 41.8927815], [12.4920986, 41.8927825], [12.4920929, 41.8927853], [12.4920891, 41.8927891], [12.4920872, 41.8927946], [12.4920888, 41.8928006], [12.492092, 41.8928043], [12.4920978, 41.8928075], [12.4921047, 41.8928087], [12.4921126, 41.8928077], [12.492118, 41.8928051]]]}}, {"type": "Feature", "properties": {}, "geometry": {"type": "Polygon", "coordinates": [[[12.4923136, 41.892981], [12.4923182, 41.8929762], [12.4923201, 41.8929702], [12.4923185, 41.8929641], [12.4923142, 41.8929591], [12.4923088, 41.8929562], [12.4922998, 41.8929545], [12.4922917, 41.8929557], [12.4922853, 41.8929588], [12.492281, 41.8929631], [12.492279, 41.8929693], [12.4922807, 41.892976], [12.4922844, 41.8929801], [12.4922909, 41.8929837], [12.4922986, 41.8929851], [12.4923075, 41.8929839], [12.4923136, 41.892981]]]}}, {"type": "Feature", "properties": {}, "geometry": {"type": "Polygon", "coordinates": [[[12.4779871, 41.886942], [12.477976, 41.8869335], [12.4779619, 41.886928], [12.4779462, 41.886926], [12.4779305, 41.8869278], [12.4779162, 41.886933], [12.4779049, 41.8869413], [12.4778975, 41.8869518], [12.4778948, 41.8869634], [12.4778971, 41.8869752], [12.4779042, 41.8869858], [12.4779153, 41.8869942], [12.4779294, 41.8869997], [12.4779451, 41.8870017], [12.4779608, 41.887], [12.477975, 41.8869947], [12.4779864, 41.8869864], [12.4779938, 41.886976], [12.4779965, 41.8869643], [12.4779941, 41.8869526], [12.4779871, 41.886942]]]}}, {"type": "Feature", "properties": {}, "geometry": {"type": "Polygon", "coordinates": [[[12.4766052, 41.8858182], [12.4766514, 41.8857853], [12.4766943, 41.8858188], [12.476648, 41.8858516], [12.4766052, 41.8858182]]]}}, {"type": "Feature", "properties": {}, "geometry": {"type": "Polygon", "coordinates": [[[12.475172, 41.8848569], [12.4752183, 41.8848241], [12.4752611, 41.8848575], [12.4752149, 41.8848903], [12.475172, 41.8848569]]]}}, {"type": "Feature", "properties": {}, "geometry": {"type": "Polygon", "coordinates": [[[12.4720635, 41.889882], [12.4720691, 41.8898685], [12.4720603, 41.889856], [12.4720422, 41.8898519], [12.4720254, 41.8898584], [12.4720198, 41.8898719], [12.4720286, 41.8898844], [12.4720467, 41.8898886], [12.4720635, 41.889882]]]}}, {"type": "Feature", "properties": {}, "geometry": {"type": "Polygon", "coordinates": [[[12.469745, 41.8890697], [12.4697535, 41.8890691], [12.4697613, 41.8890665], [12.4697677, 41.8890622], [12.4697719, 41.8890567], [12.4697737, 41.8890505], [12.4697728, 41.8890442], [12.4697693, 41.8890384], [12.4697636, 41.8890336], [12.4697562, 41.8890304], [12.4697479, 41.8890291], [12.4697394, 41.8890298], [12.4697316, 41.8890324], [12.4697252, 41.8890366], [12.4697209, 41.8890421], [12.4697192, 41.8890484], [12.4697201, 41.8890547], [12.4697235, 41.8890605], [12.4697292, 41.8890652], [12.4697366, 41.8890684], [12.469745, 41.8890697]]]}}, {"type": "Feature", "properties": {}, "geometry": {"type": "Polygon", "coordinates": [[[12.4643458, 41.8887721], [12.4643795, 41.8887463], [12.4643361, 41.8887149], [12.4641047, 41.8888922], [12.4641481, 41.8889235], [12.4641826, 41.888897], [12.4642126, 41.8889127], [12.4642475, 41.8889208], [12.4642841, 41.8889204], [12.4643189, 41.8889116], [12.4643481, 41.8888953], [12.4643692, 41.8888729], [12.46438, 41.8888469], [12.4643795, 41.8888197], [12.4643677, 41.8887939], [12.4643458, 41.8887721]]]}}, {"type": "Feature", "properties": {}, "geometry": {"type": "Polygon", "coordinates": [[[12.4978528, 41.9059618], [12.4978389, 41.9059909], [12.497855, 41.9060162], [12.4978905, 41.9060256], [12.4979281, 41.9060124], [12.4979397, 41.9060202], [12.4980308, 41.9059452], [12.4980191, 41.9059374], [12.4980331, 41.9059082], [12.4980169, 41.9058829], [12.4979815, 41.9058735], [12.4979439, 41.9058868], [12.4979319, 41.9058787], [12.4978408, 41.9059537], [12.4978528, 41.9059618]]]}}, {"type": "Feature", "properties": {}, "geometry": {"type": "Polygon", "coordinates": [[[12.5007142, 41.9153475], [12.5007027, 41.9153639], [12.5006986, 41.9153822], [12.5007023, 41.9154006], [12.5007134, 41.9154172], [12.5007309, 41.9154304], [12.5007531, 41.915439], [12.5007777, 41.915442], [12.5008023, 41.9154393], [12.5008246, 41.915431], [12.5008424, 41.915418], [12.5008539, 41.9154015], [12.500858, 41.9153832], [12.5008543, 41.9153648], [12.5008432, 41.9153482], [12.5008257, 41.915335], [12.5008035, 41.9153265], [12.500779, 41.9153234], [12.5007543, 41.9153262], [12.500732, 41.9153344], [12.5007142, 41.9153475]]]}}, {"type": "Feature", "properties": {}, "geometry": {"type": "Polygon", "coordinates": [[[12.500568, 41.9149108], [12.5005622, 41.9149192], [12.5005601, 41.9149285], [12.500562, 41.9149378], [12.5005676, 41.9149462], [12.5005765, 41.9149529], [12.5005877, 41.9149573], [12.5006002, 41.9149588], [12.5006127, 41.9149574], [12.500624, 41.9149532], [12.5006331, 41.9149466], [12.5006389, 41.9149383], [12.500641, 41.914929], [12.5006391, 41.9149196], [12.5006335, 41.9149112], [12.5006246, 41.9149045], [12.5006133, 41.9149002], [12.5006009, 41.9148986], [12.5005884, 41.9149], [12.500577, 41.9149042], [12.500568, 41.9149108]]]}}, {"type": "Feature", "properties": {}, "geometry": {"type": "Polygon", "coordinates": [[[12.500125, 41.9153571], [12.5001192, 41.9153654], [12.5001171, 41.9153747], [12.500119, 41.915384], [12.5001246, 41.9153924], [12.5001335, 41.9153991], [12.5001448, 41.9154035], [12.5001572, 41.915405], [12.5001697, 41.9154037], [12.5001811, 41.9153995], [12.5001901, 41.9153929], [12.5001959, 41.9153845], [12.500198, 41.9153752], [12.5001961, 41.9153659], [12.5001905, 41.9153574], [12.5001816, 41.9153507], [12.5001703, 41.9153464], [12.5001579, 41.9153448], [12.5001454, 41.9153463], [12.500134, 41.9153504], [12.500125, 41.9153571]]]}}, {"type": "Feature", "properties": {}, "geometry": {"type": "Polygon", "coordinates": [[[12.5003943, 41.9151471], [12.5003806, 41.9151396], [12.5003639, 41.9151414], [12.5003538, 41.9151516], [12.5003563, 41.9151641], [12.5003699, 41.9151716], [12.5003867, 41.9151697], [12.5003968, 41.9151596], [12.5003943, 41.9151471]]]}}, {"type": "Feature", "properties": {}, "geometry": {"type": "Polygon", "coordinates": [[[12.4671535, 41.8938609], [12.4671464, 41.8938641], [12.467141, 41.8938687], [12.4671378, 41.8938743], [12.467137, 41.8938804], [12.4671389, 41.8938864], [12.4671431, 41.8938917], [12.4671493, 41.8938957], [12.4671569, 41.8938981], [12.4671651, 41.8938987], [12.4671731, 41.8938973], [12.4671802, 41.8938942], [12.4671856, 41.8938896], [12.4671889, 41.8938839], [12.4671896, 41.8938778], [12.4671878, 41.8938718], [12.4671835, 41.8938665], [12.4671774, 41.8938625], [12.4671697, 41.8938601], [12.4671615, 41.8938595], [12.4671535, 41.8938609]]]}}, {"type": "Feature", "properties": {}, "geometry": {"type": "Polygon", "coordinates": [[[12.4674347, 41.8934309], [12.4674308, 41.8934327], [12.4674278, 41.8934353], [12.467426, 41.8934384], [12.4674256, 41.8934418], [12.4674266, 41.8934451], [12.4674289, 41.8934481], [12.4674324, 41.8934503], [12.4674366, 41.8934516], [12.4674412, 41.893452], [12.4674456, 41.8934512], [12.4674496, 41.8934494], [12.4674526, 41.8934469], [12.4674544, 41.8934437], [12.4674548, 41.8934403], [12.4674538, 41.893437], [12.4674514, 41.8934341], [12.467448, 41.8934318], [12.4674438, 41.8934305], [12.4674392, 41.8934302], [12.4674347, 41.8934309]]]}}, {"type": "Feature", "properties": {}, "geometry": {"type": "Polygon", "coordinates": [[[12.4680866, 41.8929578], [12.4680691, 41.8929659], [12.4680556, 41.8929776], [12.4680475, 41.8929915], [12.4680457, 41.8930068], [12.4680502, 41.8930216], [12.4680606, 41.8930351], [12.4680763, 41.893045], [12.4680952, 41.8930508], [12.4681158, 41.8930526], [12.4681356, 41.893049], [12.4681536, 41.893041], [12.4681671, 41.8930297], [12.4681752, 41.8930153], [12.4681769, 41.8930001], [12.4681725, 41.8929852], [12.4681617, 41.8929722], [12.4681464, 41.8929619], [12.4681275, 41.892956], [12.4681068, 41.8929547], [12.4680866, 41.8929578]]]}}, {"type": "Feature", "properties": {}, "geometry": {"type": "Polygon", "coordinates": [[[12.464811, 41.8931356], [12.4648187, 41.8931298], [12.4648187, 41.8931216], [12.4648109, 41.8931158], [12.4647998, 41.8931158], [12.4647921, 41.8931217], [12.4647921, 41.8931299], [12.4648, 41.8931357], [12.464811, 41.8931356]]]}}, {"type": "Feature", "properties": {}, "geometry": {"type": "Polygon", "coordinates": [[[12.4656419, 41.8904161], [12.4656569, 41.8904049], [12.4656569, 41.890389], [12.4656418, 41.8903777], [12.4656202, 41.8903777], [12.4656053, 41.8903892], [12.4656053, 41.8904051], [12.4656206, 41.8904163], [12.4656419, 41.8904161]]]}}, {"type": "Feature", "properties": {}, "geometry": {"type": "Polygon", "coordinates": [[[12.4644569, 41.8921463], [12.4644532, 41.8921526], [12.4644616, 41.8921554], [12.4644591, 41.8921621], [12.4644596, 41.892169], [12.4644629, 41.8921755], [12.4644687, 41.8921808], [12.4644765, 41.8921846], [12.4644854, 41.8921864], [12.4644947, 41.892186], [12.4645034, 41.8921837], [12.4645106, 41.8921793], [12.4645157, 41.8921735], [12.4645241, 41.8921763], [12.464528, 41.8921701], [12.4645375, 41.892172], [12.4645474, 41.8921717], [12.4645568, 41.892169], [12.4645645, 41.8921644], [12.4645699, 41.8921582], [12.4645725, 41.8921511], [12.464572, 41.8921437], [12.4645685, 41.8921368], [12.4645623, 41.892131], [12.464554, 41.892127], [12.4645574, 41.8921214], [12.4645488, 41.8921186], [12.4645513, 41.8921118], [12.4645508, 41.8921049], [12.4645475, 41.8920985], [12.4645417, 41.8920931], [12.4645339, 41.8920893], [12.464525, 41.8920875], [12.4645157, 41.8920879], [12.4645071, 41.8920903], [12.4644998, 41.8920947], [12.4644948, 41.8921004], [12.4644864, 41.8920976], [12.464483, 41.8921033], [12.4644734, 41.8921013], [12.4644635, 41.8921017], [12.4644542, 41.8921043], [12.4644464, 41.892109], [12.464441, 41.8921151], [12.4644384, 41.8921222], [12.4644389, 41.8921296], [12.4644424, 41.8921365], [12.4644487, 41.8921422], [12.4644569, 41.8921463]]]}}, {"type": "Feature", "properties": {}, "geometry": {"type": "Polygon", "coordinates": [[[12.4663086, 41.8927354], [12.4663143, 41.8927388], [12.4663212, 41.8927405], [12.4663285, 41.8927404], [12.4663353, 41.8927384], [12.4663408, 41.8927348], [12.4663441, 41.8927306], [12.4663454, 41.8927258], [12.4663447, 41.8927209], [12.466342, 41.8927164], [12.4663375, 41.8927128], [12.4663318, 41.8927104], [12.4663254, 41.8927094], [12.4663188, 41.89271], [12.4663128, 41.892712], [12.466308, 41.8927153], [12.4663045, 41.8927201], [12.4663034, 41.8927254], [12.4663048, 41.8927308], [12.4663086, 41.8927354]]]}}, {"type": "Feature", "properties": {}, "geometry": {"type": "Polygon", "coordinates": [[[12.4660143, 41.8931601], [12.4660187, 41.8931637], [12.4660244, 41.8931661], [12.4660309, 41.8931671], [12.4660374, 41.8931665], [12.4660434, 41.8931645], [12.4660483, 41.8931612], [12.4660518, 41.8931564], [12.4660528, 41.893151], [12.4660514, 41.8931457], [12.4660476, 41.8931411], [12.4660419, 41.8931377], [12.4660349, 41.893136], [12.4660277, 41.8931361], [12.4660209, 41.8931381], [12.4660154, 41.8931417], [12.4660121, 41.893146], [12.4660108, 41.8931508], [12.4660115, 41.8931556], [12.4660143, 41.8931601]]]}}, {"type": "Feature", "properties": {}, "geometry": {"type": "Polygon", "coordinates": [[[12.4652961, 41.8925203], [12.4653028, 41.8925225], [12.4653101, 41.8925229], [12.4653171, 41.8925214], [12.465323, 41.8925182], [12.4653271, 41.8925137], [12.4653288, 41.892509], [12.4653285, 41.8925041], [12.4653262, 41.8924995], [12.465322, 41.8924957], [12.4653165, 41.892493], [12.4653102, 41.8924917], [12.4653036, 41.892492], [12.4652974, 41.8924937], [12.4652923, 41.8924968], [12.4652887, 41.8925009], [12.4652869, 41.8925062], [12.4652877, 41.8925116], [12.4652909, 41.8925165], [12.4652961, 41.8925203]]]}}, {"type": "Feature", "properties": {}, "geometry": {"type": "Polygon", "coordinates": [[[12.4651555, 41.8927307], [12.4651622, 41.8927329], [12.4651695, 41.8927333], [12.4651765, 41.8927318], [12.4651824, 41.8927286], [12.4651865, 41.8927241], [12.4651882, 41.8927194], [12.4651879, 41.8927145], [12.4651856, 41.8927099], [12.4651814, 41.8927061], [12.4651759, 41.8927034], [12.4651696, 41.8927021], [12.465163, 41.8927024], [12.4651568, 41.8927041], [12.4651517, 41.8927072], [12.4651481, 41.8927113], [12.4651463, 41.8927166], [12.4651471, 41.892722], [12.4651503, 41.8927269], [12.4651555, 41.8927307]]]}}, {"type": "Feature", "properties": {}, "geometry": {"type": "Polygon", "coordinates": [[[12.463606, 41.8923649], [12.4635813, 41.8923896], [12.4635816, 41.8924263], [12.4636619, 41.8924631], [12.4636819, 41.8924718], [12.4637056, 41.8924667], [12.4638592, 41.8924313], [12.4638779, 41.8923881], [12.4638822, 41.8923389], [12.4638471, 41.8923126], [12.463821, 41.8923037], [12.4638145, 41.8923094], [12.4637948, 41.8923107], [12.4637421, 41.892314], [12.4637326, 41.8923071], [12.463606, 41.8923649]]]}}, {"type": "Feature", "properties": {}, "geometry": {"type": "Polygon", "coordinates": [[[12.4628694, 41.8915988], [12.4628813, 41.8915911], [12.4628824, 41.8915793], [12.462872, 41.8915705], [12.4627775, 41.8915355], [12.4627618, 41.8915346], [12.4627499, 41.8915424], [12.4627488, 41.8915541], [12.4627591, 41.8915629], [12.4628537, 41.891598], [12.4628694, 41.8915988]]]}}, {"type": "Feature", "properties": {}, "geometry": {"type": "Polygon", "coordinates": [[[12.4629024, 41.891616], [12.4629514, 41.891634], [12.4629697, 41.8916065], [12.4629207, 41.8915885], [12.4629024, 41.891616]]]}}, {"type": "Feature", "properties": {}, "geometry": {"type": "Polygon", "coordinates": [[[12.46349, 41.8932642], [12.4634905, 41.8932522], [12.4634794, 41.8932435], [12.4634633, 41.8932432], [12.4634516, 41.8932514], [12.4634512, 41.8932634], [12.4634622, 41.8932721], [12.4634783, 41.8932724], [12.46349, 41.8932642]]]}}, {"type": "Feature", "properties": {}, "geometry": {"type": "Polygon", "coordinates": [[[12.4664496, 41.8897884], [12.4664461, 41.8897932], [12.4664481, 41.8897985], [12.4664546, 41.8898012], [12.4664616, 41.8897996], [12.4664701, 41.8898076], [12.4664807, 41.8898012], [12.4664872, 41.8898039], [12.4664943, 41.8898024], [12.4664978, 41.8897976], [12.4664958, 41.8897923], [12.4665064, 41.889786], [12.4664979, 41.8897781], [12.4665015, 41.8897733], [12.4664995, 41.889768], [12.466493, 41.8897654], [12.4664859, 41.8897669], [12.4664775, 41.889759], [12.4664668, 41.8897653], [12.4664604, 41.8897626], [12.4664533, 41.8897641], [12.4664497, 41.8897689], [12.4664518, 41.8897742], [12.4664411, 41.8897805], [12.4664496, 41.8897884]]]}}, {"type": "Feature", "properties": {}, "geometry": {"type": "Polygon", "coordinates": [[[12.4699565, 41.8867127], [12.4699994, 41.8867069], [12.4699883, 41.8866612], [12.4699454, 41.8866669], [12.4699565, 41.8867127]]]}}, {"type": "Feature", "properties": {}, "geometry": {"type": "Polygon", "coordinates": [[[12.4709166, 41.8866466], [12.4709089, 41.8866442], [12.4709012, 41.8866465], [12.4708979, 41.8866522], [12.470901, 41.8866579], [12.4709086, 41.8866604], [12.4709163, 41.8866581], [12.4709196, 41.8866524], [12.4709166, 41.8866466]]]}}, {"type": "Feature", "properties": {}, "geometry": {"type": "Polygon", "coordinates": [[[12.465781, 41.8888368], [12.4658338, 41.888846], [12.4658359, 41.8888392], [12.4658464, 41.8888379], [12.4658526, 41.8888315], [12.4658509, 41.8888238], [12.4658423, 41.8888191], [12.4658446, 41.8888118], [12.4657919, 41.8888026], [12.4657896, 41.8888099], [12.4657791, 41.8888112], [12.4657729, 41.8888176], [12.4657746, 41.8888253], [12.4657832, 41.88883], [12.465781, 41.8888368]]]}}, {"type": "Feature", "properties": {}, "geometry": {"type": "Polygon", "coordinates": [[[12.4657651, 41.8886368], [12.4657731, 41.8886312], [12.4657735, 41.8886231], [12.4657661, 41.8886172], [12.4657552, 41.8886169], [12.4657472, 41.8886224], [12.4657468, 41.8886305], [12.4657542, 41.8886365], [12.4657651, 41.8886368]]]}}, {"type": "Feature", "properties": {}, "geometry": {"type": "Polygon", "coordinates": [[[12.4618952, 41.8895516], [12.4618945, 41.8895624], [12.4618982, 41.8895728], [12.4619061, 41.8895819], [12.4619174, 41.8895887], [12.461931, 41.8895926], [12.4619455, 41.8895932], [12.4619595, 41.8895904], [12.4619717, 41.8895845], [12.4619809, 41.8895761], [12.4619861, 41.889566], [12.4619868, 41.8895552], [12.4619831, 41.8895447], [12.4619752, 41.8895356], [12.4619639, 41.8895288], [12.4619503, 41.889525], [12.4619358, 41.8895244], [12.4619218, 41.8895272], [12.4619096, 41.8895331], [12.4619004, 41.8895415], [12.4618952, 41.8895516]]]}}, {"type": "Feature", "properties": {}, "geometry": {"type": "Polygon", "coordinates": [[[12.5038725, 41.9849075], [12.5037605, 41.9849009], [12.503659, 41.9848654], [12.5035679, 41.9847666], [12.503547, 41.9846945], [12.5036799, 41.9845624], [12.5039322, 41.9843549], [12.5041442, 41.9842073], [12.5043293, 41.984083], [12.5045055, 41.9840031], [12.5045667, 41.9839986], [12.5046593, 41.984043], [12.5047727, 41.9841618], [12.5047787, 41.984204], [12.5046802, 41.9842961], [12.5042278, 41.9846413], [12.5040304, 41.9848147], [12.5039576, 41.9848751], [12.5039122, 41.9849026], [12.5038725, 41.9849075]]]}}, {"type": "Feature", "properties": {}, "geometry": {"type": "Polygon", "coordinates": [[[12.5092435, 41.9408305], [12.5094688, 41.94101], [12.5097419, 41.9412433], [12.5100852, 41.9415146], [12.5104237, 41.941844], [12.5107614, 41.9421313], [12.5111369, 41.9424465], [12.511491, 41.9426939], [12.5117575, 41.9427976], [12.5120082, 41.9429112], [12.5122994, 41.942966], [12.5124983, 41.9429772], [12.5126494, 41.9429431], [12.5127945, 41.9427697], [12.5128318, 41.942564], [12.5130035, 41.9423805], [12.5131915, 41.9423547], [12.5133792, 41.9423348], [12.513556, 41.9422967], [12.5138403, 41.9423206], [12.5140495, 41.9423725], [12.5141785, 41.9423787], [12.5146021, 41.942153], [12.5147469, 41.9420134], [12.5149242, 41.9417602], [12.5151653, 41.9414747], [12.5153909, 41.9412255], [12.5157179, 41.9408881], [12.516206, 41.9406208], [12.5166623, 41.9403876], [12.5175739, 41.9398786], [12.5179763, 41.9396551], [12.5183035, 41.9394437], [12.5187383, 41.9392783], [12.51965, 41.9390207], [12.5203959, 41.9387475], [12.5209055, 41.9385161], [12.5210021, 41.9383246], [12.5209578, 41.9381113], [12.5206427, 41.9381091], [12.5206266, 41.9383086], [12.5204871, 41.9384682], [12.5200791, 41.9385937], [12.5192586, 41.9388593], [12.5185344, 41.9390628], [12.5180785, 41.9393022], [12.5176493, 41.9395855], [12.5170109, 41.9399007], [12.5165442, 41.9401242], [12.5158898, 41.9404474], [12.5153265, 41.9408983], [12.5148276, 41.9413891], [12.5145219, 41.9417921], [12.514318, 41.9420156], [12.514141, 41.9421313], [12.5138835, 41.9421034], [12.5134114, 41.9420435], [12.5132451, 41.9420435], [12.5129554, 41.9420275], [12.5127782, 41.9420972], [12.5125585, 41.9423188], [12.5123973, 41.942588], [12.5122312, 41.9426819], [12.5120435, 41.942666], [12.5117327, 41.9425326], [12.5114319, 41.9423188], [12.5109438, 41.9419198], [12.5106061, 41.9414809], [12.5100155, 41.9411355], [12.5096834, 41.9408504], [12.5092654, 41.9404544], [12.5090879, 41.940642], [12.5092221, 41.9407826], [12.5092435, 41.9408305]]]}}, {"type": "Feature", "properties": {}, "geometry": {"type": "Polygon", "coordinates": [[[12.520927, 41.9379933], [12.5208374, 41.9375414], [12.5208892, 41.9370853], [12.521034, 41.9366783], [12.521152, 41.9364189], [12.5212757, 41.9362375], [12.5214846, 41.9360757], [12.5218601, 41.935952], [12.5223375, 41.9359041], [12.5229974, 41.9357525], [12.5233621, 41.9356447], [12.5234413, 41.9355976], [12.5234754, 41.9355773], [12.5237151, 41.9354347], [12.5240327, 41.9352457], [12.5243965, 41.9349866], [12.524537, 41.9348865], [12.5246818, 41.9347823], [12.5249528, 41.9345873], [12.5250965, 41.9344839], [12.5255777, 41.9342959], [12.5259642, 41.9342223], [12.5263397, 41.9342782], [12.5264845, 41.9343979], [12.5264148, 41.9346812], [12.5263262, 41.9348156], [12.5261657, 41.9350591], [12.5259929, 41.9353212], [12.5258676, 41.9355113], [12.5257389, 41.9358664], [12.5257818, 41.9361098], [12.5259317, 41.9363152], [12.5263343, 41.9369598], [12.5264879, 41.9371671], [12.5266076, 41.9373287], [12.5269083, 41.9375943], [12.5271494, 41.9377557], [12.5273747, 41.9378236], [12.5276322, 41.9378236], [12.5291235, 41.9373647], [12.5297458, 41.9371452], [12.5305333, 41.9368014], [12.5303089, 41.9366103], [12.5296334, 41.9369199], [12.5287802, 41.937233], [12.5281258, 41.9374445], [12.5277344, 41.9375584], [12.5274608, 41.9375943], [12.5271604, 41.9374786], [12.5268922, 41.9371554], [12.5267259, 41.9369199], [12.5265542, 41.9366486], [12.5263236, 41.9363852], [12.5261036, 41.936062], [12.5260285, 41.9357826], [12.526157, 41.935525], [12.5264628, 41.93511], [12.5266881, 41.9347947], [12.5268168, 41.9344675], [12.5267581, 41.9342662], [12.5264681, 41.9340724], [12.5259853, 41.9339966], [12.525524, 41.9340126], [12.5252236, 41.9341443], [12.5243709, 41.934793], [12.5239579, 41.9350883], [12.5235824, 41.9353157], [12.5230942, 41.9355472], [12.522665, 41.9356429], [12.5221983, 41.9357068], [12.52156, 41.9357746], [12.5211842, 41.9358602], [12.5209377, 41.9361178], [12.520707, 41.9366925], [12.5206158, 41.9371155], [12.5205622, 41.9375903], [12.5205866, 41.9378724], [12.5206427, 41.9381091], [12.5209578, 41.9381113], [12.520927, 41.9379933]]]}}, {"type": "Feature", "properties": {}, "geometry": {"type": "Polygon", "coordinates": [[[12.4644139, 41.9094101], [12.4644218, 41.9094167], [12.464431, 41.9094222], [12.4644412, 41.9094267], [12.4644523, 41.9094298], [12.4644639, 41.9094317], [12.4644758, 41.9094321], [12.4644876, 41.9094311], [12.464499, 41.9094287], [12.4645098, 41.9094251], [12.4645197, 41.9094202], [12.4645284, 41.9094142], [12.4645357, 41.9094072], [12.4645415, 41.9093995], [12.4645455, 41.9093912], [12.4645477, 41.9093825], [12.4645481, 41.9093737], [12.4645465, 41.9093649], [12.4645432, 41.9093565], [12.464538, 41.9093485], [12.4645311, 41.9093411], [12.4645226, 41.9093346], [12.4645128, 41.9093292], [12.4645019, 41.9093251], [12.4644903, 41.9093223], [12.4644783, 41.909321], [12.4644661, 41.9093211], [12.4644541, 41.9093228], [12.4644426, 41.9093258], [12.464432, 41.9093302], [12.4644225, 41.9093358], [12.4644143, 41.9093425], [12.4644076, 41.9093501], [12.4644028, 41.9093584], [12.4643998, 41.9093672], [12.4643987, 41.9093762], [12.4643996, 41.9093853], [12.4644025, 41.9093941], [12.4644073, 41.9094024], [12.4644139, 41.9094101]]]}}, {"type": "Feature", "properties": {}, "geometry": {"type": "Polygon", "coordinates": [[[12.4877207, 41.8967925], [12.4877249, 41.8967952], [12.4877305, 41.8967949], [12.4877343, 41.8967958], [12.4877355, 41.8967929], [12.4877391, 41.8967898], [12.4877386, 41.8967857], [12.4877399, 41.8967828], [12.487736, 41.8967819], [12.4877318, 41.8967793], [12.4877263, 41.8967796], [12.4877225, 41.8967787], [12.4877212, 41.8967815], [12.4877177, 41.8967847], [12.4877181, 41.8967888], [12.4877169, 41.8967916], [12.4877207, 41.8967925]]]}}, {"type": "Feature", "properties": {}, "geometry": {"type": "Polygon", "coordinates": [[[12.4879372, 41.8968262], [12.4879414, 41.8968289], [12.487947, 41.8968285], [12.4879508, 41.8968294], [12.487952, 41.8968266], [12.4879556, 41.8968235], [12.4879551, 41.8968194], [12.4879564, 41.8968165], [12.4879525, 41.8968156], [12.4879483, 41.8968129], [12.4879428, 41.8968133], [12.487939, 41.8968124], [12.4879377, 41.8968152], [12.4879342, 41.8968183], [12.4879346, 41.8968225], [12.4879334, 41.8968253], [12.4879372, 41.8968262]]]}}, {"type": "Feature", "properties": {}, "geometry": {"type": "LineString", "coordinates": [[12.5576424, 41.9339242], [12.5578111, 41.9340687], [12.5580204, 41.9341859], [12.5581813, 41.9342578], [12.5584066, 41.9343575], [12.5585515, 41.9344294], [12.5586802, 41.9345012], [12.5588197, 41.934581], [12.5589055, 41.9346608], [12.5590504, 41.9347885], [12.5594044, 41.9350878], [12.5596083, 41.9352195], [12.5598228, 41.9353352], [12.5601232, 41.9354749], [12.5604987, 41.9356625], [12.5607831, 41.9358141], [12.5610513, 41.9359258], [12.5612605, 41.9360456], [12.561341, 41.9361294], [12.5613571, 41.9362251], [12.5613624, 41.936285], [12.5614236, 41.9363339], [12.5615044, 41.9363719], [12.5616628, 41.9363568], [12.5617487, 41.9363209], [12.561974, 41.9363329], [12.5622154, 41.9363927], [12.5624246, 41.9364446], [12.5626016, 41.9365085], [12.5628001, 41.9366002], [12.562961, 41.9366721], [12.5630683, 41.9367319]]}}, {"type": "Feature", "properties": {}, "geometry": {"type": "Polygon", "coordinates": [[[12.5165723, 41.9333134], [12.5165687, 41.9333235], [12.5165587, 41.9333309], [12.5165451, 41.9333336], [12.5165316, 41.9333309], [12.5165216, 41.9333235], [12.516518, 41.9333134], [12.5165216, 41.9333033], [12.5165316, 41.9332959], [12.5165451, 41.9332932], [12.5165587, 41.9332959], [12.5165687, 41.9333033], [12.5165723, 41.9333134]]]}}, {"type": "Feature", "properties": {}, "geometry": {"type": "Polygon", "coordinates": [[[12.514966, 41.9331651], [12.5149643, 41.9331698], [12.5149597, 41.9331732], [12.5149534, 41.9331745], [12.5149471, 41.9331732], [12.5149425, 41.9331698], [12.5149408, 41.9331651], [12.5149425, 41.9331604], [12.5149471, 41.933157], [12.5149534, 41.9331557], [12.5149597, 41.933157], [12.5149643, 41.9331604], [12.514966, 41.9331651]]]}}, {"type": "Feature", "properties": {}, "geometry": {"type": "Polygon", "coordinates": [[[12.4829845, 41.9167448], [12.4829365, 41.9166851], [12.4830595, 41.9166304], [12.4830913, 41.9166162], [12.4831393, 41.916676], [12.4829845, 41.9167448]]]}}, {"type": "Feature", "properties": {}, "geometry": {"type": "LineString", "coordinates": [[12.460305, 41.8145367], [12.459943, 41.8146324], [12.4593007, 41.814813], [12.4585417, 41.8150089], [12.4581184, 41.8150785], [12.4579009, 41.8150965], [12.4566643, 41.8150004], [12.4554132, 41.8149188], [12.4536441, 41.8148091], [12.4531013, 41.8147906], [12.4528245, 41.8148246], [12.4524608, 41.8149447]]}}, {"type": "Feature", "properties": {}, "geometry": {"type": "LineString", "coordinates": [[12.5950533, 41.7817457], [12.5947057, 41.7817123], [12.5943264, 41.7816554], [12.5941216, 41.7816684], [12.593921, 41.781735], [12.5935026, 41.781943], [12.5932715, 41.7820373], [12.5927812, 41.7821169], [12.5919529, 41.782208], [12.5917045, 41.7822551], [12.5914342, 41.7823575], [12.5912468, 41.7824794], [12.5910964, 41.7825996], [12.5908, 41.7827654], [12.5905907, 41.7829328], [12.5905079, 41.7830384], [12.5904425, 41.7834366], [12.5903902, 41.7835163], [12.5902747, 41.7836121], [12.5901875, 41.7837942], [12.5899674, 41.784259], [12.5898387, 41.7845993], [12.5897363, 41.7846936], [12.5893025, 41.7849228], [12.5884394, 41.7853615], [12.5873889, 41.7858995], [12.5867111, 41.786244], [12.5865084, 41.7863301], [12.5863754, 41.7863968], [12.5862621, 41.7864553], [12.5861313, 41.7864894], [12.5860027, 41.7865381], [12.585702, 41.7867933], [12.5853184, 41.7871849], [12.5852072, 41.7872987], [12.5848127, 41.7880641], [12.5847626, 41.788173], [12.5847168, 41.7882023], [12.5844422, 41.7883388], [12.5842962, 41.7884103], [12.5841915, 41.7884704], [12.5841, 41.7885338], [12.5840586, 41.7886248], [12.5840128, 41.7887727], [12.583906, 41.788862], [12.58376, 41.7889693], [12.5836924, 41.7890863], [12.58359, 41.7892651], [12.5835747, 41.7893951], [12.5835181, 41.7895446], [12.5834396, 41.7897168], [12.5833328, 41.7898566], [12.583202, 41.7900109], [12.5830756, 41.7901328], [12.5829187, 41.7902027], [12.5823139, 41.7908005], [12.5813026, 41.7917723], [12.5802739, 41.7928155], [12.5795154, 41.7935338], [12.5789676, 41.7939406], [12.5786952, 41.7941046], [12.5782013, 41.7944529], [12.5769908, 41.7953687], [12.5768706, 41.795479], [12.5765223, 41.7957225], [12.5758935, 41.796166], [12.5756654, 41.7963775], [12.5751907, 41.7968347], [12.5747838, 41.7972599], [12.5744109, 41.7975172], [12.5742321, 41.797639], [12.5741211, 41.7977654], [12.5740379, 41.7979124], [12.5738222, 41.798202], [12.573554, 41.7985191], [12.5734122, 41.7986317], [12.5731749, 41.7987144], [12.5729005, 41.7987443], [12.572768, 41.7987925], [12.5727064, 41.7988316], [12.5726385, 41.7989603], [12.5725646, 41.7991004], [12.5724598, 41.7991556], [12.5723272, 41.7991946], [12.5719913, 41.7992613], [12.571831, 41.7992659], [12.571646, 41.7992912], [12.5713378, 41.7993394], [12.5711929, 41.7993739], [12.5710851, 41.7994451], [12.5708323, 41.7997094], [12.570672, 41.7997806], [12.5705395, 41.7998105], [12.5704563, 41.7998449], [12.5703854, 41.7999047], [12.570296, 41.7999897], [12.5701203, 41.8001046], [12.5699261, 41.8002103], [12.569886, 41.8003206], [12.5698799, 41.800486], [12.5696919, 41.8007594], [12.5696179, 41.8008284], [12.5694052, 41.8008054], [12.5691987, 41.8007365], [12.5688411, 41.8006951], [12.5687363, 41.8006974], [12.56861, 41.8006652], [12.5684867, 41.8006377], [12.5683668, 41.800636], [12.5682033, 41.8006945], [12.5680769, 41.8007058], [12.5679483, 41.8006912], [12.5679047, 41.8006587], [12.5678764, 41.8005759], [12.5678698, 41.8005287], [12.567835, 41.8004962], [12.5677761, 41.8004962], [12.5677129, 41.8005222], [12.5676541, 41.8005434], [12.5676083, 41.8005499], [12.5675516, 41.8005385], [12.5674666, 41.8005271], [12.5673751, 41.8005547], [12.5671898, 41.8006701], [12.5671615, 41.8007042], [12.5671768, 41.8007448], [12.5671986, 41.8008488], [12.5671659, 41.8009171], [12.5671375, 41.8009804], [12.5671048, 41.8010097], [12.5670634, 41.8010259], [12.5670285, 41.8010194], [12.5669915, 41.8009658], [12.5669501, 41.8009398], [12.5668389, 41.8009268], [12.5667517, 41.8009236], [12.5666842, 41.8009495], [12.5666602, 41.801008], [12.5666471, 41.8010617], [12.5666493, 41.8011201], [12.5666602, 41.8011624], [12.5666864, 41.8012144], [12.5666755, 41.8012518], [12.5666297, 41.8012745], [12.5661611, 41.8014061], [12.5661001, 41.8014045], [12.5660369, 41.8013866], [12.5659366, 41.8013882], [12.5657731, 41.8014061], [12.5657012, 41.8014305], [12.5656707, 41.8014662], [12.5656751, 41.801528], [12.5656707, 41.8015702], [12.5656097, 41.8015946], [12.5655552, 41.8015995], [12.5655051, 41.8015816], [12.5654593, 41.8015328], [12.565407, 41.8015361], [12.5653176, 41.8015816], [12.5652457, 41.8016352], [12.5651664, 41.8016562], [12.5649424, 41.8016712], [12.5647528, 41.8016403], [12.5646286, 41.8016192], [12.5645022, 41.8016078], [12.5643365, 41.8016761], [12.564245, 41.80178], [12.5640532, 41.8018954], [12.5636064, 41.8020839], [12.563392, 41.8022085], [12.5631516, 41.8024107], [12.5628958, 41.8025164], [12.56276, 41.8025564], [12.562643, 41.802583], [12.5625105, 41.802606], [12.5623767, 41.80262], [12.5622399, 41.8026248], [12.5618478, 41.8026129], [12.5613361, 41.8026037], [12.5612243, 41.8025984], [12.5611327, 41.8025899], [12.5610266, 41.8025646]]}}, {"type": "Feature", "properties": {}, "geometry": {"type": "LineString", "coordinates": [[12.4616147, 41.8141132], [12.4611808, 41.8143126], [12.4609034, 41.8144127], [12.4605823, 41.8145128], [12.460305, 41.8145367]]}}, {"type": "Feature", "properties": {}, "geometry": {"type": "LineString", "coordinates": [[12.479408, 41.8040957], [12.4793618, 41.8041521], [12.47901, 41.8046965], [12.4787147, 41.8049467], [12.478567, 41.8050478], [12.4784905, 41.8050943], [12.4784032, 41.8051329], [12.4782991, 41.8051669], [12.4781951, 41.8051889], [12.4780803, 41.8051969], [12.4779655, 41.8051929], [12.4777668, 41.8051629], [12.4773521, 41.8050571], [12.4772172, 41.8050358], [12.4769947, 41.8050333], [12.4766751, 41.8050792], [12.4763635, 41.8050185], [12.4760657, 41.804909], [12.4759248, 41.8048691], [12.4752359, 41.8048602], [12.4747158, 41.8047995], [12.4744518, 41.804727], [12.4741302, 41.8047433], [12.4738999, 41.8048114], [12.4736516, 41.8048712], [12.4734392, 41.8050754], [12.4732625, 41.8052574], [12.4731255, 41.8053358], [12.4730104, 41.8055756], [12.4728059, 41.8058123], [12.4724764, 41.8061201], [12.4721826, 41.8063628], [12.4717816, 41.8066661], [12.4714302, 41.8069103], [12.4708346, 41.8072477], [12.4704455, 41.8074697], [12.4702232, 41.8076295], [12.46984, 41.8079151], [12.4695204, 41.8081755], [12.4693378, 41.8082879], [12.4692941, 41.8084418], [12.469173, 41.8086238], [12.469038, 41.8086889], [12.4688872, 41.8089523], [12.4687045, 41.8091062], [12.4680514, 41.8095604], [12.4671006, 41.8102544], [12.466239, 41.8108758], [12.4657019, 41.8112926], [12.4649877, 41.8117665], [12.4646161, 41.8119881], [12.4642247, 41.812235], [12.4639118, 41.8123973], [12.4637921, 41.8124666], [12.4635134, 41.8126958], [12.4630675, 41.8129912], [12.4622891, 41.8135453], [12.4618395, 41.8139369], [12.4616147, 41.8141132]]}}, {"type": "Feature", "properties": {}, "geometry": {"type": "LineString", "coordinates": [[12.5032868, 41.7961026], [12.5028117, 41.796484], [12.5025285, 41.7967], [12.5023471, 41.7969837], [12.5020305, 41.7971683], [12.5018678, 41.7971974], [12.501552, 41.7972047], [12.5011745, 41.7973091], [12.5002891, 41.797593], [12.4993875, 41.7977628], [12.4985705, 41.7978429], [12.497829, 41.7979696], [12.4976717, 41.7981267], [12.4973655, 41.7983887], [12.4970887, 41.798498], [12.496955, 41.7985304], [12.4960835, 41.7987413], [12.4955324, 41.7988982], [12.4954578, 41.7989273], [12.4950523, 41.7990851], [12.4946289, 41.7992209], [12.4938271, 41.7993602], [12.4929374, 41.7996057], [12.4926729, 41.7997252], [12.4922751, 41.799905], [12.4916998, 41.8001369], [12.4913218, 41.8001419], [12.4908602, 41.800092], [12.4901174, 41.8001072], [12.4899314, 41.8001596], [12.4898175, 41.8003138], [12.4897947, 41.8003832], [12.4897054, 41.8004058], [12.4894928, 41.8003874], [12.4890257, 41.8003733], [12.4888093, 41.8003818], [12.4884979, 41.8003648], [12.4877661, 41.8002646], [12.4874331, 41.8002486], [12.4872344, 41.8002846], [12.4870868, 41.8003707], [12.4868934, 41.800675], [12.4866679, 41.8011083], [12.4865507, 41.8012979], [12.486492, 41.8013409], [12.4863736, 41.8013849], [12.4862007, 41.801422], [12.4859912, 41.801466], [12.4856488, 41.801525], [12.485461, 41.8015684], [12.4853152, 41.8016226], [12.484791, 41.8019023], [12.4844473, 41.8020565], [12.4839371, 41.8022426], [12.4838015, 41.8023157], [12.483729, 41.8023706], [12.4836699, 41.8024358], [12.4836203, 41.8025316], [12.4836089, 41.8025688], [12.4836021, 41.8026122], [12.4835972, 41.8026616], [12.4835875, 41.802706], [12.4835619, 41.802761], [12.4835352, 41.8028015], [12.483505, 41.8028295], [12.4834497, 41.80288], [12.483391, 41.8029145], [12.4833307, 41.8029413], [12.4831558, 41.8029832], [12.4826966, 41.8030212], [12.4820258, 41.8030073], [12.4817121, 41.8030526], [12.4811071, 41.8031053], [12.4805029, 41.8030973], [12.4802747, 41.8031353], [12.480025, 41.8032054], [12.4798746, 41.8033035], [12.4797189, 41.8036197], [12.4796142, 41.8038439], [12.4794816, 41.8040058]]}}, {"type": "Feature", "properties": {}, "geometry": {"type": "Polygon", "coordinates": [[[12.3965211, 41.9194109], [12.3965675, 41.9194082], [12.396609, 41.9193925], [12.3966393, 41.9193662], [12.3966537, 41.9193332], [12.3966501, 41.9192987], [12.396629, 41.9192678], [12.3965936, 41.9192453], [12.3965493, 41.9192346], [12.3965029, 41.9192372], [12.3964614, 41.9192529], [12.3964312, 41.9192793], [12.3964167, 41.9193122], [12.3964203, 41.9193467], [12.3964414, 41.9193776], [12.3964768, 41.9194001], [12.3965211, 41.9194109]]]}}, {"type": "Feature", "properties": {}, "geometry": {"type": "Polygon", "coordinates": [[[12.4632317, 41.9224012], [12.4633033, 41.9225102], [12.4634264, 41.9225089], [12.4639424, 41.9223442], [12.4639557, 41.9223034], [12.4638542, 41.9221535], [12.4632317, 41.9224012]]]}}, {"type": "Feature", "properties": {}, "geometry": {"type": "Polygon", "coordinates": [[[12.4572074, 41.9028123], [12.4572074, 41.9028172], [12.4572177, 41.9028173], [12.4572176, 41.902822], [12.4572541, 41.9028221], [12.4572543, 41.9028175], [12.4572666, 41.9028176], [12.4572667, 41.9028122], [12.4572738, 41.9028119], [12.4572816, 41.9028087], [12.4572854, 41.9028043], [12.4572878, 41.9027986], [12.4572928, 41.9027986], [12.4572929, 41.9027908], [12.4572989, 41.9027908], [12.4572992, 41.9027642], [12.4572931, 41.9027642], [12.4572933, 41.9027559], [12.4572866, 41.9027559], [12.4572865, 41.9027508], [12.4572814, 41.9027446], [12.4572741, 41.9027416], [12.457268, 41.9027411], [12.4572681, 41.9027359], [12.4572572, 41.9027358], [12.4572575, 41.9027304], [12.4572211, 41.9027296], [12.4572209, 41.9027353], [12.4572088, 41.9027351], [12.4572087, 41.9027397], [12.4572025, 41.9027407], [12.4571962, 41.9027441], [12.4571911, 41.9027495], [12.457188, 41.9027547], [12.4571832, 41.9027547], [12.457183, 41.9027628], [12.4571772, 41.9027627], [12.4571767, 41.9027893], [12.4571826, 41.9027894], [12.4571825, 41.9027977], [12.457187, 41.9027978], [12.4571882, 41.9028011], [12.4571929, 41.9028062], [12.4572, 41.9028109], [12.4572074, 41.9028123]]]}}, {"type": "Feature", "properties": {}, "geometry": {"type": "Polygon", "coordinates": [[[12.4572472, 41.9017366], [12.4572471, 41.9017415], [12.4572575, 41.9017416], [12.4572574, 41.9017463], [12.4572939, 41.9017464], [12.4572941, 41.9017419], [12.4573063, 41.901742], [12.4573064, 41.9017365], [12.4573136, 41.9017362], [12.4573214, 41.901733], [12.4573252, 41.9017286], [12.457328, 41.9017229], [12.4573326, 41.9017229], [12.4573327, 41.9017151], [12.4573387, 41.9017151], [12.4573389, 41.9016885], [12.4573329, 41.9016885], [12.457333, 41.9016802], [12.4573264, 41.9016802], [12.4573263, 41.9016751], [12.4573212, 41.9016689], [12.4573139, 41.9016659], [12.4573079, 41.9016656], [12.4573078, 41.9016602], [12.457297, 41.9016603], [12.4572971, 41.9016548], [12.4572609, 41.9016539], [12.4572606, 41.9016596], [12.4572485, 41.9016595], [12.4572482, 41.9016642], [12.4572423, 41.901665], [12.457236, 41.9016685], [12.4572309, 41.9016738], [12.4572278, 41.901679], [12.457223, 41.901679], [12.4572228, 41.9016871], [12.457217, 41.901687], [12.4572165, 41.9017136], [12.4572224, 41.9017137], [12.4572222, 41.901722], [12.4572268, 41.9017221], [12.457228, 41.9017254], [12.4572327, 41.9017305], [12.4572398, 41.9017352], [12.4572472, 41.9017366]]]}}, {"type": "Feature", "properties": {}, "geometry": {"type": "LineString", "coordinates": [[12.5000378, 41.8670723], [12.5000292, 41.8670447], [12.4999935, 41.8670161], [12.4999624, 41.8670014], [12.4961134, 41.8670333], [12.4931861, 41.8670493], [12.4840944, 41.8672483], [12.4789082, 41.8675316], [12.4773894, 41.8670848], [12.477205, 41.8669639], [12.4767093, 41.8663119]]}}, {"type": "Feature", "properties": {}, "geometry": {"type": "Polygon", "coordinates": [[[12.4731, 41.8981649], [12.4730995, 41.8981764], [12.4731225, 41.8981768], [12.4731297, 41.8981834], [12.4731387, 41.8981871], [12.4731523, 41.8981885], [12.4731633, 41.8981871], [12.4731728, 41.8981844], [12.4731759, 41.8981811], [12.4731778, 41.8981776], [12.473201, 41.8981779], [12.4732017, 41.8981668], [12.4732149, 41.8981569], [12.4732231, 41.898157], [12.4732235, 41.8981389], [12.4732293, 41.8981371], [12.473234, 41.8981341], [12.4732389, 41.8981288], [12.4732419, 41.8981224], [12.4732427, 41.8981131], [12.4732405, 41.8981034], [12.4732372, 41.8980953], [12.473232, 41.8980905], [12.473229, 41.8980883], [12.4732254, 41.8980864], [12.4732253, 41.8980665], [12.4732117, 41.8980664], [12.4732021, 41.898057], [12.4732025, 41.8980457], [12.4731812, 41.8980454], [12.4731793, 41.8980412], [12.4731754, 41.8980381], [12.4731697, 41.8980356], [12.4731585, 41.8980344], [12.4731499, 41.8980348], [12.4731426, 41.8980362], [12.4731376, 41.8980374], [12.4731343, 41.8980392], [12.473131, 41.8980419], [12.4731298, 41.8980445], [12.4731081, 41.8980444], [12.473108, 41.8980555], [12.4730967, 41.8980646], [12.4730818, 41.8980646], [12.4730817, 41.8980839], [12.4730757, 41.8980867], [12.4730714, 41.8980896], [12.4730683, 41.8980926], [12.4730659, 41.898096], [12.4730638, 41.8981014], [12.4730633, 41.8981065], [12.4730631, 41.8981115], [12.4730638, 41.8981164], [12.4730646, 41.8981208], [12.4730668, 41.8981248], [12.4730715, 41.8981302], [12.4730754, 41.898134], [12.4730791, 41.898137], [12.4730784, 41.898155], [12.4730896, 41.8981553], [12.4731, 41.8981649]]]}}, {"type": "Feature", "properties": {}, "geometry": {"type": "Polygon", "coordinates": [[[12.5385896, 41.8953117], [12.5391314, 41.8955472], [12.5392482, 41.8955838], [12.5392994, 41.8955806], [12.5393188, 41.8955748], [12.5393488, 41.8955819], [12.5393686, 41.8955904], [12.5393997, 41.8955909], [12.5394293, 41.8955773], [12.5396458, 41.8955312], [12.5397341, 41.8954062], [12.5397458, 41.8953781], [12.5398022, 41.8952421], [12.5398181, 41.8952319], [12.539832, 41.8952271], [12.5398518, 41.8952198], [12.5398656, 41.8952055], [12.5398744, 41.8951749], [12.5398738, 41.8951602], [12.5398712, 41.8950995], [12.5398559, 41.8950831], [12.5398388, 41.8950697], [12.5398108, 41.8950536], [12.5393158, 41.8950075], [12.5392813, 41.8949973], [12.5392597, 41.8949748], [12.5392384, 41.8949485], [12.5392302, 41.8949204], [12.5392366, 41.8947295], [12.5392306, 41.8947106], [12.5392161, 41.8946875], [12.5391955, 41.8946599], [12.5391661, 41.8946372], [12.5391328, 41.8946194], [12.5387195, 41.8945439], [12.5386738, 41.8945413], [12.538638, 41.894553], [12.5385815, 41.8945859], [12.5385545, 41.8945972], [12.5385103, 41.8952451], [12.5385896, 41.8953117]]]}}, {"type": "Feature", "properties": {}, "geometry": {"type": "Polygon", "coordinates": [[[12.4577189, 41.9289302], [12.4575208, 41.9289424], [12.4574794, 41.9289454], [12.4575091, 41.9291026], [12.4577251, 41.9290909], [12.4577189, 41.9289302]]]}}, {"type": "Feature", "properties": {}, "geometry": {"type": "LineString", "coordinates": [[12.5621639, 41.8476441], [12.5620675, 41.8475998]]}}, {"type": "Feature", "properties": {}, "geometry": {"type": "Polygon", "coordinates": [[[12.5620675, 41.8475998], [12.5618311, 41.8476419], [12.5617344, 41.8476986], [12.5616291, 41.847694], [12.5615676, 41.8476401], [12.5615686, 41.8475419], [12.5616533, 41.8474925], [12.5618047, 41.8474759], [12.562038, 41.8475099], [12.5621104, 41.8475479], [12.5620675, 41.8475998]]]}}, {"type": "Feature", "properties": {}, "geometry": {"type": "LineString", "coordinates": [[12.5615676, 41.8476401], [12.5615437, 41.8476343], [12.5615164, 41.8476319], [12.5614824, 41.8476338], [12.5614507, 41.8476392], [12.5614319, 41.8476454], [12.5614119, 41.8476596], [12.5613964, 41.8476736], [12.561384, 41.8476881], [12.5613731, 41.8477041], [12.5613652, 41.8477204], [12.5613479, 41.8477717], [12.5613395, 41.8477894], [12.561327, 41.8478111], [12.561317, 41.8478255], [12.5613031, 41.8478435], [12.5612871, 41.8478621], [12.5612714, 41.8478787], [12.5612539, 41.8478939], [12.5612342, 41.847909], [12.5612086, 41.847927], [12.5611862, 41.8479418], [12.5611639, 41.847955], [12.5611303, 41.847972], [12.5610906, 41.847989], [12.5610542, 41.8480027], [12.5610117, 41.8480164], [12.5609811, 41.8480252], [12.5606743, 41.8481051], [12.5605101, 41.8481514], [12.5604822, 41.8481574], [12.5604503, 41.8481619], [12.5604235, 41.8481637], [12.5603927, 41.8481641], [12.5603579, 41.8481656], [12.5603161, 41.84817], [12.5602822, 41.8481752], [12.5602413, 41.8481834], [12.5601688, 41.8482013], [12.5601292, 41.8482141], [12.5600846, 41.8482328], [12.560057, 41.8482448], [12.5600244, 41.8482627], [12.559913, 41.8483339], [12.5598209, 41.8483937], [12.5597705, 41.8484294], [12.5597377, 41.848454], [12.559697, 41.8484867], [12.5596763, 41.8485062], [12.5596551, 41.8485298], [12.5596328, 41.848557], [12.5596154, 41.8485748], [12.559598, 41.8485887], [12.5595806, 41.8485991], [12.5595577, 41.84861], [12.5595369, 41.8486186], [12.559512, 41.848628], [12.5594834, 41.8486379], [12.5594114, 41.8486587], [12.5593853, 41.8486688], [12.5593612, 41.8486789], [12.5593366, 41.8486927], [12.5593141, 41.8487065], [12.5591565, 41.848821], [12.5591281, 41.8488439], [12.5590982, 41.8488682], [12.5590659, 41.8488972], [12.5590258, 41.8489314], [12.5589981, 41.8489538], [12.5588666, 41.8490556], [12.5588123, 41.8490982], [12.5587654, 41.8491331], [12.5587156, 41.8491687], [12.5586759, 41.8491943], [12.5586332, 41.8492206], [12.5584844, 41.8493074], [12.5584519, 41.8493284], [12.5584148, 41.849354], [12.5583806, 41.8493811], [12.5583431, 41.8494133], [12.5583085, 41.8494469], [12.5582721, 41.8494849], [12.5582459, 41.8495147], [12.5582195, 41.8495426], [12.5581895, 41.849571], [12.5581554, 41.8496002], [12.5581251, 41.8496231], [12.5580908, 41.8496467], [12.5580572, 41.8496681], [12.5580018, 41.8497015], [12.5577466, 41.8498489], [12.5577137, 41.8498687], [12.5576778, 41.8498922], [12.5576454, 41.8499132], [12.5576101, 41.8499378], [12.557356, 41.8501181], [12.5571506, 41.850259], [12.5569467, 41.8504022], [12.5569136, 41.8504234], [12.5568757, 41.850444], [12.5568429, 41.8504558], [12.5568054, 41.8504669], [12.556733, 41.8504798], [12.5567118, 41.8504844], [12.5566922, 41.850492], [12.5566771, 41.8505041], [12.5566637, 41.850521], [12.556644, 41.8505321], [12.5566196, 41.8505389], [12.5565962, 41.8505386], [12.5565849, 41.8505367], [12.5565681, 41.8505339], [12.5564994, 41.8505132], [12.5564078, 41.8504876], [12.556363, 41.8504791], [12.5563219, 41.8504777], [12.5562662, 41.8504822], [12.5562142, 41.8504938], [12.5561363, 41.8505181], [12.5559858, 41.8505668], [12.5559063, 41.8506037]]}}, {"type": "Feature", "properties": {}, "geometry": {"type": "LineString", "coordinates": [[12.4563655, 41.953249], [12.4564261, 41.9532545]]}}, {"type": "Feature", "properties": {}, "geometry": {"type": "LineString", "coordinates": [[12.4565235, 41.9532634], [12.4566851, 41.9532782], [12.4570735, 41.9532262], [12.4571468, 41.9532135]]}}, {"type": "Feature", "properties": {}, "geometry": {"type": "LineString", "coordinates": [[12.4493483, 41.9180441], [12.4493393, 41.9178219]]}}, {"type": "Feature", "properties": {}, "geometry": {"type": "LineString", "coordinates": [[12.6302415, 41.9657357], [12.6301119, 41.9655592], [12.6300582, 41.9654375], [12.6300368, 41.9653518], [12.6300958, 41.9651663], [12.6302004, 41.9649848], [12.6302245, 41.9648811], [12.6302165, 41.9647455], [12.6302035, 41.9647206], [12.6300986, 41.9645195], [12.6298365, 41.9643156], [12.6295245, 41.9641093], [12.6292654, 41.9639071], [12.6290342, 41.9634563], [12.6276067, 41.9616162], [12.6274216, 41.9613869], [12.6272231, 41.9611715], [12.6270515, 41.9609461], [12.6269871, 41.9607905], [12.6269442, 41.9606389], [12.6266813, 41.9602759], [12.6266304, 41.9601383], [12.6266572, 41.9599369], [12.6267457, 41.9596018], [12.6267511, 41.9594722], [12.6267242, 41.9593704], [12.626625, 41.9592567], [12.6265365, 41.959157], [12.6261425, 41.9587167], [12.6260913, 41.9586595], [12.6255575, 41.9579264], [12.6248574, 41.9570547], [12.6245436, 41.9567156], [12.6243532, 41.9565999], [12.6240447, 41.9563785], [12.6235378, 41.9559337], [12.6231489, 41.9555408], [12.6229852, 41.9553752], [12.6225963, 41.9551439], [12.6222771, 41.9548666], [12.6219204, 41.9544796], [12.6218212, 41.954334], [12.6216093, 41.9540348], [12.6215368, 41.953953], [12.6214805, 41.9539131], [12.6212364, 41.9538433], [12.6210406, 41.9537376], [12.6208234, 41.953598], [12.6206195, 41.9534085], [12.6203835, 41.9532469], [12.6198256, 41.952816], [12.6197451, 41.9526604], [12.6196539, 41.9525767], [12.6193643, 41.9523852], [12.619139, 41.9522336], [12.6181412, 41.9517389], [12.617367, 41.9512515], [12.6166016, 41.9509848], [12.6162422, 41.9508213], [12.6157276, 41.9505429], [12.6154321, 41.9502707], [12.6152497, 41.949744], [12.6151049, 41.9494049], [12.614826, 41.9490618], [12.6145792, 41.9487227], [12.613855, 41.9474579], [12.6136565, 41.9471228], [12.6125461, 41.945858], [12.612471, 41.9457862], [12.6124066, 41.9456425], [12.612133, 41.9448405], [12.6115161, 41.9439029], [12.6114517, 41.9437592], [12.6114464, 41.94346], [12.6114303, 41.9433323], [12.6113445, 41.9432086], [12.6111031, 41.9428774], [12.6107597, 41.9425263], [12.6104164, 41.9421672], [12.610352, 41.9420355], [12.6103252, 41.9417881], [12.6102608, 41.9416086], [12.6099122, 41.9410539], [12.6098311, 41.9409607], [12.6095736, 41.9408649], [12.6089466, 41.9408185], [12.6079702, 41.9407746], [12.6076055, 41.9406868], [12.6073211, 41.9405871], [12.6069403, 41.9403596], [12.6065165, 41.9402279], [12.6049743, 41.9397795], [12.604436, 41.9396296], [12.6042634, 41.9395815], [12.6041732, 41.9395495], [12.604086, 41.9395184], [12.6038672, 41.9394407], [12.6037318, 41.9393614], [12.6033515, 41.9391386], [12.6031714, 41.9390031], [12.6028822, 41.9387922], [12.6023542, 41.9384071], [12.6014127, 41.9376337], [12.6008125, 41.9372794], [12.6005054, 41.9370981], [12.5991912, 41.9363224], [12.5991629, 41.9363038]]}}, {"type": "Feature", "properties": {}, "geometry": {"type": "Polygon", "coordinates": [[[12.4654025, 41.8923522], [12.4654092, 41.8923544], [12.4654165, 41.8923548], [12.4654235, 41.8923533], [12.4654294, 41.8923501], [12.4654335, 41.8923456], [12.4654352, 41.8923409], [12.4654349, 41.892336], [12.4654326, 41.8923314], [12.4654284, 41.8923276], [12.4654229, 41.8923249], [12.4654166, 41.8923236], [12.46541, 41.8923239], [12.4654038, 41.8923256], [12.4653987, 41.8923287], [12.4653951, 41.8923328], [12.4653933, 41.8923381], [12.4653941, 41.8923435], [12.4653973, 41.8923484], [12.4654025, 41.8923522]]]}}, {"type": "Feature", "properties": {}, "geometry": {"type": "Polygon", "coordinates": [[[12.489062, 41.913444], [12.4890859, 41.9134279], [12.4891162, 41.9134199], [12.4891483, 41.913421], [12.4891775, 41.9134313], [12.4891991, 41.913449], [12.48921, 41.9134716], [12.4892084, 41.9134955], [12.4891946, 41.9135172], [12.4891708, 41.9135332], [12.4891405, 41.9135413], [12.4891083, 41.9135402], [12.4890792, 41.9135299], [12.4890576, 41.9135122], [12.4890467, 41.9134896], [12.4890483, 41.9134657], [12.489062, 41.913444]]]}}, {"type": "Feature", "properties": {}, "geometry": {"type": "LineString", "coordinates": [[12.6234143, 41.9115192], [12.6223253, 41.911627], [12.6208179, 41.9117627], [12.6202171, 41.9117987], [12.6191528, 41.911743], [12.617904, 41.9120005], [12.6162713, 41.912511], [12.6141913, 41.9128376], [12.613786, 41.9129098], [12.6132804, 41.9130106], [12.6126474, 41.9131224], [12.6119581, 41.9132023], [12.6115101, 41.9132621], [12.6107189, 41.9133639], [12.6102184, 41.9130528], [12.6097291, 41.9129062], [12.6089017, 41.9121428], [12.6084014, 41.911831], [12.6072266, 41.9115196], [12.6062449, 41.9112482], [12.6041126, 41.9110232], [12.6034554, 41.9109527], [12.6028171, 41.9108968], [12.6022753, 41.9108569], [12.6017227, 41.910841], [12.601476, 41.9107691], [12.6013419, 41.910817], [12.6008162, 41.9100146], [12.6004637, 41.9097589], [12.5992801, 41.9088846], [12.5989708, 41.9084217], [12.5987114, 41.9075871], [12.5978915, 41.9066106], [12.5974916, 41.906181], [12.5972198, 41.9059384], [12.5960239, 41.9054472], [12.5949421, 41.9049882], [12.5941321, 41.9046529], [12.5935956, 41.9044173], [12.593255, 41.9043275], [12.592968, 41.9042816], [12.59274, 41.9042616], [12.5924745, 41.9042536], [12.5920507, 41.9041877], [12.5916966, 41.9041778], [12.5913292, 41.9041578], [12.5910476, 41.9041438], [12.5905229, 41.9041856], [12.59024, 41.9041754], [12.5890439, 41.904076], [12.5885673, 41.9040209], [12.588419, 41.9040041], [12.5877867, 41.903759], [12.5869758, 41.9036567], [12.5867563, 41.9036265], [12.5858414, 41.9035449], [12.5854471, 41.9035166], [12.5853023, 41.903539], [12.5846902, 41.903412], [12.5842944, 41.9033816], [12.5842407, 41.9033791], [12.5836346, 41.9033531], [12.5833127, 41.9033691], [12.583007, 41.903417], [12.58272, 41.9034649], [12.5823713, 41.9035408], [12.5817731, 41.9037124], [12.5814057, 41.9038202], [12.5808505, 41.9039739], [12.5800096, 41.9041488], [12.5788424, 41.904344], [12.5784338, 41.9043612], [12.5782809, 41.9042195], [12.5777257, 41.9041656], [12.5770659, 41.9041077], [12.5769076, 41.9040937]]}}, {"type": "Feature", "properties": {}, "geometry": {"type": "LineString", "coordinates": [[12.5769076, 41.9040937], [12.5765053, 41.9040538], [12.5760949, 41.9040099], [12.575714, 41.9039719], [12.5751508, 41.9039081], [12.5747297, 41.9038622], [12.5745097, 41.9038302], [12.5742174, 41.9037723], [12.5740403, 41.9037364], [12.5736568, 41.9036665]]}}, {"type": "Feature", "properties": {}, "geometry": {"type": "LineString", "coordinates": [[12.5993114, 41.9091905], [12.599226, 41.9095218], [12.5990668, 41.9096755], [12.5986883, 41.9097619], [12.5984603, 41.9097587], [12.5982712, 41.9097336], [12.5980258, 41.9097011], [12.5977462, 41.9096979], [12.5974141, 41.9098041], [12.5970424, 41.9099821], [12.5968725, 41.9100429], [12.5965477, 41.9101294]]}}, {"type": "Feature", "properties": {}, "geometry": {"type": "LineString", "coordinates": [[12.6013876, 41.9049854], [12.6011662, 41.9051431], [12.6009874, 41.9053338], [12.600914, 41.905421], [12.6005921, 41.9056459], [12.6004233, 41.9058099], [12.6003021, 41.9059356], [12.6001909, 41.9061292], [12.6000363, 41.906348], [12.6000125, 41.9064766], [12.6000185, 41.9066052], [12.6000443, 41.9067678], [12.6000205, 41.9069541], [12.5999033, 41.907161], [12.5998536, 41.9073088], [12.5998516, 41.9074137], [12.5998794, 41.907495], [12.5999311, 41.9076295], [12.5999192, 41.9077404]]}}, {"type": "Feature", "properties": {}, "geometry": {"type": "LineString", "coordinates": [[12.5965477, 41.9101294], [12.5961584, 41.910291]]}}, {"type": "Feature", "properties": {}, "geometry": {"type": "LineString", "coordinates": [[12.5999192, 41.9077404], [12.5997417, 41.9083014]]}}, {"type": "Feature", "properties": {}, "geometry": {"type": "LineString", "coordinates": [[12.5994405, 41.9087375], [12.5993179, 41.9089456], [12.5993114, 41.9091905]]}}, {"type": "Feature", "properties": {}, "geometry": {"type": "LineString", "coordinates": [[12.5997417, 41.9083014], [12.5997036, 41.9084554], [12.5996732, 41.908564], [12.5996169, 41.9086285], [12.5994405, 41.9087375]]}}, {"type": "Feature", "properties": {}, "geometry": {"type": "LineString", "coordinates": [[12.4571468, 41.9532135], [12.4572279, 41.9531995]]}}, {"type": "Feature", "properties": {}, "geometry": {"type": "LineString", "coordinates": [[12.4572279, 41.9531995], [12.4578425, 41.9530933], [12.458473, 41.9528776], [12.4586193, 41.9528275], [12.4592407, 41.9525791], [12.4597923, 41.952169], [12.4601962, 41.9517472], [12.4605924, 41.9515219], [12.460872, 41.9514584], [12.4612641, 41.9514126], [12.4623324, 41.9511695], [12.4631868, 41.9510771], [12.4639248, 41.9510887], [12.4644546, 41.9511189], [12.4646907, 41.9511328], [12.4649367, 41.9512345], [12.4651748, 41.9512704], [12.4656268, 41.95134], [12.4662038, 41.9515278], [12.4665389, 41.9515738], [12.4669272, 41.9517285], [12.4671174, 41.9519133], [12.4675621, 41.9521296], [12.4678243, 41.9521553], [12.4680558, 41.9521142], [12.4683278, 41.952066], [12.4686777, 41.9520316], [12.4691144, 41.9520374], [12.4697078, 41.9519541], [12.470338, 41.9518675], [12.4708301, 41.9518408], [12.4715088, 41.9517552], [12.4720337, 41.9517572], [12.4724427, 41.9516805], [12.4732296, 41.9516195], [12.4736695, 41.9516234], [12.4739545, 41.9515666], [12.4742131, 41.9514547], [12.4746758, 41.9512214], [12.4749664, 41.9511695], [12.4753745, 41.9511575], [12.4759103, 41.9512293], [12.4764278, 41.9512921], [12.4765937, 41.9513307], [12.4769858, 41.9514759], [12.4772438, 41.9515475], [12.4777378, 41.9516064], [12.4781369, 41.9516777], [12.4784447, 41.951787], [12.4786981, 41.9519201], [12.4794333, 41.9521863], [12.4796331, 41.9523019], [12.4798037, 41.9523701], [12.4798978, 41.9523935], [12.4799883, 41.9523926], [12.4801194, 41.9524394], [12.4803556, 41.9524825], [12.4804752, 41.9525281], [12.4805377, 41.9525913], [12.4806452, 41.9526586], [12.4807945, 41.9527181], [12.4810708, 41.9527706], [12.48198, 41.9530323], [12.4827769, 41.9532394], [12.4829098, 41.9532923], [12.4831052, 41.9533234], [12.4833473, 41.953332], [12.4836303, 41.9533596], [12.4838336, 41.9534113], [12.4841584, 41.9535441]]}}, {"type": "Feature", "properties": {}, "geometry": {"type": "LineString", "coordinates": [[12.4949778, 41.8389096], [12.4943032, 41.8391575], [12.4935592, 41.8393899], [12.4920524, 41.8398124], [12.4915161, 41.8398749], [12.4910426, 41.8399054], [12.4902978, 41.8399254], [12.4900174, 41.839956], [12.4895835, 41.8401009], [12.4894411, 41.8401813], [12.48934, 41.8402771], [12.4891425, 41.8404379], [12.4889703, 41.840544], [12.4887636, 41.840609]]}}, {"type": "Feature", "properties": {}, "geometry": {"type": "LineString", "coordinates": [[12.502286, 41.8681141], [12.5016591, 41.8679092], [12.501379, 41.8678328], [12.501055, 41.867794], [12.5007423, 41.8677964], [12.500358, 41.8677746], [12.5002668, 41.8677333], [12.5001805, 41.8676776], [12.5000698, 41.8675902], [12.5000203, 41.8675405]]}}, {"type": "Feature", "properties": {}, "geometry": {"type": "LineString", "coordinates": [[12.4454251, 41.8320087], [12.446098, 41.8310027], [12.4465761, 41.8304386], [12.4466807, 41.8303245], [12.4467026, 41.8302382]]}}, {"type": "Feature", "properties": {}, "geometry": {"type": "Polygon", "coordinates": [[[12.4910846, 41.9071569], [12.4910626, 41.9071488], [12.4910483, 41.9071359], [12.4910435, 41.9071242], [12.4910442, 41.9071158], [12.4910503, 41.9071078], [12.4910653, 41.9070995], [12.4910871, 41.9070938], [12.491113, 41.9070935], [12.4911422, 41.9071002], [12.4911647, 41.9071123], [12.4911749, 41.907129], [12.4911718, 41.9071442], [12.4911565, 41.9071541], [12.4911361, 41.9071587], [12.491114, 41.907161], [12.4910846, 41.9071569]]]}}, {"type": "Feature", "properties": {}, "geometry": {"type": "LineString", "coordinates": [[12.511142, 41.8681541], [12.5110847, 41.8680201], [12.5110234, 41.8679517], [12.5109917, 41.867909], [12.5109631, 41.8678655], [12.5109522, 41.8678464], [12.5109403, 41.867828], [12.5109552, 41.8677926], [12.5109433, 41.8677706], [12.5109225, 41.8677595], [12.510879, 41.8677544], [12.5108395, 41.8677396], [12.5108217, 41.8677279], [12.5108, 41.8677087], [12.5107308, 41.8676881], [12.5106645, 41.8676719], [12.5105637, 41.8676866], [12.5104715, 41.867694], [12.5103105, 41.867688], [12.5101976, 41.8676771]]}}, {"type": "Feature", "properties": {}, "geometry": {"type": "Polygon", "coordinates": [[[12.4885269, 41.899989], [12.4885376, 41.9000209], [12.4885429, 41.9000369], [12.4885429, 41.9000489], [12.4885349, 41.9000609], [12.4885188, 41.9000729], [12.4884973, 41.9000729], [12.4884759, 41.9000669], [12.4884678, 41.9000469], [12.4884732, 41.9000189], [12.4884678, 41.899999], [12.4884491, 41.899997], [12.488433, 41.899985], [12.4884249, 41.899963], [12.4884249, 41.8999491], [12.4884276, 41.8999371], [12.4884437, 41.8999291], [12.4884678, 41.8999291], [12.4884839, 41.8999231], [12.4885, 41.8999111], [12.4885161, 41.8998972], [12.4885403, 41.8998912], [12.488559, 41.8998912], [12.4885832, 41.8998952], [12.4885966, 41.8999071], [12.4885993, 41.8999271], [12.4885671, 41.8999511], [12.4885376, 41.899969], [12.4885269, 41.899989]]]}}, {"type": "Feature", "properties": {}, "geometry": {"type": "Polygon", "coordinates": [[[12.4944681, 41.9043746], [12.4944335, 41.9044038], [12.4944273, 41.9044003], [12.494419, 41.9043922], [12.4944175, 41.9043816], [12.4944344, 41.9043683], [12.4944462, 41.9043632], [12.4944611, 41.9043697], [12.4944681, 41.9043746]]]}}, {"type": "Feature", "properties": {}, "geometry": {"type": "Polygon", "coordinates": [[[12.4943908, 41.9044398], [12.4943793, 41.9044321], [12.4943782, 41.9044253], [12.4943799, 41.9044172], [12.4943873, 41.904409], [12.494399, 41.9044019], [12.4944091, 41.9043993], [12.4944198, 41.9044037], [12.494429, 41.9044076], [12.4943908, 41.9044398]]]}}, {"type": "Feature", "properties": {}, "geometry": {"type": "Polygon", "coordinates": [[[12.4944678, 41.904363], [12.4944563, 41.9043552], [12.4944553, 41.9043485], [12.4944613, 41.9043392], [12.4944702, 41.9043322], [12.4944866, 41.9043281], [12.4944996, 41.9043343], [12.4945066, 41.9043422], [12.4944778, 41.9043664], [12.4944678, 41.904363]]]}}, {"type": "Feature", "properties": {}, "geometry": {"type": "Polygon", "coordinates": [[[12.4990797, 41.9092199], [12.499074, 41.9092107], [12.4990745, 41.9091988], [12.4990767, 41.9091902], [12.4990855, 41.9091841], [12.4990947, 41.9091788], [12.4991052, 41.9091741], [12.4991155, 41.9091729], [12.4991258, 41.9091727], [12.4991372, 41.9091783], [12.499141, 41.9091874], [12.4991422, 41.9091999], [12.4991345, 41.9092149], [12.499122, 41.9092224], [12.4991057, 41.9092285], [12.4990916, 41.9092265], [12.4990797, 41.9092199]]]}}, {"type": "Feature", "properties": {}, "geometry": {"type": "Polygon", "coordinates": [[[12.4996301, 41.9095182], [12.4996243, 41.9095137], [12.4996203, 41.9095081], [12.4996199, 41.9095013], [12.499623, 41.9094954], [12.4996223, 41.9094896], [12.4996247, 41.9094841], [12.4996308, 41.909478], [12.4996386, 41.9094729], [12.4996471, 41.9094712], [12.4996519, 41.9094689], [12.4996617, 41.9094676], [12.4996692, 41.9094691], [12.4996781, 41.9094701], [12.4996855, 41.9094729], [12.4996913, 41.9094813], [12.499691, 41.9094911], [12.4996889, 41.9095005], [12.4996869, 41.9095063], [12.4996838, 41.9095111], [12.4996764, 41.9095144], [12.4996631, 41.909518], [12.499657, 41.90952], [12.4996509, 41.9095215], [12.499641, 41.9095213], [12.4996301, 41.9095182]]]}}, {"type": "Feature", "properties": {}, "geometry": {"type": "Polygon", "coordinates": [[[12.4995957, 41.9091283], [12.4995899, 41.9091239], [12.4995885, 41.9091199], [12.4995855, 41.9091149], [12.4995822, 41.9091094], [12.4995843, 41.9091032], [12.4995839, 41.9090964], [12.4995877, 41.9090924], [12.4995948, 41.9090898], [12.4995999, 41.9090853], [12.4996045, 41.9090841], [12.4996111, 41.9090836], [12.4996162, 41.9090848], [12.4996215, 41.9090862], [12.4996275, 41.909086], [12.4996315, 41.909088], [12.4996356, 41.9090924], [12.499639, 41.9090972], [12.4996441, 41.9091012], [12.4996441, 41.909108], [12.4996417, 41.9091126], [12.4996414, 41.9091199], [12.4996356, 41.909125], [12.4996275, 41.909127], [12.499623, 41.9091316], [12.4996149, 41.9091326], [12.4996077, 41.9091301], [12.4996009, 41.9091306], [12.4995957, 41.9091283]]]}}, {"type": "Feature", "properties": {}, "geometry": {"type": "Polygon", "coordinates": [[[12.4944572, 41.8941543], [12.4944467, 41.8941501], [12.4944363, 41.8941443], [12.4944302, 41.894136], [12.4944269, 41.8941278], [12.4944265, 41.8941196], [12.4944304, 41.8941121], [12.4944376, 41.8941059], [12.4944488, 41.8941022], [12.4944609, 41.8941013], [12.4944793, 41.8941049], [12.4944923, 41.8941089], [12.4945027, 41.8941141], [12.4945105, 41.8941205], [12.4945145, 41.894126], [12.4945166, 41.8941339], [12.4945162, 41.8941406], [12.4945119, 41.8941467], [12.4945051, 41.8941516], [12.4944916, 41.8941562], [12.4944756, 41.8941571], [12.4944572, 41.8941543]]]}}, {"type": "Feature", "properties": {}, "geometry": {"type": "Polygon", "coordinates": [[[12.497512, 41.8940315], [12.4974926, 41.8940232], [12.497475, 41.8940129], [12.497463, 41.8939985], [12.497464, 41.8939833], [12.497475, 41.8939703], [12.4974935, 41.8939613], [12.4975176, 41.8939586], [12.4975425, 41.8939593], [12.4975675, 41.8939703], [12.4975786, 41.8939806], [12.497585, 41.8939964], [12.4975832, 41.8940102], [12.4975721, 41.8940219], [12.4975564, 41.8940294], [12.4975425, 41.8940315], [12.497512, 41.8940315]]]}}, {"type": "Feature", "properties": {}, "geometry": {"type": "Polygon", "coordinates": [[[12.4833631, 41.8756915], [12.4832738, 41.8757015], [12.4832548, 41.8756352], [12.4832369, 41.8755584], [12.4832397, 41.8755236], [12.4833377, 41.8755102], [12.4833524, 41.8755459], [12.483363, 41.875592], [12.4833697, 41.8756524], [12.4833631, 41.8756915]]]}}, {"type": "Feature", "properties": {}, "geometry": {"type": "Polygon", "coordinates": [[[12.497601, 41.8905094], [12.4976173, 41.8905589], [12.4976247, 41.8905593], [12.497632, 41.8905607], [12.4976402, 41.8905636], [12.4976474, 41.8905678], [12.4976532, 41.8905731], [12.4976574, 41.8905792], [12.4976597, 41.8905858], [12.4976601, 41.8905926], [12.4976584, 41.8905993], [12.4976549, 41.8906056], [12.4976502, 41.8906106], [12.4976443, 41.8906149], [12.4976374, 41.8906182], [12.4976298, 41.8906205], [12.4976218, 41.8906216], [12.4976136, 41.8906216], [12.4976055, 41.8906204], [12.4975979, 41.890618], [12.4975867, 41.8906115], [12.4975791, 41.8906026], [12.4975758, 41.8905924], [12.4975772, 41.890582], [12.4975832, 41.8905725], [12.497588, 41.8905681], [12.4975938, 41.8905646], [12.4975775, 41.8905133], [12.4975415, 41.8905197], [12.4974897, 41.8903566], [12.4975789, 41.8903404], [12.4976328, 41.8905038], [12.497601, 41.8905094]]]}}, {"type": "Feature", "properties": {}, "geometry": {"type": "Polygon", "coordinates": [[[12.5059561, 41.8885344], [12.5059595, 41.8885429], [12.5059583, 41.8885517], [12.5059527, 41.8885594], [12.5059434, 41.888565], [12.5059321, 41.8885675], [12.5059203, 41.8885666], [12.5059098, 41.8885624], [12.5059023, 41.8885556], [12.5058989, 41.8885471], [12.5059001, 41.8885383], [12.5059058, 41.8885305], [12.505915, 41.8885249], [12.5059264, 41.8885224], [12.5059382, 41.8885233], [12.5059486, 41.8885275], [12.5059561, 41.8885344]]]}}, {"type": "Feature", "properties": {}, "geometry": {"type": "Polygon", "coordinates": [[[12.5027741, 41.8929059], [12.5027801, 41.8929039], [12.5027866, 41.8929037], [12.5027927, 41.8929054], [12.5027975, 41.8929087], [12.5028002, 41.8929132], [12.5028004, 41.892918], [12.5027982, 41.8929226], [12.5027937, 41.8929261], [12.5027877, 41.8929282], [12.5027812, 41.8929283], [12.5027751, 41.8929266], [12.5027703, 41.8929233], [12.5027676, 41.8929189], [12.5027674, 41.892914], [12.5027697, 41.8929094], [12.5027741, 41.8929059]]]}}, {"type": "Feature", "properties": {}, "geometry": {"type": "Polygon", "coordinates": [[[12.5023709, 41.8930502], [12.5023792, 41.8930466], [12.5023887, 41.8930455], [12.5023981, 41.8930472], [12.5024058, 41.8930515], [12.5024108, 41.8930577], [12.5024122, 41.8930648], [12.5024098, 41.8930717], [12.5024041, 41.8930775], [12.5023958, 41.8930812], [12.5023863, 41.8930822], [12.502377, 41.8930805], [12.5023692, 41.8930762], [12.5023643, 41.8930701], [12.5023629, 41.893063], [12.5023652, 41.893056], [12.5023709, 41.8930502]]]}}, {"type": "Feature", "properties": {}, "geometry": {"type": "Polygon", "coordinates": [[[12.5083, 41.8911279], [12.5082757, 41.8911277], [12.5082585, 41.8911218], [12.5082472, 41.8911102], [12.5082488, 41.8910953], [12.5082574, 41.891086], [12.5082746, 41.8910819], [12.5082926, 41.8910782], [12.5083086, 41.8910782], [12.5083242, 41.8910793], [12.5083391, 41.8910852], [12.5083469, 41.8910942], [12.5083477, 41.8911082], [12.5083391, 41.8911183], [12.5083268, 41.891123], [12.5083133, 41.8911259], [12.5083, 41.8911279]]]}}, {"type": "Feature", "properties": {}, "geometry": {"type": "Polygon", "coordinates": [[[12.5074502, 41.889983], [12.5074609, 41.889983], [12.5074639, 41.8899879], [12.5074698, 41.8899896], [12.5074793, 41.8899883], [12.5074841, 41.8899857], [12.5074858, 41.8899812], [12.5074947, 41.8899808], [12.5074947, 41.8899742], [12.5074995, 41.8899715], [12.5075025, 41.8899671], [12.5075025, 41.8899614], [12.5075007, 41.889957], [12.5074918, 41.8899556], [12.5074906, 41.8899479], [12.507481, 41.8899482], [12.5074805, 41.889945], [12.5074778, 41.8899415], [12.5074747, 41.8899402], [12.5074699, 41.88994], [12.5074664, 41.8899407], [12.5074631, 41.8899413], [12.5074607, 41.8899438], [12.5074587, 41.889946], [12.5074589, 41.8899488], [12.5074471, 41.8899486], [12.507448, 41.8899564], [12.5074432, 41.8899577], [12.5074394, 41.8899606], [12.5074379, 41.8899636], [12.5074385, 41.8899672], [12.50744, 41.8899705], [12.5074438, 41.8899729], [12.5074495, 41.8899738], [12.5074502, 41.889983]]]}}, {"type": "Feature", "properties": {}, "geometry": {"type": "LineString", "coordinates": [[12.468126, 41.9922338], [12.4682206, 41.9922004], [12.46831, 41.9921707], [12.4683915, 41.9921448], [12.4684388, 41.9921297], [12.4685, 41.9921083], [12.4685611, 41.9920869], [12.4686275, 41.9920618], [12.4686837, 41.9920374], [12.468735, 41.9920138], [12.4687814, 41.9919902], [12.4688418, 41.9919557], [12.4688973, 41.9919213], [12.4689394, 41.9918936], [12.469006, 41.9918442], [12.4690676, 41.9917963], [12.4691241, 41.9917511], [12.4691757, 41.9917074], [12.469622, 41.9913141], [12.4709922, 41.9899535], [12.4710241, 41.9899226], [12.471067, 41.9898827], [12.4711394, 41.9898174], [12.4712158, 41.9897528], [12.4712594, 41.989717], [12.4713112, 41.9896766], [12.4719098, 41.9892193], [12.4719462, 41.9891924], [12.4719903, 41.9891609], [12.4720591, 41.9891148], [12.4721424, 41.989063], [12.4721869, 41.9890369], [12.4722211, 41.9890178], [12.472423, 41.9889094], [12.4724607, 41.9888884], [12.4725005, 41.9888653], [12.4725428, 41.9888394], [12.4725764, 41.9888171], [12.472611, 41.9887938], [12.4726418, 41.9887719], [12.4726985, 41.9887304], [12.4727356, 41.988702], [12.4727726, 41.9886724], [12.473188, 41.9883289], [12.4732271, 41.9882949], [12.4732634, 41.988263], [12.4732988, 41.9882312], [12.4733313, 41.9882015], [12.4733825, 41.9881487], [12.4734284, 41.9881008], [12.4734645, 41.9880594], [12.4734862, 41.9880363], [12.4735089, 41.9880136], [12.4735305, 41.9879938], [12.4735604, 41.9879668], [12.4735892, 41.9879427], [12.4736126, 41.9879249], [12.4741101, 41.9875855], [12.4741394, 41.9875675], [12.4741786, 41.9875456], [12.47421, 41.987531], [12.4742467, 41.9875179], [12.4742796, 41.9875078], [12.4743217, 41.987498], [12.4743598, 41.9874911], [12.474447, 41.9874803], [12.4744948, 41.9874733], [12.4745376, 41.9874663], [12.4745882, 41.9874554], [12.4746339, 41.9874446], [12.4749309, 41.9873608], [12.4749927, 41.9873441], [12.475053, 41.9873285], [12.4751248, 41.9873105], [12.4752157, 41.9872877], [12.4752947, 41.9872686], [12.4753666, 41.9872519], [12.4765404, 41.9869892], [12.4765975, 41.986977], [12.4766951, 41.9869568], [12.4767987, 41.9869373], [12.4768871, 41.9869213], [12.4769814, 41.9869059], [12.4770613, 41.9868938], [12.4773141, 41.9868584], [12.4773914, 41.9868471], [12.4774865, 41.9868369], [12.477529, 41.9868332], [12.4775765, 41.986831], [12.4776118, 41.9868326], [12.4776521, 41.9868357], [12.4776884, 41.9868432], [12.4777197, 41.9868507], [12.4777552, 41.9868641], [12.4777856, 41.9868775], [12.4779649, 41.9869752], [12.4780048, 41.9869952], [12.4780398, 41.9870115], [12.4780825, 41.9870285], [12.4781204, 41.9870418], [12.4781444, 41.9870489], [12.4781981, 41.9870616], [12.4782579, 41.9870743], [12.4783086, 41.9870821], [12.4783652, 41.9870899], [12.4784323, 41.9870954], [12.4784904, 41.9870994], [12.4785558, 41.9871026], [12.4786404, 41.9871052], [12.478715, 41.9871066], [12.4788388, 41.98711], [12.4789891, 41.9871158], [12.4794806, 41.987141], [12.479672, 41.9871488], [12.4798814, 41.9871547], [12.4801017, 41.9871591], [12.4801672, 41.9871592], [12.4802427, 41.9871582], [12.4803045, 41.9871559], [12.4803713, 41.9871514], [12.4804404, 41.9871469], [12.4805144, 41.9871402], [12.4805843, 41.9871324], [12.4806464, 41.9871244], [12.4807036, 41.9871146], [12.4807673, 41.9871017], [12.4808334, 41.9870866], [12.4808966, 41.9870708], [12.4809638, 41.9870522], [12.4810281, 41.9870329], [12.4810823, 41.9870153], [12.4811486, 41.986992], [12.4814457, 41.9868786], [12.4814968, 41.986864], [12.481541, 41.9868546], [12.4815882, 41.9868474], [12.4816328, 41.9868416], [12.4816803, 41.986838], [12.481716, 41.9868377], [12.4817603, 41.9868419], [12.4817898, 41.9868469], [12.4818207, 41.9868547], [12.4818456, 41.9868656], [12.4818743, 41.9868826], [12.4818971, 41.9869026], [12.4819199, 41.9869267], [12.4819416, 41.9869581], [12.4819559, 41.9869846], [12.4819692, 41.9870184], [12.4819765, 41.9870494], [12.4819857, 41.987101], [12.4819882, 41.987143], [12.4819886, 41.9871895], [12.4819764, 41.9874906], [12.4819772, 41.9875224], [12.4819796, 41.9875575], [12.4819838, 41.9875952], [12.4819898, 41.987627], [12.4819976, 41.9876614], [12.4820056, 41.987689], [12.4820254, 41.9877445], [12.482036, 41.9877688], [12.4820532, 41.9878006], [12.4820743, 41.9878331], [12.4820902, 41.9878581], [12.4821101, 41.9878838], [12.4821295, 41.9879045], [12.4822016, 41.9879751], [12.4822216, 41.9879989], [12.4822416, 41.9880256], [12.4822578, 41.9880471], [12.482274, 41.9880716], [12.4822893, 41.9880897], [12.4823105, 41.9881093], [12.4823275, 41.9881216], [12.4823505, 41.9881354], [12.4823808, 41.98815], [12.4824279, 41.9881679], [12.4826312, 41.9882367], [12.4826738, 41.9882535], [12.482722, 41.9882748], [12.4827632, 41.9882961], [12.4827889, 41.9883115], [12.4828202, 41.9883322], [12.4828475, 41.9883514], [12.4828732, 41.9883757], [12.4828949, 41.9883986], [12.4829146, 41.9884197], [12.4829322, 41.9884455], [12.4829485, 41.9884804], [12.4829648, 41.9885234], [12.4829768, 41.9885521], [12.4830051, 41.9886015], [12.4830344, 41.9886232], [12.4830648, 41.9886434], [12.4830814, 41.9886594], [12.4830923, 41.9886791], [12.4831064, 41.988703], [12.4831373, 41.9887223], [12.4831676, 41.9887327], [12.4831976, 41.9887396], [12.4832299, 41.9887399], [12.4832675, 41.9887345], [12.4832978, 41.988728], [12.4833384, 41.9887153], [12.4833764, 41.988698], [12.4834075, 41.9886736], [12.4834466, 41.988645], [12.4834802, 41.9886184], [12.4835168, 41.9885894], [12.4836107, 41.9884873], [12.4836623, 41.9884336], [12.4837191, 41.9883971], [12.4837546, 41.988378], [12.4838496, 41.9883438], [12.4839225, 41.9883327], [12.4840042, 41.9883203], [12.4840646, 41.9883231], [12.4841125, 41.988329], [12.4841606, 41.9883504], [12.4842199, 41.9883645], [12.4843237, 41.9883759], [12.4843694, 41.988388], [12.4844132, 41.9883941], [12.4844974, 41.9883965], [12.4845382, 41.9883983], [12.4845875, 41.9883996], [12.4846383, 41.9883991], [12.4846836, 41.9883908], [12.4847329, 41.9883811], [12.4847765, 41.9883712], [12.4848191, 41.9883597], [12.4848893, 41.9883365], [12.4849305, 41.9883237], [12.4849958, 41.988304], [12.4850501, 41.9882886], [12.4851137, 41.9882719], [12.4851664, 41.9882595], [12.4852166, 41.9882483], [12.4852627, 41.9882396], [12.4852931, 41.9882346], [12.4853205, 41.9882303], [12.4853537, 41.9882258], [12.485384, 41.988222], [12.4854365, 41.9882174], [12.4854805, 41.988214], [12.4855166, 41.9882105], [12.4855735, 41.9882042], [12.4856225, 41.9881978], [12.4857115, 41.9881836], [12.485753, 41.9881764], [12.4858197, 41.9881625], [12.4858725, 41.9881508], [12.4859387, 41.9881335], [12.4860162, 41.9881111], [12.4860686, 41.9880938], [12.4863411, 41.9880005], [12.4864725, 41.9879538], [12.4865847, 41.9879144], [12.4866582, 41.987887], [12.4867288, 41.9878619], [12.4867925, 41.9878397], [12.4868533, 41.9878198], [12.4869072, 41.9878029], [12.4869561, 41.9877888], [12.4869929, 41.9877789], [12.4870573, 41.9877647], [12.4871296, 41.9877512], [12.4871878, 41.9877417], [12.487254, 41.9877328], [12.4873161, 41.9877269], [12.4873666, 41.9877231], [12.4874395, 41.9877188], [12.4875124, 41.987716], [12.4875869, 41.9877143], [12.4876613, 41.9877142], [12.487712, 41.9877151], [12.488273, 41.9877347], [12.4883269, 41.9877358], [12.4883805, 41.9877356], [12.4884276, 41.9877351], [12.4884787, 41.9877339], [12.4885175, 41.9877324], [12.4885603, 41.9877303], [12.488608, 41.9877277], [12.4886445, 41.9877245], [12.4886921, 41.9877189], [12.4887569, 41.9877091], [12.4888108, 41.9876986], [12.4888874, 41.9876807], [12.4889323, 41.987668], [12.4889704, 41.9876553], [12.4890501, 41.9876268], [12.4895602, 41.9874445], [12.4898757, 41.987387], [12.4902019, 41.9873713], [12.4905135, 41.9874474], [12.4906657, 41.9875225], [12.4908633, 41.9875574], [12.4911266, 41.9875886], [12.4913747, 41.9875989], [12.4917202, 41.9875714], [12.4920332, 41.9875085], [12.4922728, 41.9874251], [12.4924517, 41.9873288], [12.4926613, 41.9872497], [12.4928708, 41.9872222], [12.4933498, 41.9872262], [12.494308, 41.9871482], [12.4951084, 41.9871017], [12.495746, 41.9869918], [12.496006, 41.9869633], [12.4961854, 41.9869506], [12.4962582, 41.9869456], [12.4963313, 41.986943], [12.4966621, 41.9869314], [12.4969933, 41.9869798], [12.4970482, 41.9869878], [12.49712, 41.9870001], [12.4972306, 41.9870224], [12.498057, 41.9872244], [12.4988082, 41.9873535]]}}, {"type": "Feature", "properties": {}, "geometry": {"type": "LineString", "coordinates": [[12.3685717, 41.985525], [12.3682125, 41.9855001], [12.3675933, 41.9855352], [12.3656868, 41.9857438], [12.363869, 41.9858369], [12.3620143, 41.9859647]]}}, {"type": "Feature", "properties": {}, "geometry": {"type": "Polygon", "coordinates": [[[12.4895222, 41.9198626], [12.4895399, 41.9198633], [12.4895554, 41.9198568], [12.4895637, 41.9198451], [12.4895622, 41.9198319], [12.4895513, 41.9198214], [12.4895345, 41.919817], [12.4895172, 41.91982], [12.4895048, 41.9198295], [12.4895013, 41.9198425], [12.4895078, 41.9198548], [12.4895222, 41.9198626]]]}}, {"type": "Feature", "properties": {}, "geometry": {"type": "Polygon", "coordinates": [[[12.4842978, 41.9264711], [12.4842793, 41.9264643], [12.4842687, 41.9264512], [12.4842694, 41.9264359], [12.484281, 41.9264233], [12.4842999, 41.9264174], [12.4843202, 41.92642], [12.4843353, 41.9264304], [12.4843405, 41.9264452], [12.4843341, 41.9264597], [12.4843182, 41.9264694], [12.4842978, 41.9264711]]]}}, {"type": "Feature", "properties": {}, "geometry": {"type": "LineString", "coordinates": [[12.4446904, 41.9826506], [12.4449721, 41.9824886], [12.4451632, 41.9823939], [12.4457567, 41.9819627], [12.4458399, 41.9817905], [12.4459386, 41.9816577], [12.4459848, 41.9814187], [12.4460605, 41.9811985], [12.4461025, 41.9811251], [12.4461382, 41.9810735], [12.4461992, 41.9810282], [12.4464387, 41.9808798], [12.4465543, 41.980797], [12.4468358, 41.9805128], [12.4470418, 41.9802894], [12.4472141, 41.9800348], [12.4473164, 41.979845], [12.4475497, 41.9796176], [12.4476032, 41.9795952], [12.4478706, 41.9795483], [12.4480736, 41.9794453], [12.4484289, 41.9793617], [12.4486689, 41.9792781], [12.4488444, 41.9791792], [12.4491763, 41.9789478], [12.4492737, 41.9789009], [12.4493821, 41.9788968], [12.4495714, 41.9788305], [12.4498566, 41.9786908], [12.4501433, 41.9785471], [12.4502352, 41.9785144], [12.4505026, 41.9782911], [12.4507509, 41.9781494], [12.4510005, 41.9780668], [12.4511527, 41.9780281], [12.4512487, 41.9779761], [12.4513269, 41.9779588], [12.4514312, 41.9778843], [12.451497, 41.9778211], [12.4516095, 41.9777569], [12.4519332, 41.977557], [12.4521759, 41.9773735], [12.4524132, 41.9772797], [12.4528027, 41.9771502], [12.4533472, 41.9769177], [12.4535913, 41.9768117], [12.4538478, 41.9766394], [12.4539036, 41.9765399], [12.4539694, 41.9764827], [12.4545057, 41.9762083], [12.4547394, 41.9761353], [12.454905, 41.9760277], [12.4551991, 41.9758236], [12.4554064, 41.9756622], [12.4561845, 41.975236], [12.4563378, 41.975152], [12.4569087, 41.974913], [12.4572259, 41.9746941], [12.4574837, 41.9746049], [12.4579778, 41.9743259], [12.4587004, 41.9739758], [12.4595489, 41.9735807], [12.4599009, 41.9734196], [12.460092, 41.9733884], [12.4604207, 41.973326], [12.4605559, 41.9732099], [12.460747, 41.9730504], [12.4609988, 41.9729222], [12.4612808, 41.9728338], [12.4620733, 41.9725877], [12.4623147, 41.9725429], [12.4629789, 41.9723465], [12.4632155, 41.9723405], [12.4633603, 41.9723207], [12.4635374, 41.9721861], [12.4636078, 41.9720531], [12.463705, 41.9719525], [12.4638078, 41.9719228], [12.46408, 41.9719292], [12.4641539, 41.9719046], [12.4642181, 41.9718497], [12.4643873, 41.971679], [12.4646946, 41.9714838], [12.4651886, 41.9712018], [12.4654337, 41.971092], [12.4655013, 41.9710654], [12.4656068, 41.971024], [12.465739, 41.9709488], [12.4659004, 41.970729], [12.466093, 41.9705989], [12.4663383, 41.970447], [12.4665707, 41.9702978], [12.4667832, 41.9702638], [12.46697, 41.9702461], [12.4670891, 41.9701649], [12.4671011, 41.9700704], [12.467109, 41.9699064], [12.4671606, 41.9698533], [12.4672361, 41.9698282], [12.4675275, 41.9697598], [12.4678678, 41.9696406], [12.4680624, 41.9695077], [12.4681796, 41.9694324], [12.4682645, 41.9693293], [12.4682686, 41.9692659], [12.4681712, 41.9691754], [12.4680353, 41.9690774], [12.4680069, 41.969005], [12.4679958, 41.9688643], [12.4679318, 41.9685449], [12.4679663, 41.9683338], [12.4680779, 41.9682207], [12.468155, 41.9681799], [12.4682584, 41.9681633], [12.4686175, 41.9682161], [12.4687757, 41.9681799], [12.4696907, 41.9677003], [12.4706928, 41.9672101], [12.4723806, 41.9664273], [12.472547, 41.9663533], [12.4726362, 41.9662447], [12.4726606, 41.9661482], [12.4728604, 41.965828], [12.4729608, 41.9657108], [12.4729951, 41.9656676], [12.4731332, 41.9654936], [12.4738323, 41.9645951], [12.4740064, 41.9643819], [12.4741318, 41.9642335], [12.4742498, 41.9639918], [12.4744293, 41.9637836], [12.474718, 41.9634952], [12.4747833, 41.9634299], [12.4751109, 41.9629595], [12.4755, 41.962475], [12.4757737, 41.9620812], [12.47609, 41.961705], [12.4763147, 41.9614306], [12.4766294, 41.9610467], [12.4770159, 41.9606095], [12.4771005, 41.9604626], [12.4772574, 41.960346], [12.4782578, 41.9592333], [12.4784712, 41.9590476], [12.4785515, 41.9589636], [12.4786494, 41.9588478], [12.4789018, 41.9585538], [12.4792921, 41.9581422], [12.4796687, 41.9577884], [12.4799659, 41.9574634], [12.4805295, 41.9568693], [12.4806459, 41.9567409], [12.4808044, 41.9565773], [12.480996, 41.956365], [12.4816444, 41.9556826], [12.4817557, 41.9555706], [12.4818816, 41.9554561], [12.4821191, 41.9552054], [12.4822967, 41.9550733], [12.4824897, 41.9550018], [12.4828105, 41.9549485], [12.4830701, 41.9548501], [12.4832744, 41.954762], [12.4841353, 41.9544955]]}}, {"type": "Feature", "properties": {}, "geometry": {"type": "LineString", "coordinates": [[12.4564261, 41.9532545], [12.4565235, 41.9532634]]}}, {"type": "Feature", "properties": {}, "geometry": {"type": "LineString", "coordinates": [[12.4215688, 41.9730705], [12.4223292, 41.9723808], [12.4234975, 41.9714124], [12.4243128, 41.9707693], [12.4246956, 41.970481], [12.4252176, 41.9703368], [12.4253021, 41.9702333], [12.4253625, 41.970194], [12.4256601, 41.9700004], [12.4259655, 41.9698653], [12.4266879, 41.9694899], [12.4275113, 41.9689874], [12.4280784, 41.9685658], [12.428692, 41.9681038], [12.4294145, 41.9677168], [12.4306262, 41.9671104], [12.4309612, 41.9669847], [12.4312166, 41.96681], [12.4316516, 41.9665467], [12.4319188, 41.9662971], [12.432242, 41.9660384], [12.4325154, 41.9659645], [12.4337148, 41.9651882], [12.4344108, 41.9647224], [12.4352211, 41.964179], [12.4358874, 41.9637514], [12.4365635, 41.9633226], [12.437119, 41.9629701], [12.4375719, 41.96268], [12.4379075, 41.9624906], [12.438069, 41.9623519], [12.4382803, 41.9621209], [12.438852, 41.9617697], [12.4392373, 41.9615849], [12.4395242, 41.9613158], [12.4402233, 41.9608249], [12.4407768, 41.9606443], [12.4414103, 41.9605637], [12.4417149, 41.9603039], [12.4421265, 41.9598501], [12.4424692, 41.9595921], [12.4428604, 41.9594147], [12.44337, 41.9592142], [12.4438255, 41.9591845], [12.444084, 41.9592525], [12.4443138, 41.9591924], [12.4445573, 41.9589873], [12.4448089, 41.9587405], [12.4453259, 41.9585098], [12.4457975, 41.9584152], [12.4462696, 41.9581536], [12.4469064, 41.9578546], [12.4477238, 41.9576441]]}}, {"type": "Feature", "properties": {}, "geometry": {"type": "LineString", "coordinates": [[12.4846262, 41.9536166], [12.4847902, 41.953627]]}}, {"type": "Feature", "properties": {}, "geometry": {"type": "LineString", "coordinates": [[12.4730283, 41.8912404], [12.4742365, 41.8913102], [12.4748862, 41.8913371], [12.4753379, 41.8913623], [12.475685, 41.8914017], [12.4763695, 41.8914794], [12.476526, 41.8914757], [12.4768171, 41.8914687], [12.4772431, 41.8914103], [12.4775899, 41.8912893], [12.4780961, 41.8910265], [12.4786233, 41.8907446], [12.4789449, 41.8905261], [12.4792452, 41.8901997], [12.4795689, 41.8897793], [12.4797543, 41.889478], [12.4798054, 41.8893372], [12.4798257, 41.8891964], [12.4797716, 41.8888988], [12.4796326, 41.8885559]]}}, {"type": "Feature", "properties": {}, "geometry": {"type": "Polygon", "coordinates": [[[12.513349, 41.9030621], [12.5133006, 41.9030485], [12.513319, 41.9030123], [12.5133674, 41.903026], [12.513349, 41.9030621]]]}}, {"type": "Feature", "properties": {}, "geometry": {"type": "Polygon", "coordinates": [[[12.517916, 41.920063], [12.5179091, 41.920062], [12.5179061, 41.9200571], [12.5178992, 41.9200564], [12.5178923, 41.9200556], [12.517891, 41.9200512], [12.5178969, 41.9200449], [12.5178976, 41.9200422], [12.5178962, 41.9200373], [12.5178982, 41.9200336], [12.5179018, 41.9200302], [12.5179018, 41.9200265], [12.5179051, 41.9200223], [12.5179114, 41.9200228], [12.5179156, 41.9200246], [12.5179219, 41.9200268], [12.5179304, 41.9200248], [12.5179337, 41.9200285], [12.51794, 41.9200292], [12.5179452, 41.9200302], [12.5179456, 41.9200334], [12.5179495, 41.920038], [12.5179472, 41.9200402], [12.5179426, 41.9200434], [12.5179416, 41.9200468], [12.5179446, 41.9200512], [12.5179433, 41.9200537], [12.51794, 41.9200551], [12.5179373, 41.9200576], [12.5179393, 41.9200608], [12.517938, 41.9200632], [12.5179337, 41.9200652], [12.5179278, 41.9200654], [12.5179248, 41.9200637], [12.5179209, 41.920062], [12.517916, 41.920063]]]}}, {"type": "Feature", "properties": {}, "geometry": {"type": "LineString", "coordinates": [[12.4767093, 41.8663119], [12.4766248, 41.866201], [12.4762939, 41.8658123]]}}, {"type": "Feature", "properties": {}, "geometry": {"type": "LineString", "coordinates": [[12.4633973, 41.9710349], [12.4655382, 41.9695125]]}}, {"type": "Feature", "properties": {}, "geometry": {"type": "LineString", "coordinates": [[12.4656086, 41.9694625], [12.4655382, 41.9695125]]}}, {"type": "Feature", "properties": {}, "geometry": {"type": "LineString", "coordinates": [[12.5745135, 41.9202421], [12.5741026, 41.9204138], [12.5738297, 41.9205709], [12.573637, 41.9207626]]}}, {"type": "Feature", "properties": {}, "geometry": {"type": "Polygon", "coordinates": [[[12.5168375, 41.850544], [12.516839, 41.8505518], [12.5168365, 41.8505594], [12.5168302, 41.8505656], [12.5168212, 41.8505697], [12.5168108, 41.8505708], [12.5168006, 41.8505689], [12.5167922, 41.8505642], [12.5167868, 41.8505575], [12.5167853, 41.8505498], [12.5167878, 41.8505422], [12.5167941, 41.8505359], [12.5168031, 41.8505319], [12.5168135, 41.8505307], [12.5168237, 41.8505327], [12.5168321, 41.8505373], [12.5168375, 41.850544]]]}}, {"type": "Feature", "properties": {}, "geometry": {"type": "Polygon", "coordinates": [[[12.4446192, 41.8187434], [12.4445892, 41.8187657], [12.4445712, 41.8187747], [12.4445502, 41.8187791], [12.4445292, 41.8187806], [12.4445093, 41.8187791], [12.4444643, 41.8187687], [12.4443843, 41.8187158], [12.4443573, 41.8186785], [12.4443153, 41.8185869], [12.4443053, 41.8185481], [12.4443053, 41.8185332], [12.4443123, 41.8185027], [12.4443343, 41.8184714], [12.4443473, 41.8184564], [12.4443913, 41.8184348], [12.4444333, 41.818429], [12.4444702, 41.8184344], [12.4444938, 41.8184497], [12.4445261, 41.8184911], [12.444539, 41.8184969], [12.444559, 41.8185023], [12.4446705, 41.8184832], [12.4447158, 41.8184756], [12.4447617, 41.818478], [12.4448014, 41.8185004], [12.4448207, 41.8185248], [12.4448153, 41.8185462], [12.4448076, 41.8185665], [12.4447952, 41.8185876], [12.4447527, 41.818646], [12.4446794, 41.8186998], [12.4446192, 41.8187434]]]}}, {"type": "Feature", "properties": {}, "geometry": {"type": "LineString", "coordinates": [[12.5533692, 41.8507336], [12.5533534, 41.8507306], [12.5533118, 41.8507283], [12.5532721, 41.8507334], [12.5532402, 41.8507445], [12.5532103, 41.850763], [12.5531444, 41.8508307], [12.5530498, 41.8509321], [12.5530167, 41.8509735], [12.5529874, 41.8510171], [12.5529781, 41.8510327], [12.552952, 41.8510725], [12.5529327, 41.8510993], [12.5528788, 41.8511693], [12.552835, 41.8512237], [12.5528062, 41.8512553], [12.5527801, 41.8512766], [12.5527474, 41.8512969], [12.552712, 41.8513087], [12.5526819, 41.8513145], [12.5526366, 41.8513171], [12.5525883, 41.8513144], [12.5525412, 41.8513057], [12.5524889, 41.8512913], [12.5524475, 41.8512768], [12.5523888, 41.8512496], [12.5521558, 41.8511171], [12.5517759, 41.8509035], [12.5517216, 41.8508694], [12.5516633, 41.8508303], [12.5516179, 41.850795], [12.5515487, 41.8507408], [12.5514988, 41.8507034], [12.5514589, 41.8506757], [12.551395, 41.8506333], [12.5513611, 41.8506125], [12.5513212, 41.8505903], [12.5512768, 41.8505704], [12.5512264, 41.8505491]]}}, {"type": "Feature", "properties": {}, "geometry": {"type": "LineString", "coordinates": [[12.5304263, 41.9249014], [12.5305657, 41.9252028], [12.5304209, 41.926003], [12.5304665, 41.9262624], [12.5304451, 41.926466], [12.5303834, 41.9266176], [12.5303163, 41.9266915], [12.5302819, 41.9268613], [12.5302734, 41.926903], [12.5302278, 41.9269629], [12.5301902, 41.9269968], [12.5300937, 41.9270128], [12.5299435, 41.9270686], [12.5297933, 41.9271782]]}}, {"type": "Feature", "properties": {}, "geometry": {"type": "LineString", "coordinates": [[12.5515805, 41.8298777], [12.551885, 41.8300315]]}}, {"type": "Feature", "properties": {}, "geometry": {"type": "LineString", "coordinates": [[12.4186515, 41.8300573], [12.4189363, 41.8296904], [12.4192155, 41.8293991], [12.4195893, 41.82915], [12.4201361, 41.8288772], [12.4204469, 41.8286547], [12.4210422, 41.8285663]]}}, {"type": "Feature", "properties": {}, "geometry": {"type": "Polygon", "coordinates": [[[12.4924709, 41.9157435], [12.4924036, 41.915683], [12.4925703, 41.9155758], [12.492615, 41.9155684], [12.4926505, 41.9155844], [12.4926593, 41.9156077], [12.492645, 41.9156493], [12.4924709, 41.9157435]]]}}, {"type": "Feature", "properties": {}, "geometry": {"type": "LineString", "coordinates": [[12.4026871, 41.8199627], [12.4028776, 41.8203205], [12.4029715, 41.8204165], [12.4030278, 41.8204524], [12.4033175, 41.8205224], [12.4033952, 41.8205684], [12.4034274, 41.8206303], [12.4033014, 41.821164], [12.4032289, 41.8214979], [12.4031887, 41.8215738], [12.403127, 41.8215878], [12.4027243, 41.8215621], [12.4024942, 41.8214705], [12.4015147, 41.8212764]]}}, {"type": "Feature", "properties": {}, "geometry": {"type": "Polygon", "coordinates": [[[12.42488, 41.8193982], [12.4249217, 41.8194886], [12.4250017, 41.8195634], [12.4251108, 41.8196137], [12.4252363, 41.8196338], [12.4253544, 41.8196233], [12.4254621, 41.8195859], [12.4255489, 41.8195253], [12.4256059, 41.8194476], [12.4256276, 41.8193605], [12.4256117, 41.8192727], [12.4255598, 41.8191929], [12.4254771, 41.8191293], [12.4253719, 41.819088], [12.4252451, 41.8190733], [12.4251191, 41.8190912], [12.4250084, 41.8191396], [12.424926, 41.8192129], [12.4248815, 41.8193026], [12.42488, 41.8193982]]]}}, {"type": "Feature", "properties": {}, "geometry": {"type": "Polygon", "coordinates": [[[12.4257866, 41.8190824], [12.4258283, 41.8191728], [12.4259084, 41.8192475], [12.4260175, 41.8192979], [12.4261429, 41.819318], [12.426261, 41.8193075], [12.4263687, 41.8192701], [12.4264555, 41.8192095], [12.4265125, 41.8191318], [12.4265342, 41.8190446], [12.4265183, 41.8189568], [12.4264664, 41.8188771], [12.4263837, 41.8188134], [12.4262785, 41.8187722], [12.4261517, 41.8187575], [12.4260256, 41.8187753], [12.425915, 41.8188238], [12.4258326, 41.8188971], [12.4257881, 41.8189868], [12.4257866, 41.8190824]]]}}, {"type": "Feature", "properties": {}, "geometry": {"type": "Polygon", "coordinates": [[[12.4243596, 41.8185826], [12.4244013, 41.818673], [12.4244814, 41.8187478], [12.4245904, 41.8187981], [12.4247159, 41.8188182], [12.424834, 41.8188078], [12.4249418, 41.8187704], [12.4250285, 41.8187098], [12.4250856, 41.818632], [12.4251073, 41.8185449], [12.4250914, 41.8184571], [12.4250395, 41.8183774], [12.4249568, 41.8183137], [12.4248516, 41.8182724], [12.4247248, 41.8182577], [12.4245988, 41.8182755], [12.4244881, 41.8183239], [12.4244057, 41.8183973], [12.4243611, 41.8184869], [12.4243596, 41.8185826]]]}}, {"type": "Feature", "properties": {}, "geometry": {"type": "Polygon", "coordinates": [[[12.4253038, 41.8182268], [12.4253455, 41.8183172], [12.4254256, 41.818392], [12.4255346, 41.8184423], [12.4256601, 41.8184624], [12.4257782, 41.8184519], [12.4258859, 41.8184145], [12.4259727, 41.8183539], [12.4260297, 41.8182762], [12.4260514, 41.8181891], [12.4260355, 41.8181013], [12.4259836, 41.8180215], [12.4259009, 41.8179579], [12.4257957, 41.8179166], [12.4256689, 41.8179019], [12.4255429, 41.8179198], [12.4254322, 41.8179682], [12.4253498, 41.8180415], [12.4253053, 41.8181312], [12.4253038, 41.8182268]]]}}, {"type": "Feature", "properties": {}, "geometry": {"type": "LineString", "coordinates": [[12.3796071, 41.8086649], [12.3747079, 41.8093667], [12.3745528, 41.8093753], [12.3744365, 41.8093479], [12.3707284, 41.8081359]]}}, {"type": "Feature", "properties": {}, "geometry": {"type": "LineString", "coordinates": [[12.370576, 41.8080952], [12.3656755, 41.8064411], [12.3649976, 41.8062217], [12.3643257, 41.8061397]]}}, {"type": "Feature", "properties": {}, "geometry": {"type": "LineString", "coordinates": [[12.3669897, 41.8099339], [12.3649144, 41.8072367], [12.3645921, 41.8067622], [12.3644357, 41.8065319], [12.3643465, 41.8064012], [12.3643257, 41.8061397], [12.3643019, 41.8059734]]}}, {"type": "Feature", "properties": {}, "geometry": {"type": "LineString", "coordinates": [[12.3643167, 41.8057252], [12.3641978, 41.804719], [12.364171, 41.8043777], [12.3641919, 41.8041228], [12.3642008, 41.8038723], [12.3642038, 41.803453]]}}, {"type": "Feature", "properties": {}, "geometry": {"type": "LineString", "coordinates": [[12.3643019, 41.8059734], [12.3643167, 41.8057252]]}}, {"type": "Feature", "properties": {}, "geometry": {"type": "LineString", "coordinates": [[12.3791476, 41.8132315], [12.3751188, 41.8119993], [12.3739889, 41.8116625], [12.3718035, 41.8110021], [12.3713129, 41.810889], [12.3708164, 41.8107827]]}}, {"type": "Feature", "properties": {}, "geometry": {"type": "LineString", "coordinates": [[12.3706529, 41.8107494], [12.3672413, 41.8099536], [12.3669897, 41.8099339]]}}, {"type": "Feature", "properties": {}, "geometry": {"type": "LineString", "coordinates": [[12.3708164, 41.8107827], [12.3706529, 41.8107494]]}}, {"type": "Feature", "properties": {}, "geometry": {"type": "LineString", "coordinates": [[12.3707284, 41.8081359], [12.370576, 41.8080952]]}}, {"type": "Feature", "properties": {}, "geometry": {"type": "LineString", "coordinates": [[12.3720565, 41.8163537], [12.3720272, 41.8163181], [12.3711547, 41.8152605], [12.3706357, 41.8146011], [12.3681958, 41.8115154], [12.3669897, 41.8099339]]}}, {"type": "Feature", "properties": {}, "geometry": {"type": "LineString", "coordinates": [[12.3751485, 41.8163354], [12.3730644, 41.815704], [12.3713191, 41.8152914], [12.3711547, 41.8152605]]}}, {"type": "Feature", "properties": {}, "geometry": {"type": "LineString", "coordinates": [[12.3652814, 41.8156492], [12.3648352, 41.8116628], [12.3643551, 41.8070909]]}}, {"type": "Feature", "properties": {}, "geometry": {"type": "LineString", "coordinates": [[12.3724776, 41.8336184], [12.3721504, 41.8334745], [12.3716193, 41.8331068], [12.3712814, 41.8329349], [12.3707128, 41.8327191], [12.3700851, 41.8325432], [12.3698718, 41.8324692], [12.3696935, 41.8324073], [12.3694575, 41.8322554], [12.3693287, 41.8321355], [12.3692161, 41.8319796], [12.3690605, 41.8317078], [12.3684275, 41.8301969], [12.3683095, 41.8299611], [12.3682183, 41.8298692], [12.3674673, 41.8292416], [12.3671669, 41.8289858], [12.3667608, 41.8284525], [12.3646767, 41.8252926], [12.3645936, 41.8251027], [12.3645989, 41.8248829], [12.3646258, 41.824663], [12.3644917, 41.8242153], [12.3635701, 41.82025], [12.3630935, 41.8184241]]}}, {"type": "Feature", "properties": {}, "geometry": {"type": "LineString", "coordinates": [[12.3749933, 41.8031223], [12.3730246, 41.803866], [12.3707514, 41.8046163]]}}, {"type": "Feature", "properties": {}, "geometry": {"type": "LineString", "coordinates": [[12.3703148, 41.80477], [12.3685453, 41.8053536], [12.3678855, 41.8054895], [12.3665873, 41.8057774], [12.3653427, 41.8058734], [12.3643019, 41.8059734]]}}, {"type": "Feature", "properties": {}, "geometry": {"type": "LineString", "coordinates": [[12.3707514, 41.8046163], [12.3706635, 41.8046972], [12.3704529, 41.8047644], [12.3703148, 41.80477]]}}, {"type": "Feature", "properties": {}, "geometry": {"type": "Polygon", "coordinates": [[[12.4640014, 41.8636263], [12.4640129, 41.8636267], [12.4640256, 41.8636272], [12.4640335, 41.8636191], [12.4640351, 41.863603], [12.4640272, 41.8635956], [12.4640031, 41.8635956], [12.4639964, 41.8636018], [12.4639948, 41.8636191], [12.4640014, 41.8636263]]]}}, {"type": "Feature", "properties": {}, "geometry": {"type": "Polygon", "coordinates": [[[12.496226, 41.9647349], [12.4962927, 41.9647949], [12.4963815, 41.9648361], [12.4964832, 41.9648545], [12.4965875, 41.964848], [12.4966838, 41.9648174], [12.4967621, 41.9647657], [12.4968145, 41.9646984], [12.4968357, 41.9646221], [12.4968234, 41.9645448], [12.4967755, 41.9644707], [12.4966971, 41.9644127], [12.4965972, 41.9643773], [12.4964873, 41.9643687], [12.4963797, 41.9643878], [12.4962868, 41.9644325], [12.4962192, 41.9644976], [12.4961846, 41.9645757], [12.496187, 41.9646579], [12.496226, 41.9647349]]]}}, {"type": "Feature", "properties": {}, "geometry": {"type": "Polygon", "coordinates": [[[12.4892785, 41.9875975], [12.4897809, 41.9874317], [12.4900494, 41.9873979], [12.4902249, 41.9873931], [12.4903743, 41.9874478], [12.4905215, 41.9875299], [12.4906905, 41.9875863], [12.4907857, 41.9875766], [12.4908875, 41.9875718], [12.4909958, 41.9876104], [12.4911041, 41.9876217], [12.4912275, 41.9876346], [12.4913618, 41.987649], [12.4915957, 41.9876378], [12.4920115, 41.9875702], [12.4922215, 41.9875026], [12.4923753, 41.9874173], [12.4924836, 41.9873577], [12.4927305, 41.9872837], [12.492947, 41.9872515], [12.4933433, 41.9872563], [12.4934581, 41.9872579], [12.4942659, 41.9871855], [12.4947596, 41.9871822], [12.4952555, 41.9871388], [12.4956865, 41.9870905], [12.4958675, 41.9870722], [12.4967566, 41.9870098], [12.4971068, 41.9870608], [12.497417, 41.9871344], [12.4975532, 41.9871533], [12.4978153, 41.9870277], [12.4969469, 41.9868635], [12.4965939, 41.9868152], [12.4964945, 41.9868157], [12.4956576, 41.9869496], [12.4955089, 41.986973], [12.4952036, 41.9870309], [12.4947315, 41.9870776], [12.4941836, 41.9870969], [12.493209, 41.9871694], [12.492934, 41.9871661], [12.4927175, 41.9871742], [12.4923363, 41.9872708], [12.4921392, 41.9874173], [12.4919032, 41.9875058], [12.4915004, 41.9875476], [12.4911777, 41.9875428], [12.4909742, 41.9875267], [12.4907143, 41.9874913], [12.4904696, 41.9873835], [12.4902443, 41.9873416], [12.490017, 41.9873368], [12.4897722, 41.9873545], [12.489508, 41.987414], [12.4892785, 41.9874945], [12.489194, 41.9875348], [12.4890501, 41.9876268], [12.4892785, 41.9875975]]]}}, {"type": "Feature", "properties": {}, "geometry": {"type": "LineString", "coordinates": [[12.5097894, 41.9788954], [12.5097206, 41.9788253], [12.5096505, 41.9787612], [12.5095963, 41.9787165], [12.5095408, 41.9786777], [12.5095079, 41.978659], [12.5094617, 41.9786422], [12.509414, 41.9786294], [12.5093664, 41.9786226], [12.5090369, 41.9786263]]}}, {"type": "Feature", "properties": {}, "geometry": {"type": "LineString", "coordinates": [[12.5071853, 41.9793349], [12.507063, 41.9793462], [12.5064311, 41.9792932], [12.5058112, 41.9792583]]}}, {"type": "Feature", "properties": {}, "geometry": {"type": "LineString", "coordinates": [[12.5077643, 41.9791858], [12.5071853, 41.9793349]]}}, {"type": "Feature", "properties": {}, "geometry": {"type": "LineString", "coordinates": [[12.5082595, 41.9790091], [12.5082261, 41.9790403], [12.5082034, 41.97906], [12.5081894, 41.9790699], [12.5081727, 41.9790798], [12.5081577, 41.9790873], [12.5081387, 41.9790948], [12.5080993, 41.9791079], [12.5077643, 41.9791858]]}}, {"type": "Feature", "properties": {}, "geometry": {"type": "LineString", "coordinates": [[12.5086237, 41.9787038], [12.508574, 41.9787332], [12.5082595, 41.9790091]]}}, {"type": "Feature", "properties": {}, "geometry": {"type": "LineString", "coordinates": [[12.5088274, 41.9786486], [12.50873, 41.9786687], [12.5086885, 41.9786792], [12.5086561, 41.9786905], [12.5086237, 41.9787038]]}}, {"type": "Feature", "properties": {}, "geometry": {"type": "LineString", "coordinates": [[12.5090369, 41.9786263], [12.5089435, 41.9786328], [12.5088882, 41.9786387], [12.5088274, 41.9786486]]}}, {"type": "Feature", "properties": {}, "geometry": {"type": "LineString", "coordinates": [[12.5063016, 41.9832095], [12.5062626, 41.9830646], [12.5061955, 41.982968], [12.5059118, 41.982836], [12.5056735, 41.9827008], [12.5055263, 41.9825768], [12.5053937, 41.982452]]}}, {"type": "Feature", "properties": {}, "geometry": {"type": "LineString", "coordinates": [[12.4949132, 41.9740068], [12.4949202, 41.9727534], [12.4964485, 41.9727304], [12.4965343, 41.9726538]]}}, {"type": "Feature", "properties": {}, "geometry": {"type": "LineString", "coordinates": [[12.4965343, 41.9726538], [12.4969254, 41.9723218]]}}, {"type": "Feature", "properties": {}, "geometry": {"type": "LineString", "coordinates": [[12.4969254, 41.9723218], [12.4975646, 41.9717698]]}}, {"type": "Feature", "properties": {}, "geometry": {"type": "LineString", "coordinates": [[12.4925008, 41.9714109], [12.4949089, 41.9714414], [12.4949202, 41.9727534]]}}, {"type": "Feature", "properties": {}, "geometry": {"type": "Polygon", "coordinates": [[[12.3688835, 41.8250843], [12.3687655, 41.8250524], [12.3687333, 41.8249804], [12.3687386, 41.8248205], [12.3687762, 41.8245687], [12.3688888, 41.8244248], [12.369023, 41.8241449], [12.3692054, 41.8237971], [12.3697364, 41.8238771], [12.3700958, 41.8241889], [12.3702782, 41.8244927], [12.370187, 41.8247486], [12.3698866, 41.8248405], [12.3696238, 41.8249644], [12.3694789, 41.8249205], [12.3692644, 41.8251883], [12.3690498, 41.8251203], [12.3688835, 41.8250843]]]}}, {"type": "Feature", "properties": {}, "geometry": {"type": "Polygon", "coordinates": [[[12.3929, 41.8335544], [12.3931199, 41.8334385], [12.393356, 41.8331587], [12.393356, 41.8330828], [12.3922938, 41.8325512], [12.3918593, 41.832759], [12.3918378, 41.832823], [12.3919076, 41.8329509], [12.3919129, 41.8330588], [12.3919237, 41.8332027], [12.3920256, 41.8332387], [12.3924065, 41.8332866], [12.3925888, 41.8333666], [12.392723, 41.8334745], [12.3929, 41.8335544]]]}}, {"type": "Feature", "properties": {}, "geometry": {"type": "Polygon", "coordinates": [[[12.4546506, 41.9050165], [12.4546449, 41.9050176], [12.4546391, 41.9050172], [12.4546337, 41.9050155], [12.4546292, 41.9050127], [12.4546261, 41.9050086], [12.454625, 41.905004], [12.454626, 41.9049994], [12.4546291, 41.9049953], [12.4546338, 41.9049923], [12.4546396, 41.9049905], [12.4546459, 41.9049904], [12.4546519, 41.9049918], [12.4546569, 41.9049946], [12.4546601, 41.9049982], [12.4546617, 41.9050024], [12.4546614, 41.9050068], [12.4546593, 41.9050108], [12.4546555, 41.9050142], [12.4546506, 41.9050165]]]}}, {"type": "Feature", "properties": {}, "geometry": {"type": "Polygon", "coordinates": [[[12.4644356, 41.8847028], [12.4644362, 41.8847242], [12.4644242, 41.8847292], [12.4644166, 41.8847388], [12.4644106, 41.8847495], [12.4644149, 41.8847611], [12.4644239, 41.8847715], [12.464438, 41.8847762], [12.4644387, 41.884797], [12.4645677, 41.8847947], [12.4645671, 41.8847733], [12.4645792, 41.8847683], [12.4645868, 41.8847587], [12.4645928, 41.884748], [12.4645885, 41.8847364], [12.4645796, 41.884726], [12.4645655, 41.8847213], [12.4645649, 41.8847005], [12.4644356, 41.8847028]]]}}, {"type": "Feature", "properties": {}, "geometry": {"type": "Polygon", "coordinates": [[[12.4505461, 41.8853443], [12.4505274, 41.8853348], [12.4505149, 41.8852913], [12.4505194, 41.8852507], [12.4505393, 41.8852324], [12.4506128, 41.8852418], [12.4506629, 41.8852605], [12.4506708, 41.8852826], [12.4506664, 41.8853089], [12.4506061, 41.8853328], [12.4505461, 41.8853443]]]}}, {"type": "Feature", "properties": {}, "geometry": {"type": "Polygon", "coordinates": [[[12.4832125, 41.908859], [12.4831994, 41.9088669], [12.4831834, 41.9088711], [12.4831665, 41.908871], [12.4831506, 41.9088666], [12.4831385, 41.9088593], [12.48313, 41.9088496], [12.483126, 41.9088384], [12.483127, 41.9088268], [12.4831327, 41.908816], [12.4831426, 41.9088071], [12.4831558, 41.9088009], [12.4831709, 41.908798], [12.4831865, 41.9087988], [12.4832021, 41.9088037], [12.4832145, 41.9088123], [12.4832224, 41.9088234], [12.4832248, 41.9088359], [12.4832214, 41.9088482], [12.4832125, 41.908859]]]}}, {"type": "Feature", "properties": {}, "geometry": {"type": "Polygon", "coordinates": [[[12.4827618, 41.9085091], [12.4827547, 41.9085149], [12.4827454, 41.9085187], [12.482735, 41.90852], [12.4827246, 41.9085186], [12.4827154, 41.9085147], [12.4827087, 41.9085091], [12.4827047, 41.9085022], [12.4827039, 41.9084946], [12.4827063, 41.9084873], [12.4827117, 41.908481], [12.4827196, 41.9084762], [12.4827291, 41.9084736], [12.4827392, 41.9084733], [12.4827489, 41.9084755], [12.4827575, 41.90848], [12.4827636, 41.9084865], [12.4827665, 41.908494], [12.4827659, 41.9085019], [12.4827618, 41.9085091]]]}}, {"type": "Feature", "properties": {}, "geometry": {"type": "Polygon", "coordinates": [[[12.5236121, 41.8726533], [12.5236194, 41.8726575], [12.5236245, 41.8726633], [12.5236268, 41.87267], [12.5236263, 41.8726768], [12.5236228, 41.8726832], [12.5236168, 41.8726885], [12.5236089, 41.8726921], [12.5235999, 41.8726936], [12.5235907, 41.8726929], [12.5235823, 41.8726902], [12.5235757, 41.8726858], [12.5235712, 41.8726801], [12.5235692, 41.8726737], [12.5235699, 41.8726671], [12.5235732, 41.872661], [12.5235789, 41.8726559], [12.5235864, 41.8726524], [12.523595, 41.8726507], [12.5236038, 41.872651], [12.5236121, 41.8726533]]]}}, {"type": "Feature", "properties": {}, "geometry": {"type": "Polygon", "coordinates": [[[12.5230986, 41.8716662], [12.5230899, 41.8716648], [12.5230852, 41.8716589], [12.5231142, 41.8715866], [12.5231282, 41.8715753], [12.5231442, 41.871569], [12.5231681, 41.8715726], [12.5231845, 41.871581], [12.5231952, 41.8715942], [12.5231945, 41.8716071], [12.5231878, 41.8716223], [12.5230986, 41.8716662]]]}}, {"type": "Feature", "properties": {}, "geometry": {"type": "Polygon", "coordinates": [[[12.5229184, 41.8719829], [12.5229163, 41.8719901], [12.5229039, 41.8720012], [12.5228947, 41.872004], [12.5228849, 41.8720045], [12.5228753, 41.8720027], [12.522867, 41.8719988], [12.5228605, 41.8719926], [12.5228571, 41.8719852], [12.5228573, 41.8719773], [12.5228679, 41.871964], [12.5228771, 41.8719601], [12.5228875, 41.8719587], [12.5229174, 41.8719756], [12.5229184, 41.8719829]]]}}, {"type": "Feature", "properties": {}, "geometry": {"type": "Polygon", "coordinates": [[[12.4494945, 41.8876696], [12.4495669, 41.8876686], [12.4495951, 41.8876237], [12.4495897, 41.887427], [12.4495602, 41.8873801], [12.4494864, 41.8873811], [12.4494502, 41.887435], [12.449461, 41.8876277], [12.4494945, 41.8876696]]]}}, {"type": "Feature", "properties": {}, "geometry": {"type": "Polygon", "coordinates": [[[12.5106036, 41.8801312], [12.5106047, 41.8801409], [12.5106016, 41.8801503], [12.5105947, 41.8801585], [12.5105845, 41.8801646], [12.5105723, 41.880168], [12.5105593, 41.8801683], [12.5105465, 41.8801653], [12.5105357, 41.8801594], [12.5105281, 41.8801511], [12.5105246, 41.8801414], [12.5105256, 41.8801314], [12.510531, 41.8801223], [12.5105401, 41.8801149], [12.510552, 41.8801102], [12.5105653, 41.8801087], [12.5105781, 41.8801105], [12.5105895, 41.8801151], [12.5105983, 41.8801223], [12.5106036, 41.8801312]]]}}, {"type": "Feature", "properties": {}, "geometry": {"type": "LineString", "coordinates": [[12.566981, 42.0653289], [12.5652695, 42.06561], [12.5637245, 42.0664384], [12.5626945, 42.0675853], [12.5623512, 42.0686047], [12.5621796, 42.069879], [12.5623512, 42.0710259], [12.5627804, 42.0726824], [12.5632954, 42.0741478], [12.5635529, 42.0751034], [12.5633812, 42.0762502], [12.562952, 42.0771421], [12.5616646, 42.0775243], [12.5601196, 42.077588], [12.558918, 42.0772695], [12.5580597, 42.0772058], [12.5569439, 42.0768235], [12.5559998, 42.0761865], [12.5537843, 42.0746733], [12.5529099, 42.0737655], [12.5521374, 42.0731921], [12.5510216, 42.073001], [12.547643, 42.072946], [12.5469017, 42.0727461], [12.5460434, 42.0723639], [12.5452709, 42.0717267], [12.5447559, 42.0710259], [12.5443268, 42.069879], [12.5440693, 42.0689233], [12.5441551, 42.0679039], [12.5438976, 42.0662472], [12.5436401, 42.065164], [12.5432861, 42.0642639], [12.5405502, 42.059429], [12.5398636, 42.0580908], [12.5395203, 42.0570711], [12.5396061, 42.0562427], [12.5400352, 42.0555417], [12.5410652, 42.0547132], [12.5429535, 42.0541396], [12.5448418, 42.0540759], [12.5473309, 42.0541396], [12.5499916, 42.0539484], [12.5526524, 42.0536935], [12.5545406, 42.0531836], [12.5555706, 42.0526738], [12.5565147, 42.051909], [12.5568205, 42.0508701], [12.5568259, 42.0498941], [12.5563592, 42.0486991], [12.5558495, 42.0480378], [12.5545782, 42.0470181], [12.5531727, 42.0458787], [12.5519282, 42.04507], [12.550984, 42.0447434], [12.5493908, 42.0444518], [12.5475883, 42.0445793], [12.5458717, 42.0447705], [12.5447559, 42.0453442], [12.5436401, 42.0462365], [12.5431252, 42.0470651], [12.542696, 42.0480212], [12.542181, 42.049041], [12.5413871, 42.049922], [12.540679, 42.0504319], [12.5399494, 42.0504319], [12.5392091, 42.0500814], [12.5377285, 42.048974], [12.5365698, 42.0478666], [12.5355077, 42.0469105], [12.5344455, 42.0462652], [12.5339198, 42.0460182], [12.5332975, 42.0457951], [12.5326699, 42.0455859], [12.5320181, 42.0453967], [12.5297356, 42.044898], [12.5272143, 42.0445634], [12.5255299, 42.0443244], [12.5234699, 42.0437507], [12.5218528, 42.0430644], [12.5216675, 42.0429858], [12.5202134, 42.0427105], [12.5195623, 42.0424543], [12.5183176, 42.0418098], [12.5174301, 42.0409599], [12.5169468, 42.0399261], [12.5170326, 42.0391612], [12.5172043, 42.0383325], [12.5179768, 42.0372488], [12.5188351, 42.0362288], [12.519865, 42.0352089], [12.5208092, 42.0340614], [12.5215817, 42.0328501], [12.521925, 42.0318938], [12.5217533, 42.031065], [12.5211525, 42.0303], [12.5204659, 42.0299812], [12.5194359, 42.0301087], [12.5184059, 42.0308738], [12.5170326, 42.0318301], [12.5160456, 42.0325074], [12.5148386, 42.0329377], [12.5140339, 42.0330454], [12.5133181, 42.0329136], [12.5128806, 42.0327146], [12.5125871, 42.032363], [12.5124407, 42.0317544], [12.5126391, 42.0305231], [12.513299, 42.0296585], [12.5144577, 42.0284511], [12.5156915, 42.0275166], [12.5179768, 42.0261558], [12.5193608, 42.025048], [12.5201172, 42.0241275], [12.5205034, 42.0232707], [12.5205624, 42.0222146], [12.5198132, 42.0195539], [12.5194091, 42.0185881], [12.5191169, 42.017337], [12.5186312, 42.0157942], [12.5182703, 42.0148955], [12.5180161, 42.0144354], [12.5172368, 42.0130528], [12.5163794, 42.0119996], [12.5154418, 42.0110479], [12.5146033, 42.0105281], [12.5135994, 42.0101504], [12.5116253, 42.0095127], [12.5095654, 42.0091938], [12.5074196, 42.0087474], [12.5063038, 42.0083647], [12.5052738, 42.0077907], [12.504673, 42.0070254], [12.5049305, 42.0060687], [12.5058746, 42.0051121], [12.5078487, 42.0044105], [12.5105095, 42.0033262], [12.5129128, 42.0026884], [12.5136148, 42.0023696], [12.5144577, 42.0019868], [12.515316, 42.00103], [12.5156593, 42.0003284], [12.5160885, 41.9989889], [12.5160885, 41.997777], [12.5154945, 41.9966575], [12.5148064, 41.9957916], [12.5142324, 41.9952215], [12.5133419, 41.9943962], [12.5121403, 41.9936945], [12.5106689, 41.9934701], [12.5088157, 41.9934263], [12.507731, 41.9934007], [12.5044486, 41.9940566], [12.5009888, 41.9945074], [12.499961, 41.9945977], [12.4989191, 41.9946037], [12.4984077, 41.9945619], [12.4978822, 41.994457], [12.4973764, 41.9942402], [12.4969556, 41.9940235], [12.4966622, 41.9938278], [12.4963829, 41.9935584], [12.496159, 41.9932561], [12.4960483, 41.9929643], [12.4957703, 41.9920966], [12.4956794, 41.9914231], [12.495818, 41.9906866], [12.4961123, 41.9901499], [12.4971623, 41.9884729], [12.4973526, 41.9883444], [12.4977004, 41.9881069], [12.4978483, 41.9880064], [12.4980492, 41.987861], [12.4988082, 41.9873535], [12.5001773, 41.9864223], [12.5046679, 41.9824792], [12.5057538, 41.9811478], [12.5058542, 41.9802106], [12.5058112, 41.9792583], [12.5054045, 41.9784244], [12.5047695, 41.9775923], [12.5014368, 41.9744161], [12.5002982, 41.973337], [12.4983945, 41.9718941], [12.4965209, 41.9709418], [12.4952656, 41.97005], [12.4948568, 41.9690357], [12.4950262, 41.9680627], [12.4957169, 41.967331], [12.4968744, 41.9668894], [12.498334, 41.9666126], [12.5007226, 41.9664554], [12.5027692, 41.9662705], [12.5030415, 41.9661754], [12.5042103, 41.9656929], [12.5048874, 41.9649757], [12.5048784, 41.9638125], [12.5037797, 41.9616043], [12.5024655, 41.96028], [12.501203, 41.9595625], [12.4999121, 41.9592529], [12.4985147, 41.9590646], [12.4970534, 41.9589937], [12.4954875, 41.9591042], [12.4940456, 41.9593694], [12.4924294, 41.9597513], [12.490885, 41.959891], [12.4901344, 41.9597907], [12.4896016, 41.9594953], [12.4893818, 41.9592415], [12.4892107, 41.9589512], [12.4889706, 41.9582978], [12.4888357, 41.9577584], [12.4887706, 41.9571412], [12.4888303, 41.9565673], [12.4891166, 41.9557582], [12.4895065, 41.9550812], [12.4900567, 41.9543951], [12.490812, 41.9537173], [12.4919951, 41.9529758], [12.4951322, 41.951367], [12.4968437, 41.9505344], [12.498693, 41.9496134], [12.5004565, 41.9485449], [12.5018322, 41.9474084], [12.5024994, 41.946648], [12.5024994, 41.9454873], [12.5020003, 41.9442839], [12.5013111, 41.9435309], [12.5003489, 41.942787], [12.4994848, 41.9425232], [12.4966976, 41.9421473], [12.4932411, 41.9421473], [12.490205, 41.9417983], [12.4883935, 41.9415702], [12.4873338, 41.941278], [12.4865479, 41.9407574], [12.4860578, 41.9401634], [12.4858759, 41.939506], [12.4857926, 41.9390044], [12.4864555, 41.9369889], [12.4870092, 41.9355263], [12.4869362, 41.9346969], [12.4866074, 41.9340144], [12.4860206, 41.9334063], [12.4853179, 41.9330232], [12.4849836, 41.9329253], [12.4845883, 41.9328516], [12.4842519, 41.9328264], [12.4838748, 41.9328436], [12.4836861, 41.9328719], [12.4834934, 41.9329122], [12.4833596, 41.9329632], [12.4832258, 41.9330232], [12.4827, 41.9333784], [12.4802735, 41.9351608], [12.4794402, 41.9357297], [12.4790721, 41.9359747], [12.4786226, 41.9362196], [12.4782444, 41.9363619], [12.4779923, 41.93643], [12.4777198, 41.936489], [12.4772849, 41.9365514], [12.4768175, 41.9365957], [12.4761631, 41.9366299], [12.4755659, 41.9366236], [12.4749931, 41.9365931], [12.4736225, 41.9364447], [12.4700083, 41.9360636], [12.4669569, 41.9356592], [12.4668886, 41.9356423], [12.4668647, 41.9356342], [12.4663679, 41.935465], [12.4641306, 41.9342769], [12.4623191, 41.9329525], [12.4609366, 41.9315264], [12.4608184, 41.9313147], [12.4606716, 41.9310519], [12.460171, 41.9303107], [12.4597992, 41.9294897], [12.4595339, 41.9282901], [12.4595155, 41.9273894], [12.4597053, 41.9266014], [12.4597075, 41.9265956], [12.4597344, 41.9265257], [12.4597806, 41.9264255], [12.4602398, 41.9254298], [12.4613217, 41.9243385], [12.4622972, 41.9236127], [12.4632171, 41.9230614], [12.4644773, 41.9226373], [12.4683651, 41.9217999], [12.4688596, 41.921569], [12.4693357, 41.9212602], [12.4697961, 41.9208058], [12.470176, 41.9202715], [12.4704591, 41.9197684], [12.4706618, 41.9192094], [12.4708049, 41.9187294], [12.4708494, 41.9181714], [12.4708037, 41.9177046], [12.4707363, 41.9172675], [12.4705892, 41.9164173], [12.4705926, 41.9159739], [12.4706454, 41.9155304], [12.4707859, 41.9145134], [12.4708717, 41.9138921], [12.4719576, 41.9107275], [12.4721824, 41.9101541], [12.472775, 41.9090229], [12.4737106, 41.9079434], [12.4743278, 41.9068225], [12.4743715, 41.9053751], [12.4739588, 41.9044851], [12.4732854, 41.9037245], [12.4729554, 41.9033963], [12.4720563, 41.902892], [12.4701615, 41.9023197], [12.468222, 41.9020451], [12.4665219, 41.901891], [12.4657307, 41.9018421], [12.4654438, 41.9017931], [12.4647796, 41.9014823], [12.4641584, 41.9010797], [12.4639866, 41.9009008], [12.4638149, 41.900678], [12.4636974, 41.9005103], [12.4635906, 41.9002747], [12.4635302, 41.9000803], [12.4635073, 41.899854], [12.4635229, 41.8996682], [12.4635305, 41.8996251], [12.4635343, 41.8994512], [12.4635542, 41.8992952], [12.4636157, 41.8990933], [12.463747, 41.8988974], [12.4642062, 41.8982244], [12.4654156, 41.8966389], [12.4655773, 41.8964756], [12.4657389, 41.8963282], [12.4690282, 41.8937042], [12.4703257, 41.8927518], [12.4707117, 41.8924759], [12.4709685, 41.8922882], [12.4712988, 41.8919557], [12.4715528, 41.8917792], [12.4718315, 41.8915922], [12.472454, 41.8913744], [12.4730283, 41.8912404], [12.4749561, 41.8907447], [12.4770494, 41.8901257], [12.4779591, 41.8897827], [12.478537, 41.8894614], [12.4788091, 41.8892426], [12.4796326, 41.8885559], [12.4796131, 41.887846], [12.4795198, 41.8874345], [12.4793513, 41.8870587], [12.4783356, 41.8859127], [12.4766225, 41.8843421], [12.4752703, 41.8833891], [12.474959, 41.8831778], [12.4729485, 41.8817843], [12.4715171, 41.8807561], [12.4707712, 41.8799756], [12.4700249, 41.8786899], [12.4698603, 41.8774051], [12.4702629, 41.8759471], [12.47167, 41.8726714], [12.4721035, 41.87158], [12.4729763, 41.8698664], [12.4735762, 41.8686887], [12.4746464, 41.8672421], [12.4753737, 41.8666799], [12.4762939, 41.8658123], [12.4767723, 41.8653693], [12.4772176, 41.86423], [12.4772934, 41.8637815], [12.4772267, 41.8633702], [12.477033, 41.8629561], [12.4767286, 41.8626058], [12.4764002, 41.8623159], [12.4760024, 41.8620142], [12.4747736, 41.8613632], [12.4731152, 41.8607407], [12.4715757, 41.8603643], [12.4695755, 41.8599978], [12.4680477, 41.8598724], [12.4649679, 41.8599393], [12.4643139, 41.8598891], [12.4635205, 41.859751], [12.4629908, 41.8596044], [12.4623753, 41.8593379], [12.461916, 41.8590112], [12.4615854, 41.8586126], [12.4612391, 41.8577663], [12.4609513, 41.856799], [12.46056, 41.8554326], [12.4605426, 41.8542234], [12.4606716, 41.8537777], [12.4609025, 41.853443], [12.4611655, 41.8530922], [12.4616109, 41.8527264], [12.4620455, 41.8524485], [12.4625014, 41.8521767], [12.4631504, 41.8519369], [12.4655383, 41.8510722], [12.4692164, 41.8497631], [12.4702081, 41.8493058], [12.4708884, 41.8487733], [12.4714395, 41.8480272], [12.4714894, 41.8475339], [12.4713449, 41.846951], [12.4711234, 41.8466634], [12.469892, 41.8460728], [12.463695, 41.8442889], [12.4620738, 41.8429454], [12.4610118, 41.8420653], [12.4599528, 41.8411877], [12.4581293, 41.8391412], [12.4552922, 41.8359569], [12.4524025, 41.8333535], [12.4495829, 41.8313369], [12.4494121, 41.8312148], [12.4415421, 41.826986], [12.4404469, 41.8263917], [12.4379311, 41.8259624], [12.4355261, 41.8261999], [12.4335299, 41.8274056], [12.4313204, 41.8301652], [12.4298077, 41.831909], [12.4288017, 41.8326251], [12.4283531, 41.8328371], [12.4276593, 41.8331666], [12.4264919, 41.8332728], [12.4253486, 41.8332305], [12.4241822, 41.8327824], [12.4230926, 41.8320622], [12.4221269, 41.8312277], [12.4216342, 41.8305184], [12.4210422, 41.8285663], [12.4210975, 41.824307], [12.4211673, 41.8189223], [12.419731, 41.8134642], [12.4181561, 41.807716], [12.4166129, 41.8023065], [12.4163001, 41.8011872], [12.4141543, 41.7990757], [12.4104636, 41.797796], [12.405657, 41.797732], [12.4004214, 41.7989478], [12.3976748, 41.7994596], [12.395529, 41.7991397], [12.392525, 41.797732], [12.3893206, 41.7960422], [12.3887768, 41.7957995], [12.3878475, 41.7957216], [12.3856159, 41.7958496], [12.3841138, 41.7962015], [12.3826278, 41.7968003], [12.3811095, 41.7974121], [12.3767324, 41.7995608], [12.3757024, 41.8000407], [12.3750829, 41.8002884], [12.3723547, 41.8013792], [12.3696513, 41.8023761], [12.3657031, 41.8034318], [12.3642038, 41.803453], [12.3615401, 41.8034906], [12.3530428, 41.8028508], [12.3508971, 41.8033626], [12.3459189, 41.80541], [12.3443739, 41.8056019], [12.3433026, 41.8053685], [12.342713, 41.8049247], [12.3424857, 41.8044503], [12.3420565, 41.7999715], [12.3414557, 41.7982439], [12.3402541, 41.7967082], [12.3391815, 41.7962655], [12.3379366, 41.7959404], [12.3352334, 41.7958774], [12.3311069, 41.7960315], [12.3251479, 41.7967722], [12.3243933, 41.7968742], [12.3205759, 41.7973902], [12.3186667, 41.7976483], [12.3168049, 41.7979], [12.3147814, 41.7980046], [12.3111857, 41.7980333], [12.3095295, 41.7979283], [12.3082392, 41.797796], [12.3060256, 41.7973387], [12.304291, 41.7964523], [12.3031752, 41.7957484], [12.3016976, 41.7937767], [12.2997369, 41.7918987], [12.2992858, 41.7914666], [12.2975005, 41.7904043], [12.2955363, 41.7898611], [12.2938604, 41.7896512], [12.2923716, 41.7896567], [12.2892706, 41.7895235], [12.2875048, 41.7891843], [12.2858256, 41.7885058], [12.2841659, 41.787287], [12.28249, 41.7856373], [12.2814339, 41.7842888], [12.2800947, 41.7821473], [12.2787943, 41.7775079], [12.2783773, 41.7749998], [12.2781985, 41.771684], [12.278349, 41.7682493], [12.278971, 41.7652824], [12.2805159, 41.7629777], [12.2856332, 41.7585981], [12.2864575, 41.7575703], [12.2866099, 41.7567673], [12.2864025, 41.7562737], [12.2859232, 41.7558709], [12.2804122, 41.7548572], [12.2784751, 41.7538437], [12.2783231, 41.7537643], [12.2730486, 41.7510045], [12.2692248, 41.7502709], [12.2651086, 41.7489278], [12.2626195, 41.748281], [12.2585683, 41.7469234], [12.2540478, 41.7451532]]}}, {"type": "Feature", "properties": {}, "geometry": {"type": "Polygon", "coordinates": [[[12.4752569, 41.8935297], [12.4752217, 41.8935433], [12.4752045, 41.8935399], [12.4751858, 41.8935107], [12.4751912, 41.8935003], [12.4752309, 41.8934857], [12.4752447, 41.8934902], [12.4752629, 41.8935173], [12.4752569, 41.8935297]]]}}, {"type": "Feature", "properties": {}, "geometry": {"type": "Polygon", "coordinates": [[[12.4743287, 41.8966046], [12.4743382, 41.8965981], [12.4743698, 41.8965984], [12.4743809, 41.8966052], [12.4744032, 41.8966054], [12.4744023, 41.8966252], [12.4744107, 41.8966328], [12.4744102, 41.8966532], [12.4744024, 41.8966621], [12.474402, 41.8966806], [12.4743759, 41.8966804], [12.4743683, 41.8966866], [12.4743367, 41.8966863], [12.4743265, 41.8966799], [12.4742994, 41.8966797], [12.4742997, 41.8966596], [12.4742922, 41.8966517], [12.4742926, 41.8966314], [12.4743004, 41.8966244], [12.4743008, 41.8966043], [12.4743287, 41.8966046]]]}}, {"type": "Feature", "properties": {}, "geometry": {"type": "Polygon", "coordinates": [[[12.4168017, 41.9757813], [12.416783, 41.9758052], [12.4167803, 41.9758351], [12.4167964, 41.975871], [12.4168205, 41.9759029], [12.41685, 41.9759209], [12.4168849, 41.9759229], [12.4169466, 41.9759229], [12.4170163, 41.9759109], [12.4173596, 41.9757135], [12.4172631, 41.9755839], [12.4172202, 41.9755819], [12.4171719, 41.9755938], [12.417129, 41.9756118], [12.4168017, 41.9757813]]]}}, {"type": "Feature", "properties": {}, "geometry": {"type": "Polygon", "coordinates": [[[12.4747408, 41.8985174], [12.4747501, 41.8985207], [12.4747576, 41.898526], [12.4747624, 41.8985328], [12.474764, 41.8985403], [12.4747624, 41.8985479], [12.4747576, 41.8985547], [12.4747501, 41.89856], [12.4747408, 41.8985632], [12.4747305, 41.8985641], [12.4747205, 41.8985625], [12.474712, 41.8985589], [12.4747055, 41.8985536], [12.4747013, 41.898547], [12.4747, 41.8985399], [12.4747017, 41.8985327], [12.4747062, 41.8985263], [12.474713, 41.8985212], [12.4747216, 41.8985178], [12.4747312, 41.8985165], [12.4747408, 41.8985174]]]}}, {"type": "Feature", "properties": {}, "geometry": {"type": "Polygon", "coordinates": [[[12.4720849, 41.8943686], [12.4720807, 41.8943629], [12.4720794, 41.8943561], [12.4720813, 41.8943494], [12.4720865, 41.8943434], [12.4720933, 41.8943394], [12.472102, 41.8943372], [12.4721114, 41.8943375], [12.4721191, 41.8943396], [12.4721256, 41.8943435], [12.4721056, 41.8943558], [12.4720849, 41.8943686]]]}}, {"type": "Feature", "properties": {}, "geometry": {"type": "Polygon", "coordinates": [[[12.4707882, 41.9005281], [12.4707926, 41.9005347], [12.4707939, 41.900542], [12.470792, 41.9005493], [12.4707871, 41.9005557], [12.4707797, 41.9005605], [12.4707705, 41.9005634], [12.4707607, 41.9005639], [12.4707509, 41.900562], [12.4707425, 41.9005577], [12.4707365, 41.9005517], [12.4707334, 41.9005446], [12.4707337, 41.900537], [12.4707372, 41.90053], [12.4707437, 41.9005242], [12.4707523, 41.9005203], [12.4707622, 41.9005188], [12.4707723, 41.9005197], [12.4707811, 41.9005229], [12.4707882, 41.9005281]]]}}, {"type": "Feature", "properties": {}, "geometry": {"type": "Polygon", "coordinates": [[[12.4751787, 41.9045985], [12.475185, 41.9046055], [12.4751878, 41.9046137], [12.4751867, 41.9046221], [12.4751819, 41.9046297], [12.4751739, 41.9046357], [12.4751636, 41.9046393], [12.4751524, 41.9046402], [12.4751414, 41.9046382], [12.4751319, 41.9046335], [12.4751255, 41.9046273], [12.4751221, 41.9046199], [12.4751219, 41.904612], [12.4751251, 41.9046045], [12.4751312, 41.9045982], [12.4751398, 41.9045936], [12.4751498, 41.9045912], [12.4751603, 41.9045913], [12.4751703, 41.9045938], [12.4751787, 41.9045985]]]}}, {"type": "Feature", "properties": {}, "geometry": {"type": "Polygon", "coordinates": [[[12.477125, 41.911628], [12.4771287, 41.9116399], [12.4771272, 41.911652], [12.4771205, 41.9116632], [12.4771095, 41.9116722], [12.4770951, 41.9116781], [12.477079, 41.9116804], [12.4770628, 41.9116788], [12.4770481, 41.9116734], [12.4770364, 41.9116648], [12.4770287, 41.9116533], [12.4770266, 41.9116406], [12.4770303, 41.9116281], [12.4770394, 41.9116172], [12.4770528, 41.9116091], [12.477069, 41.9116049], [12.4770862, 41.9116049], [12.4771025, 41.9116091], [12.4771159, 41.9116171], [12.477125, 41.911628]]]}}, {"type": "Feature", "properties": {}, "geometry": {"type": "Polygon", "coordinates": [[[12.4734145, 41.9182332], [12.4733777, 41.9181946], [12.4733469, 41.9182109], [12.4733837, 41.9182495], [12.4734145, 41.9182332]]]}}, {"type": "Feature", "properties": {}, "geometry": {"type": "Polygon", "coordinates": [[[12.4733523, 41.9183247], [12.4733114, 41.9182984], [12.4732669, 41.9183252], [12.4733059, 41.9183505], [12.4733523, 41.9183247]]]}}, {"type": "Feature", "properties": {}, "geometry": {"type": "Polygon", "coordinates": [[[12.4964229, 41.8904243], [12.4964203, 41.8904161], [12.4964254, 41.8904098], [12.4964364, 41.8904078], [12.4964451, 41.8904118], [12.4964477, 41.8904199], [12.4964425, 41.8904262], [12.4964315, 41.8904282], [12.4964229, 41.8904243]]]}}, {"type": "Feature", "properties": {}, "geometry": {"type": "Polygon", "coordinates": [[[12.497658, 41.8913365], [12.497604, 41.8913516], [12.4975508, 41.8913337], [12.4975276, 41.8912906], [12.4975532, 41.8912504], [12.497611, 41.8912343], [12.4976642, 41.8912522], [12.4976835, 41.8912963], [12.497658, 41.8913365]]]}}, {"type": "Feature", "properties": {}, "geometry": {"type": "Polygon", "coordinates": [[[12.534526, 41.9346786], [12.5345263, 41.9346879], [12.5345223, 41.9346966], [12.5345147, 41.9347039], [12.5345042, 41.9347088], [12.5344921, 41.9347108], [12.5344798, 41.9347097], [12.5344687, 41.9347055], [12.5344601, 41.9346988], [12.5344551, 41.9346904], [12.5344541, 41.9346818], [12.5344568, 41.9346734], [12.5344629, 41.9346661], [12.5344717, 41.9346606], [12.5344825, 41.9346574], [12.534494, 41.9346569], [12.5345052, 41.9346591], [12.5345148, 41.9346638], [12.534522, 41.9346706], [12.534526, 41.9346786]]]}}, {"type": "Feature", "properties": {}, "geometry": {"type": "Polygon", "coordinates": [[[12.4906084, 41.9067104], [12.4906172, 41.9067163], [12.4906228, 41.9067241], [12.4906246, 41.9067328], [12.4906224, 41.9067415], [12.4906164, 41.9067491], [12.4906073, 41.9067547], [12.4905962, 41.9067578], [12.4905844, 41.9067579], [12.4905731, 41.9067551], [12.4905644, 41.90675], [12.4905582, 41.9067431], [12.4905552, 41.9067352], [12.4905558, 41.9067269], [12.4905598, 41.9067192], [12.4905669, 41.9067128], [12.4905763, 41.9067084], [12.4905871, 41.9067065], [12.4905982, 41.9067072], [12.4906084, 41.9067104]]]}}, {"type": "Feature", "properties": {}, "geometry": {"type": "Polygon", "coordinates": [[[12.4906754, 41.9063231], [12.4906842, 41.906329], [12.4906898, 41.9063368], [12.4906916, 41.9063455], [12.4906894, 41.9063541], [12.4906834, 41.9063617], [12.4906743, 41.9063674], [12.4906632, 41.9063705], [12.4906514, 41.9063706], [12.4906402, 41.9063677], [12.4906314, 41.9063627], [12.4906252, 41.9063558], [12.4906222, 41.9063478], [12.4906228, 41.9063396], [12.4906268, 41.9063319], [12.4906339, 41.9063255], [12.4906434, 41.9063211], [12.4906542, 41.9063192], [12.4906652, 41.9063198], [12.4906754, 41.9063231]]]}}, {"type": "Feature", "properties": {}, "geometry": {"type": "Polygon", "coordinates": [[[12.4861399, 41.9058221], [12.4861466, 41.9058247], [12.4861518, 41.9058289], [12.486155, 41.9058341], [12.4861557, 41.9058398], [12.486154, 41.9058453], [12.48615, 41.9058502], [12.4861441, 41.9058538], [12.4861369, 41.9058558], [12.4861293, 41.905856], [12.486122, 41.9058544], [12.4861155, 41.905851], [12.4861109, 41.9058461], [12.4861088, 41.9058404], [12.4861094, 41.9058344], [12.4861125, 41.905829], [12.486118, 41.9058247], [12.4861248, 41.905822], [12.4861323, 41.9058211], [12.4861399, 41.9058221]]]}}, {"type": "Feature", "properties": {}, "geometry": {"type": "LineString", "coordinates": [[12.4031887, 41.8215738], [12.4032976, 41.8216411], [12.4034214, 41.8217007], [12.403636, 41.8217658], [12.4037961, 41.8218553], [12.4038252, 41.8219556], [12.4039308, 41.8220587], [12.40416, 41.8221427], [12.4044365, 41.8222268]]}}, {"type": "Feature", "properties": {}, "geometry": {"type": "Polygon", "coordinates": [[[12.3808438, 41.8363421], [12.3810053, 41.836282], [12.3811092, 41.8362332], [12.38114, 41.8361043], [12.381163, 41.8359782], [12.3811361, 41.8358922], [12.3810361, 41.8358578], [12.3809553, 41.8358292], [12.3808169, 41.8359438], [12.3807169, 41.8361129], [12.3806823, 41.8362017], [12.3806938, 41.8362648], [12.380763, 41.8363221], [12.3808438, 41.8363421]]]}}, {"type": "Feature", "properties": {}, "geometry": {"type": "Polygon", "coordinates": [[[12.4681417, 41.8273948], [12.468171, 41.8274327], [12.4681413, 41.8274455], [12.468112, 41.8274077], [12.4681417, 41.8273948]]]}}, {"type": "Feature", "properties": {}, "geometry": {"type": "Polygon", "coordinates": [[[12.468138, 41.8273681], [12.4680947, 41.827311], [12.4680417, 41.8273339], [12.4680854, 41.8273907], [12.468138, 41.8273681]]]}}, {"type": "Feature", "properties": {}, "geometry": {"type": "Polygon", "coordinates": [[[12.4673015, 41.8276535], [12.467314, 41.8276962], [12.4672805, 41.8277016], [12.467268, 41.827659], [12.4673015, 41.8276535]]]}}, {"type": "Feature", "properties": {}, "geometry": {"type": "Polygon", "coordinates": [[[12.4676568, 41.8275805], [12.4676845, 41.8276552], [12.467678, 41.8276879], [12.467791, 41.8276642], [12.4678841, 41.827628], [12.4678557, 41.8276096], [12.4678055, 41.8275384], [12.4676568, 41.8275805]]]}}, {"type": "Feature", "properties": {}, "geometry": {"type": "Polygon", "coordinates": [[[12.4722225, 41.8354121], [12.4722411, 41.8354374], [12.4722693, 41.8354569], [12.4723043, 41.8354689], [12.4723427, 41.8354721], [12.4723804, 41.8354662], [12.4724137, 41.8354517], [12.4724393, 41.8354302], [12.4724544, 41.8354038], [12.4724577, 41.8353751], [12.4724487, 41.8353472], [12.4724293, 41.8353235], [12.472401, 41.8353053], [12.4723668, 41.8352944], [12.4723296, 41.8352917], [12.4722932, 41.8352976], [12.4722609, 41.8353115], [12.4722357, 41.835332], [12.4722201, 41.8353573], [12.4722156, 41.8353848], [12.4722225, 41.8354121]]]}}, {"type": "Feature", "properties": {}, "geometry": {"type": "Polygon", "coordinates": [[[12.4712784, 41.8357006], [12.471297, 41.8357258], [12.4713252, 41.8357453], [12.4713602, 41.8357573], [12.4713986, 41.8357605], [12.4714363, 41.8357546], [12.4714696, 41.8357401], [12.4714951, 41.8357186], [12.4715103, 41.8356922], [12.4715136, 41.8356635], [12.4715046, 41.8356356], [12.4714851, 41.8356119], [12.4714569, 41.8355937], [12.4714226, 41.8355828], [12.4713855, 41.8355801], [12.471349, 41.835586], [12.4713167, 41.8355999], [12.4712916, 41.8356204], [12.471276, 41.8356457], [12.4712715, 41.8356732], [12.4712784, 41.8357006]]]}}, {"type": "Feature", "properties": {}, "geometry": {"type": "Polygon", "coordinates": [[[12.4653164, 41.8230333], [12.4653635, 41.8230303], [12.4654066, 41.8230158], [12.4654407, 41.8229913], [12.4654619, 41.8229598], [12.4654678, 41.8229249], [12.4654578, 41.8228904], [12.465433, 41.8228604], [12.4653961, 41.8228383], [12.4653515, 41.8228266], [12.4653042, 41.8228267], [12.465262, 41.8228375], [12.4652265, 41.8228577], [12.4652013, 41.8228853], [12.4651891, 41.8229173], [12.465191, 41.8229506], [12.4652069, 41.8229817], [12.4652352, 41.8230075], [12.465273, 41.8230253], [12.4653164, 41.8230333]]]}}, {"type": "Feature", "properties": {}, "geometry": {"type": "Polygon", "coordinates": [[[12.4604194, 41.8304815], [12.4604246, 41.8304915], [12.4604774, 41.8304769], [12.4604528, 41.8304277], [12.4604577, 41.8304263], [12.4604822, 41.8304754], [12.4605037, 41.8304695], [12.4604067, 41.8302747], [12.4604056, 41.8302742], [12.4603846, 41.83028], [12.4604121, 41.8303351], [12.460408, 41.8303362], [12.4603804, 41.8302812], [12.4603271, 41.830296], [12.4603331, 41.8303062], [12.4603441, 41.8302965], [12.4603573, 41.8302948], [12.460372, 41.8302996], [12.4603845, 41.8303122], [12.4603893, 41.830328], [12.4603842, 41.8303395], [12.4603739, 41.8303443], [12.4603522, 41.8303449], [12.4604069, 41.830456], [12.4604193, 41.8304458], [12.4604316, 41.8304412], [12.4604443, 41.8304446], [12.4604575, 41.8304569], [12.4604622, 41.8304698], [12.4604577, 41.8304775], [12.4604484, 41.8304823], [12.4604323, 41.8304836], [12.4604194, 41.8304815]]]}}, {"type": "Feature", "properties": {}, "geometry": {"type": "Polygon", "coordinates": [[[12.4634759, 41.9157767], [12.4634278, 41.9157899], [12.4633784, 41.9158034], [12.4633628, 41.9158311], [12.4633703, 41.9158336], [12.4633507, 41.915866], [12.463343, 41.9158634], [12.4633265, 41.9158913], [12.4633481, 41.9159291], [12.4633673, 41.9159627], [12.4634069, 41.9159755], [12.4634096, 41.9159709], [12.4634471, 41.9159834], [12.4634445, 41.9159878], [12.463485, 41.9160014], [12.4635317, 41.9159875], [12.4635804, 41.915973], [12.4635977, 41.9159455], [12.4635913, 41.9159433], [12.4636107, 41.9159121], [12.4636173, 41.9159144], [12.4636345, 41.9158883], [12.4636148, 41.915853], [12.463595, 41.9158174], [12.463557, 41.9158037], [12.463554, 41.9158088], [12.4635123, 41.9157947], [12.463515, 41.91579], [12.4634759, 41.9157767]]]}}, {"type": "Feature", "properties": {}, "geometry": {"type": "Polygon", "coordinates": [[[12.448135, 41.9008823], [12.448136, 41.9008849], [12.4481358, 41.9008876], [12.4481345, 41.9008901], [12.4481322, 41.9008921], [12.4481292, 41.9008936], [12.4481257, 41.9008942], [12.4481221, 41.900894], [12.4481188, 41.900893], [12.4481158, 41.9008911], [12.4481139, 41.9008886], [12.4481133, 41.9008857], [12.448114, 41.9008828], [12.448116, 41.9008803], [12.448119, 41.9008784], [12.4481226, 41.9008774], [12.4481266, 41.9008774], [12.4481303, 41.9008784], [12.4481331, 41.9008801], [12.448135, 41.9008823]]]}}, {"type": "Feature", "properties": {}, "geometry": {"type": "Polygon", "coordinates": [[[12.449857, 41.9045509], [12.4498598, 41.9045537], [12.4498613, 41.904557], [12.4498612, 41.9045605], [12.4498596, 41.9045639], [12.4498567, 41.9045666], [12.4498528, 41.9045685], [12.4498482, 41.9045694], [12.4498436, 41.9045692], [12.4498391, 41.9045677], [12.4498355, 41.9045653], [12.4498332, 41.9045622], [12.4498324, 41.9045586], [12.4498333, 41.904555], [12.4498356, 41.9045519], [12.4498393, 41.9045495], [12.4498437, 41.9045481], [12.4498486, 41.9045479], [12.4498531, 41.9045489], [12.449857, 41.9045509]]]}}, {"type": "Feature", "properties": {}, "geometry": {"type": "LineString", "coordinates": [[12.5554365, 41.7652891], [12.5547928, 41.7656142], [12.5545299, 41.7657483], [12.5537118, 41.7662484], [12.553162, 41.7665005], [12.5528884, 41.7666125], [12.5526765, 41.7666685], [12.5521803, 41.7667606], [12.5512496, 41.7668506], [12.5508848, 41.7669546], [12.5502893, 41.7669786], [12.5493076, 41.7670046], [12.5473228, 41.7670146], [12.5460514, 41.7670807], [12.5455338, 41.7671427], [12.5450456, 41.7672347], [12.5438896, 41.7673827], [12.5436965, 41.7673807], [12.5436026, 41.7673687], [12.5435328, 41.7673347], [12.5433317, 41.7672287], [12.5431681, 41.7671847], [12.5430098, 41.7671867], [12.5425646, 41.7672407], [12.5411725, 41.7672827], [12.5410223, 41.7672827], [12.5408667, 41.7672187], [12.5394827, 41.7666225], [12.5392091, 41.7665705], [12.5368068, 41.7661226], [12.5366449, 41.7661004], [12.5364679, 41.7660924], [12.536299, 41.7661104], [12.5359744, 41.7661624], [12.5357652, 41.7661664], [12.5352046, 41.7661184], [12.5350034, 41.7661184], [12.5348157, 41.7661604], [12.5346118, 41.7662244], [12.5342765, 41.7662644], [12.5338796, 41.7663044], [12.5337374, 41.7663485], [12.5332653, 41.7665905], [12.5328764, 41.7666926], [12.5316158, 41.7669966], [12.531302, 41.7671227], [12.5309882, 41.7672727], [12.5308514, 41.7673167], [12.5305295, 41.7673907], [12.5294566, 41.7679409], [12.5285581, 41.768351], [12.5282201, 41.768515], [12.5280726, 41.768541], [12.5275227, 41.7685771], [12.5274389, 41.7686046], [12.5273457, 41.7686591], [12.5260207, 41.7695013], [12.525892, 41.7695533], [12.525723, 41.7695793], [12.5252455, 41.7695933], [12.5248674, 41.7695613], [12.5245294, 41.7695933], [12.5235933, 41.7697953], [12.5231615, 41.7699174], [12.5229013, 41.7699074], [12.52233, 41.7697753], [12.522161, 41.7697673], [12.5216433, 41.7698694], [12.5213778, 41.7698974], [12.5210398, 41.7698614], [12.5207287, 41.7697693], [12.5204498, 41.7696533], [12.5204189, 41.7696453], [12.5203894, 41.7696403], [12.5203518, 41.7696363], [12.5203156, 41.7696353], [12.5200367, 41.7696433], [12.5199951, 41.7696478], [12.5199589, 41.7696543], [12.5199227, 41.7696638], [12.5198731, 41.7696833], [12.5198342, 41.7697023], [12.519794, 41.7697253], [12.5197551, 41.7697535], [12.5195602, 41.769915], [12.5195405, 41.7699314], [12.5195177, 41.7699444], [12.5194922, 41.7699554], [12.51946, 41.7699644], [12.5194332, 41.7699694], [12.519397, 41.7699694], [12.5193635, 41.7699674], [12.5193306, 41.7699617], [12.5192347, 41.7699394], [12.5190204, 41.7698748], [12.5189759, 41.7698644], [12.5189357, 41.7698574], [12.5189022, 41.7698554], [12.518868, 41.7698549], [12.5188351, 41.7698564], [12.5187989, 41.7698594], [12.518764, 41.7698644], [12.5187285, 41.7698709], [12.5186889, 41.7698804], [12.5186486, 41.769891], [12.5184226, 41.7699606], [12.5183887, 41.769969], [12.5183469, 41.7699764], [12.5183046, 41.7699819], [12.5182544, 41.7699864], [12.5181538, 41.7699914], [12.5180357, 41.7699994], [12.517992, 41.7700036], [12.517946, 41.7700106], [12.517915, 41.7700164], [12.5178786, 41.7700259], [12.5178368, 41.7700373], [12.5178145, 41.7700444], [12.5177112, 41.7700814], [12.5175798, 41.7701314], [12.5175523, 41.7701374], [12.5175289, 41.7701414], [12.5174947, 41.7701434], [12.5174645, 41.7701434], [12.5171474, 41.7701104], [12.5171064, 41.7701074], [12.5170709, 41.7701064], [12.517042, 41.7701074], [12.5170145, 41.7701104], [12.5169897, 41.7701144], [12.5169623, 41.7701211], [12.5169387, 41.7701284], [12.5168931, 41.7701474], [12.5168301, 41.7701664], [12.5167973, 41.7701744], [12.5167591, 41.7701814], [12.5167305, 41.7701848], [12.5166966, 41.7701871], [12.5162789, 41.7701974], [12.5162279, 41.7702014], [12.516189, 41.7702104], [12.5161555, 41.7702254], [12.5159342, 41.7703824], [12.5158847, 41.7704135], [12.5158318, 41.7704382], [12.5157989, 41.7704505], [12.5157397, 41.7704666], [12.5156889, 41.7704755], [12.5156446, 41.77048], [12.5155896, 41.7704825], [12.5154635, 41.7704835], [12.5153951, 41.7704855], [12.5153294, 41.7704935], [12.5152663, 41.7705115], [12.515206, 41.7705355], [12.5151593, 41.7705648], [12.5149438, 41.7707341], [12.5148952, 41.7707618], [12.5148251, 41.7707896], [12.5147697, 41.7708037], [12.5146928, 41.7708177], [12.5144041, 41.7708496], [12.514286, 41.7709016], [12.5140921, 41.7713016], [12.5140608, 41.7713437], [12.5140111, 41.7713897], [12.5139427, 41.7714277], [12.5138516, 41.7714581], [12.5136782, 41.7715064], [12.5135663, 41.7715375], [12.5135035, 41.7715512], [12.513468, 41.7715577], [12.5134234, 41.7715632], [12.5133785, 41.7715681], [12.5132918, 41.7715705], [12.5132051, 41.7715817], [12.5131448, 41.7715967], [12.5130817, 41.7716177], [12.5130134, 41.7716518], [12.512953, 41.7716918], [12.5128941, 41.771741], [12.5125414, 41.7721012], [12.5124836, 41.7721458], [12.5124193, 41.7721839], [12.5123779, 41.7722044], [12.5123442, 41.7722259], [12.5123027, 41.7722564], [12.5122666, 41.7722888], [12.5121886, 41.7724019], [12.5121483, 41.7725039], [12.5120893, 41.772712], [12.5120558, 41.7727461], [12.5120142, 41.772772], [12.5119614, 41.7727915], [12.5117835, 41.772842], [12.5115743, 41.77292], [12.5112551, 41.773174], [12.5110937, 41.7733123], [12.5110513, 41.7733621], [12.5110205, 41.7734211], [12.511003, 41.7734821], [12.5109827, 41.773616], [12.5109547, 41.7736921], [12.5109051, 41.7737542], [12.5108394, 41.7738142], [12.5107874, 41.7738442], [12.5107273, 41.7738722], [12.510672, 41.7738902], [12.5106087, 41.7739062], [12.5105336, 41.7739192], [12.5104692, 41.7739442], [12.510429, 41.7739902], [12.5103995, 41.7740482], [12.5102252, 41.7746683], [12.5101581, 41.7747583], [12.5100294, 41.7748603], [12.5099704, 41.7749243], [12.5099596, 41.7750123], [12.5101501, 41.7752624], [12.5101474, 41.7753404], [12.510083, 41.7754284], [12.5096941, 41.7757024], [12.5096351, 41.7757725], [12.5093561, 41.7763005], [12.509273, 41.7763905], [12.5087392, 41.7767326], [12.50864, 41.7768206], [12.5083825, 41.7771826], [12.5083664, 41.7772606], [12.5083047, 41.7773347], [12.508184, 41.7773947], [12.507838, 41.7777267], [12.5077602, 41.7777987], [12.5077227, 41.7779047], [12.5074518, 41.7781847], [12.5074196, 41.7782728], [12.5072882, 41.7786188], [12.5070816, 41.7788828], [12.5069207, 41.7790268], [12.506859, 41.7791288], [12.5067893, 41.7791868], [12.5065935, 41.7792408], [12.506505, 41.7792989], [12.5062555, 41.7794809], [12.5054589, 41.7798749], [12.5053382, 41.7799589], [12.5051826, 41.7800029], [12.5049815, 41.7801869], [12.504952, 41.7803049], [12.5048205, 41.7805769], [12.5047749, 41.780647], [12.5045979, 41.780717], [12.50415, 41.780849], [12.5036216, 41.781101], [12.5033936, 41.781279], [12.5031522, 41.781487], [12.5014919, 41.782601], [12.5012022, 41.7828691], [12.5010976, 41.7832551], [12.5009742, 41.7833851], [12.5006685, 41.7836191], [12.4996895, 41.7839771], [12.4996278, 41.7840231], [12.499381, 41.7842451], [12.4989438, 41.7845051], [12.4985361, 41.7848391], [12.4972621, 41.7856951], [12.4968892, 41.7858591], [12.4966693, 41.7859571], [12.4965325, 41.7860471], [12.4963501, 41.7861271], [12.4961731, 41.7861511], [12.4958619, 41.7861351], [12.4953926, 41.7860631], [12.4952531, 41.7860831], [12.4951673, 41.7860831], [12.4950626, 41.7860471], [12.4949419, 41.7859771], [12.4947998, 41.7859331], [12.494604, 41.7858931], [12.494317, 41.7858991], [12.4928793, 41.7859891], [12.4922624, 41.7860571], [12.4911574, 41.7862951], [12.4910206, 41.7863371], [12.4907899, 41.7863351], [12.4905673, 41.7863751], [12.4900442, 41.786691], [12.4898055, 41.786761], [12.4895883, 41.786791], [12.4892503, 41.786733], [12.4888131, 41.786566], [12.4885905, 41.7865421], [12.4881037, 41.7865311], [12.4878475, 41.7865431], [12.4869074, 41.786714], [12.4856937, 41.786857], [12.4843901, 41.787165], [12.4839127, 41.787193], [12.4838014, 41.787281], [12.4837393, 41.7873528], [12.4837156, 41.787451], [12.4839127, 41.788325], [12.4838912, 41.788471], [12.4838215, 41.788581], [12.4836445, 41.788709], [12.483167, 41.7889129], [12.4826896, 41.7892409], [12.4822873, 41.7895809], [12.4817723, 41.7900649], [12.4815148, 41.7902888], [12.480411, 41.7904769], [12.4796373, 41.7906088], [12.4793744, 41.7907248], [12.4792135, 41.7908848], [12.4791667, 41.7910026], [12.4789909, 41.7914447], [12.4789023, 41.7917687], [12.4788567, 41.7921366], [12.4788288, 41.792191], [12.4785724, 41.7926906], [12.4783525, 41.7931145], [12.4782506, 41.7934125], [12.4779233, 41.7938444], [12.4774915, 41.7940744], [12.4773681, 41.7941544], [12.4771401, 41.7944283], [12.4770543, 41.7944783], [12.4766815, 41.7945343], [12.4748817, 41.7947623], [12.4741146, 41.7949723], [12.4739456, 41.7950482], [12.4738356, 41.7951382], [12.4737444, 41.7953082], [12.4736613, 41.7955602], [12.4735594, 41.7957041], [12.4733975, 41.7958182], [12.4733282, 41.7958577], [12.4732882, 41.7958805], [12.4732579, 41.7958969], [12.4732316, 41.7959073], [12.4732044, 41.7959174], [12.4731423, 41.7959351], [12.4730813, 41.7959466], [12.473022, 41.7959544], [12.4729435, 41.7959589], [12.4725755, 41.795963], [12.4725263, 41.7959685], [12.4724778, 41.7959758], [12.4724275, 41.7959871], [12.4723779, 41.7960001], [12.4723423, 41.7960132], [12.4723102, 41.7960218], [12.472276, 41.7960297], [12.4722436, 41.796035], [12.4722083, 41.7960389], [12.4721722, 41.7960416], [12.4716216, 41.7960694], [12.4714693, 41.7960771], [12.4710944, 41.7960961], [12.4699166, 41.7961529], [12.4698883, 41.7961548], [12.4698126, 41.7961655], [12.4697728, 41.7961732], [12.4697345, 41.796183], [12.4696886, 41.7962003], [12.4696442, 41.7962196], [12.4696159, 41.7962335], [12.4695357, 41.7962825], [12.4695039, 41.796302], [12.4694053, 41.7963571], [12.4693606, 41.7963821], [12.4689674, 41.796602], [12.4688776, 41.7966388], [12.4688319, 41.7966558], [12.4687776, 41.7966726], [12.4686053, 41.7967199], [12.4684635, 41.7967596], [12.4684242, 41.7967727], [12.4683935, 41.796784], [12.468355, 41.7968006], [12.4683165, 41.7968183], [12.467857, 41.7970559], [12.4671419, 41.7974179], [12.4671223, 41.7974303], [12.4670994, 41.7974472], [12.467079, 41.797464], [12.467051, 41.7974917], [12.4670254, 41.7975194], [12.4670105, 41.7975379], [12.466917, 41.7976806], [12.4669052, 41.7976935], [12.4668889, 41.7977086], [12.4668702, 41.7977237], [12.4668483, 41.7977392], [12.4668239, 41.7977548], [12.4667975, 41.7977698], [12.466709, 41.7978117], [12.4665266, 41.7979477], [12.4661565, 41.7985116], [12.4660127, 41.7988498], [12.4659151, 41.7990795], [12.4655396, 41.7997913], [12.4654323, 41.7999433], [12.4645257, 41.8001512], [12.4640644, 41.8002192], [12.4636352, 41.8003712], [12.4633294, 41.8004471], [12.4631095, 41.8005791], [12.4629512, 41.8006851], [12.4628064, 41.800931], [12.4626374, 41.801093], [12.4624711, 41.801183], [12.4620634, 41.8017228], [12.4594885, 41.804626], [12.4577454, 41.8066135], [12.4577308, 41.8066287]]}}, {"type": "Feature", "properties": {}, "geometry": {"type": "LineString", "coordinates": [[12.5552434, 41.81874], [12.5542617, 41.8178565]]}}, {"type": "Feature", "properties": {}, "geometry": {"type": "Polygon", "coordinates": [[[12.4636501, 41.9300328], [12.4636565, 41.9300367], [12.4636619, 41.9300414], [12.4636662, 41.9300466], [12.4636692, 41.9300523], [12.463671, 41.9300583], [12.4636714, 41.9300645], [12.4636705, 41.9300706], [12.4636682, 41.9300765], [12.4636646, 41.9300821], [12.4636598, 41.9300871], [12.463654, 41.9300915], [12.4636473, 41.9300951], [12.4636399, 41.9300978], [12.463632, 41.9300996], [12.4636238, 41.9301004], [12.4636156, 41.9301002], [12.4636075, 41.930099], [12.4635997, 41.9300967], [12.4635926, 41.9300936], [12.4635863, 41.9300897], [12.4635814, 41.9300855], [12.4635774, 41.9300808], [12.4635744, 41.9300758], [12.4635724, 41.9300705], [12.4635715, 41.930065], [12.4635717, 41.9300595], [12.463573, 41.9300541], [12.4635754, 41.9300488], [12.4635788, 41.9300439], [12.4635831, 41.9300394], [12.4635883, 41.9300355], [12.4635942, 41.9300321], [12.4636006, 41.9300295], [12.4636076, 41.9300275], [12.4636149, 41.9300264], [12.4636223, 41.9300261], [12.4636296, 41.9300266], [12.4636368, 41.9300279], [12.4636437, 41.93003], [12.4636501, 41.9300328]]]}}, {"type": "Feature", "properties": {}, "geometry": {"type": "LineString", "coordinates": [[12.5850159, 41.9608544], [12.5842059, 41.9608025], [12.5840503, 41.9608145], [12.5838679, 41.9607586], [12.5835729, 41.9606948], [12.5831544, 41.9608105], [12.5827065, 41.9607965], [12.5825831, 41.9608105], [12.582221, 41.9609361], [12.5820708, 41.9609601], [12.5817731, 41.9609421], [12.5813895, 41.9609441], [12.5805554, 41.9610079], [12.5799465, 41.9610937], [12.5798446, 41.9610997], [12.5796595, 41.9611017], [12.5790882, 41.9609999], [12.5787878, 41.960964], [12.5779697, 41.9608324], [12.5778705, 41.9608324], [12.577621, 41.9609222], [12.5773511, 41.9609919]]}}, {"type": "Feature", "properties": {}, "geometry": {"type": "Polygon", "coordinates": [[[12.5994576, 41.8871569], [12.5994576, 41.8871369], [12.5994622, 41.8871056], [12.5994587, 41.8870822], [12.5994516, 41.8870616], [12.5994377, 41.8870292], [12.5994319, 41.8870092], [12.5994389, 41.8869871], [12.5994574, 41.8869713], [12.5994879, 41.8869607], [12.5995174, 41.886963], [12.5995393, 41.8869712], [12.5995575, 41.8869883], [12.5995656, 41.8870038], [12.5995626, 41.8870248], [12.5995451, 41.88705], [12.5995381, 41.8870726], [12.5995381, 41.8870961], [12.5995498, 41.8871143], [12.5995615, 41.8871456], [12.5995673, 41.8871665], [12.5995556, 41.8871873], [12.5995335, 41.8871995], [12.5995159, 41.8872021], [12.5994926, 41.8871952], [12.5994704, 41.8871778], [12.5994576, 41.8871569]]]}}, {"type": "Feature", "properties": {}, "geometry": {"type": "LineString", "coordinates": [[12.5180363, 41.8341221], [12.5177986, 41.8342536], [12.5176717, 41.8343001], [12.5174673, 41.8344744], [12.517097, 41.8348295], [12.5164157, 41.8352731], [12.5157827, 41.8356009], [12.5151068, 41.8359845], [12.5145918, 41.8363323], [12.5144255, 41.8365101], [12.5144684, 41.83663]]}}, {"type": "Feature", "properties": {}, "geometry": {"type": "Polygon", "coordinates": [[[12.4817581, 41.8929071], [12.4817632, 41.8929127], [12.4817657, 41.8929192], [12.4817653, 41.8929259], [12.481762, 41.8929322], [12.4817562, 41.8929374], [12.4817485, 41.8929409], [12.4817397, 41.8929424], [12.4817307, 41.8929418], [12.4817221, 41.8929388], [12.4817153, 41.892934], [12.4817111, 41.8929277], [12.4817099, 41.8929208], [12.4817118, 41.8929139], [12.4817167, 41.8929079], [12.481724, 41.8929035], [12.4817328, 41.8929011], [12.4817423, 41.892901], [12.4817509, 41.8929031], [12.4817581, 41.8929071]]]}}, {"type": "Feature", "properties": {}, "geometry": {"type": "Polygon", "coordinates": [[[12.4769051, 41.8576157], [12.4768973, 41.8576189], [12.4768885, 41.8576202], [12.4768797, 41.8576193], [12.476871, 41.8576161], [12.4768643, 41.8576109], [12.4768603, 41.8576043], [12.4768596, 41.8575971], [12.4768622, 41.8575901], [12.4768678, 41.8575842], [12.4768758, 41.8575801], [12.4768852, 41.8575782], [12.4768948, 41.8575788], [12.476903, 41.8575815], [12.4769096, 41.8575859], [12.4769141, 41.8575917], [12.4769159, 41.8575982], [12.4769149, 41.8576048], [12.4769112, 41.8576108], [12.4769051, 41.8576157]]]}}, {"type": "Feature", "properties": {}, "geometry": {"type": "Polygon", "coordinates": [[[12.4771633, 41.857992], [12.4771645, 41.8579954], [12.4771643, 41.8579983], [12.477163, 41.8580009], [12.4771608, 41.8580033], [12.4771578, 41.8580051], [12.4771542, 41.8580062], [12.4771504, 41.8580065], [12.4771466, 41.858006], [12.4771432, 41.8580048], [12.4771403, 41.8580029], [12.4771379, 41.8579999], [12.477137, 41.8579964], [12.4771377, 41.857993], [12.4771399, 41.8579899], [12.4771434, 41.8579876], [12.4771478, 41.8579862], [12.4771524, 41.857986], [12.4771569, 41.857987], [12.4771607, 41.8579891], [12.4771633, 41.857992]]]}}, {"type": "Feature", "properties": {}, "geometry": {"type": "Polygon", "coordinates": [[[12.4937293, 41.8869018], [12.4937356, 41.8869355], [12.4937789, 41.886949], [12.4938168, 41.8869266], [12.4938097, 41.886893], [12.4937664, 41.88688], [12.4937293, 41.8869018]]]}}, {"type": "Feature", "properties": {}, "geometry": {"type": "Polygon", "coordinates": [[[12.4925841, 41.8874136], [12.4926036, 41.8874016], [12.4926273, 41.8874077], [12.4926324, 41.8874263], [12.4926128, 41.8874389], [12.4925891, 41.8874328], [12.4925841, 41.8874136]]]}}, {"type": "Feature", "properties": {}, "geometry": {"type": "Polygon", "coordinates": [[[12.5107635, 41.9255652], [12.510775, 41.9255851], [12.5108153, 41.9256158], [12.5108814, 41.9256222], [12.511165, 41.9255041], [12.5111616, 41.9254542], [12.5111119, 41.9254454], [12.5110036, 41.9255002], [12.5109953, 41.9254738], [12.5109724, 41.9254614], [12.5109466, 41.9254457], [12.5109387, 41.9254121], [12.510934, 41.9253881], [12.5109013, 41.9253407], [12.5108012, 41.9253524], [12.510777, 41.9253968], [12.5107884, 41.9254517], [12.5107903, 41.925481], [12.5107616, 41.9254924], [12.5107386, 41.9255102], [12.5107472, 41.9255402], [12.5107664, 41.925548], [12.5107635, 41.9255652]]]}}, {"type": "Feature", "properties": {}, "geometry": {"type": "Polygon", "coordinates": [[[12.4879124, 41.9012339], [12.4879114, 41.9012252], [12.4879142, 41.9012168], [12.4879204, 41.9012094], [12.4879295, 41.901204], [12.4879405, 41.901201], [12.4879522, 41.9012007], [12.4879633, 41.9012033], [12.4879728, 41.9012084], [12.4879795, 41.9012156], [12.4879829, 41.9012239], [12.4879824, 41.9012328], [12.487978, 41.9012411], [12.4879701, 41.9012478], [12.4879597, 41.9012523], [12.487948, 41.901254], [12.4879361, 41.9012527], [12.4879255, 41.9012485], [12.4879173, 41.901242], [12.4879124, 41.9012339]]]}}, {"type": "Feature", "properties": {}, "geometry": {"type": "Polygon", "coordinates": [[[12.4869545, 41.9012861], [12.4869517, 41.9012647], [12.4869583, 41.9012439], [12.4869735, 41.9012257], [12.4869958, 41.9012122], [12.4870228, 41.9012047], [12.4870516, 41.901204], [12.4870791, 41.9012103], [12.4871025, 41.9012228], [12.4871192, 41.9012403], [12.4871274, 41.9012608], [12.4871263, 41.9012827], [12.4871155, 41.901303], [12.4870964, 41.9013196], [12.487071, 41.9013307], [12.4870422, 41.9013349], [12.4870131, 41.9013318], [12.4869869, 41.9013218], [12.4869666, 41.901306], [12.4869545, 41.9012861]]]}}, {"type": "Feature", "properties": {}, "geometry": {"type": "LineString", "coordinates": [[12.5535643, 41.8326671], [12.5535268, 41.8326851], [12.5534865, 41.8326891], [12.5534436, 41.8326731], [12.5533524, 41.8325752], [12.5531942, 41.8325572], [12.553111, 41.8325932], [12.5530037, 41.8326551], [12.5528374, 41.8326172], [12.5526988, 41.8324983]]}}, {"type": "Feature", "properties": {}, "geometry": {"type": "Polygon", "coordinates": [[[12.4863522, 41.8914914], [12.4863327, 41.8914594], [12.4863927, 41.8914391], [12.4864122, 41.8914712], [12.4863522, 41.8914914]]]}}, {"type": "Feature", "properties": {}, "geometry": {"type": "Polygon", "coordinates": [[[12.4864346, 41.8914618], [12.4864159, 41.8914306], [12.4865512, 41.8913856], [12.4865699, 41.8913877], [12.4865844, 41.8914119], [12.4864346, 41.8914618]]]}}, {"type": "Feature", "properties": {}, "geometry": {"type": "Polygon", "coordinates": [[[12.4868703, 41.8913143], [12.486851, 41.8912812], [12.4868963, 41.8912666], [12.4869156, 41.8912996], [12.4868703, 41.8913143]]]}}, {"type": "Feature", "properties": {}, "geometry": {"type": "LineString", "coordinates": [[12.5562654, 41.9593854], [12.5557552, 41.9591967], [12.5554436, 41.9591003], [12.5552864, 41.9590409], [12.5552947, 41.9589445]]}}, {"type": "Feature", "properties": {}, "geometry": {"type": "LineString", "coordinates": [[12.5552947, 41.9589445], [12.5554602, 41.9587784], [12.5555696, 41.9586392], [12.5557331, 41.9583893], [12.5558285, 41.9582238], [12.5558466, 41.9580279], [12.555883, 41.9578083], [12.5559784, 41.9576664], [12.5559829, 41.9575313], [12.5560783, 41.9573793], [12.5562645, 41.9572712], [12.5562872, 41.9571395], [12.5561918, 41.9569976], [12.5563009, 41.956822], [12.5562918, 41.9566936], [12.5562009, 41.9564977], [12.5562509, 41.9563423], [12.5563508, 41.9562038], [12.5564235, 41.9559775], [12.556419, 41.9557917], [12.5564371, 41.9555417], [12.5564508, 41.9552918], [12.5564508, 41.9550958], [12.5563735, 41.9547479], [12.5563009, 41.9544709], [12.5562872, 41.954096], [12.5562282, 41.9538696], [12.5561146, 41.9534068], [12.5561464, 41.9532346], [12.5561373, 41.9529677], [12.5561283, 41.9527515], [12.5559874, 41.9524204], [12.5558375, 41.9522042], [12.5556014, 41.9519103], [12.555565, 41.9516874], [12.5554696, 41.9514644], [12.5554378, 41.9512111], [12.5553969, 41.9509442], [12.555406, 41.9506706], [12.5554197, 41.950603]]}}, {"type": "Feature", "properties": {}, "geometry": {"type": "Polygon", "coordinates": [[[12.495712, 41.915542], [12.4957163, 41.9155425], [12.4957202, 41.915544], [12.4957232, 41.9155464], [12.4957251, 41.9155493], [12.4957257, 41.9155525], [12.4957248, 41.9155557], [12.4957227, 41.9155585], [12.4957195, 41.9155607], [12.4957155, 41.915562], [12.4957112, 41.9155623], [12.4957048, 41.9155688], [12.4956962, 41.915573], [12.4956863, 41.9155749], [12.4956761, 41.9155744], [12.4956659, 41.9155713], [12.4956578, 41.9155657], [12.4956541, 41.9155606], [12.4956497, 41.9155597], [12.4956458, 41.9155578], [12.495643, 41.9155551], [12.4956416, 41.9155518], [12.4956417, 41.9155483], [12.4956434, 41.9155451], [12.4956465, 41.9155425], [12.4956505, 41.9155408], [12.495655, 41.9155404], [12.4956591, 41.9155354], [12.4956676, 41.9155303], [12.495678, 41.9155276], [12.4956882, 41.9155276], [12.4956979, 41.91553], [12.4957062, 41.9155345], [12.495712, 41.915542]]]}}, {"type": "Feature", "properties": {}, "geometry": {"type": "Polygon", "coordinates": [[[12.4572082, 41.9039189], [12.4572089, 41.9039146], [12.457211, 41.9039106], [12.4572137, 41.9039074], [12.4572183, 41.9039041], [12.457224, 41.9039016], [12.4572305, 41.9039003], [12.4572389, 41.9039005], [12.4572467, 41.9039027], [12.4572534, 41.9039069], [12.4572571, 41.9039112], [12.4572592, 41.9039161], [12.4572082, 41.9039189]]]}}, {"type": "Feature", "properties": {}, "geometry": {"type": "Polygon", "coordinates": [[[12.4558087, 41.9048739], [12.4558078, 41.9048535], [12.4558225, 41.9048531], [12.4558249, 41.9048489], [12.4558287, 41.9048459], [12.4558337, 41.904844], [12.4558392, 41.9048434], [12.4558447, 41.9048441], [12.4558496, 41.904846], [12.4558534, 41.9048491], [12.4558556, 41.9048525], [12.4558704, 41.9048521], [12.4558713, 41.9048723], [12.4558087, 41.9048739]]]}}, {"type": "Feature", "properties": {}, "geometry": {"type": "Polygon", "coordinates": [[[12.47663, 41.9018633], [12.4766118, 41.9018759], [12.4766116, 41.9018927], [12.4766283, 41.9019044], [12.4766485, 41.9019048], [12.4766668, 41.901893], [12.4766669, 41.9018762], [12.476652, 41.9018641], [12.47663, 41.9018633]]]}}, {"type": "Feature", "properties": {}, "geometry": {"type": "Polygon", "coordinates": [[[12.4763386, 41.9018128], [12.476343, 41.9018167], [12.4763455, 41.9018213], [12.4763459, 41.9018263], [12.4763442, 41.9018312], [12.4763406, 41.9018355], [12.4763354, 41.9018387], [12.4763292, 41.9018405], [12.4763224, 41.9018408], [12.4763153, 41.9018393], [12.4763092, 41.9018361], [12.476305, 41.9018316], [12.4763031, 41.9018262], [12.4763037, 41.9018207], [12.4763069, 41.9018157], [12.4763122, 41.9018118], [12.4763189, 41.9018094], [12.4763264, 41.9018089], [12.4763329, 41.9018102], [12.4763386, 41.9018128]]]}}, {"type": "Feature", "properties": {}, "geometry": {"type": "Polygon", "coordinates": [[[12.4834506, 41.8994448], [12.4834548, 41.8994476], [12.4834576, 41.8994512], [12.4834586, 41.8994553], [12.4834577, 41.8994594], [12.4834551, 41.8994631], [12.4834509, 41.8994659], [12.4834458, 41.8994675], [12.4834402, 41.8994678], [12.483435, 41.8994667], [12.4834306, 41.8994645], [12.4834273, 41.8994614], [12.4834256, 41.8994576], [12.4834255, 41.8994536], [12.4834271, 41.8994498], [12.4834303, 41.8994466], [12.4834346, 41.8994443], [12.4834397, 41.8994432], [12.4834453, 41.8994433], [12.4834506, 41.8994448]]]}}, {"type": "Feature", "properties": {}, "geometry": {"type": "Polygon", "coordinates": [[[12.4841065, 41.8984664], [12.4840975, 41.8984732], [12.4840918, 41.8984819], [12.4840901, 41.8984914], [12.4840926, 41.8985008], [12.484099, 41.8985092], [12.4841086, 41.8985156], [12.4841205, 41.8985194], [12.4841333, 41.8985202], [12.4841459, 41.8985179], [12.4841568, 41.8985127], [12.4841645, 41.8985058], [12.4841691, 41.8984974], [12.4841701, 41.8984884], [12.4841675, 41.8984795], [12.4841613, 41.8984717], [12.4841524, 41.8984656], [12.4841413, 41.8984618], [12.4841293, 41.8984606], [12.4841173, 41.8984622], [12.4841065, 41.8984664]]]}}, {"type": "Feature", "properties": {}, "geometry": {"type": "Polygon", "coordinates": [[[12.4814085, 41.8977727], [12.4814129, 41.897779], [12.4814142, 41.8977861], [12.4814122, 41.897793], [12.4814073, 41.8977992], [12.4813999, 41.8978037], [12.4813909, 41.8978061], [12.4813813, 41.8978062], [12.4813727, 41.897804], [12.4813654, 41.8978], [12.4813603, 41.8977944], [12.4813577, 41.8977879], [12.4813581, 41.8977811], [12.4813614, 41.8977748], [12.4813671, 41.8977696], [12.4813748, 41.897766], [12.4813837, 41.8977644], [12.4813927, 41.8977649], [12.4814015, 41.8977678], [12.4814085, 41.8977727]]]}}, {"type": "Feature", "properties": {}, "geometry": {"type": "Polygon", "coordinates": [[[12.3691062, 41.8422561], [12.3694147, 41.8421882], [12.3693208, 41.8420363], [12.3690553, 41.8421542], [12.3691062, 41.8422561]]]}}, {"type": "Feature", "properties": {}, "geometry": {"type": "Polygon", "coordinates": [[[12.4822931, 41.9058154], [12.4822849, 41.9058231], [12.4822779, 41.9058284], [12.4822697, 41.9058349], [12.4822587, 41.9058424], [12.4822465, 41.9058468], [12.4822269, 41.9058512], [12.4822127, 41.9058531], [12.4821988, 41.9058497], [12.4821868, 41.905842], [12.4821822, 41.9058294], [12.4821823, 41.9058164], [12.4821883, 41.9058026], [12.482199, 41.9057882], [12.4822215, 41.9057678], [12.4822301, 41.9057628], [12.4822439, 41.9057576], [12.4822571, 41.9057532], [12.4822741, 41.9057518], [12.4822892, 41.9057543], [12.4823021, 41.9057633], [12.4823059, 41.9057703], [12.4823087, 41.9057775], [12.4823076, 41.9057864], [12.4823023, 41.9058011], [12.4822931, 41.9058154]]]}}, {"type": "Feature", "properties": {}, "geometry": {"type": "Polygon", "coordinates": [[[12.4717597, 41.8958384], [12.4717637, 41.8958457], [12.4717754, 41.8958573], [12.4717861, 41.895862], [12.4717956, 41.8958642], [12.471804, 41.8958639], [12.47181, 41.8958627], [12.4718159, 41.8958605], [12.4718198, 41.8958556], [12.4718218, 41.8958507], [12.4718205, 41.8958384], [12.4718152, 41.8958295], [12.4718047, 41.8958209], [12.4717921, 41.8958152], [12.4717826, 41.8958143], [12.4717736, 41.8958143], [12.471767, 41.8958168], [12.4717617, 41.8958216], [12.4717597, 41.8958285], [12.4717597, 41.8958384]]]}}, {"type": "Feature", "properties": {}, "geometry": {"type": "Polygon", "coordinates": [[[12.5043618, 41.8846738], [12.5043714, 41.8846766], [12.5043817, 41.8846773], [12.5043919, 41.8846758], [12.5044011, 41.8846724], [12.5044088, 41.8846672], [12.5044142, 41.8846606], [12.504417, 41.8846532], [12.5044169, 41.8846455], [12.504414, 41.8846381], [12.5044085, 41.8846316], [12.5044008, 41.8846264], [12.5043916, 41.884623], [12.5043825, 41.8846217], [12.5043734, 41.884622], [12.5043646, 41.8846241], [12.5043568, 41.8846276], [12.5043503, 41.8846324], [12.5043456, 41.8846383], [12.504343, 41.8846449], [12.5043426, 41.8846517], [12.5043445, 41.8846584], [12.5043485, 41.8846646], [12.5043544, 41.8846698], [12.5043618, 41.8846738]]]}}, {"type": "Feature", "properties": {}, "geometry": {"type": "Polygon", "coordinates": [[[12.4996798, 41.883028], [12.4996775, 41.8830334], [12.4996776, 41.883039], [12.4996802, 41.8830442], [12.499685, 41.8830485], [12.4997035, 41.8830576], [12.4997109, 41.8830588], [12.4997183, 41.8830582], [12.4997251, 41.8830558], [12.4997305, 41.8830519], [12.4997339, 41.8830469], [12.4997349, 41.8830414], [12.4997334, 41.8830359], [12.4997297, 41.8830311], [12.4997241, 41.8830275], [12.4997051, 41.8830193], [12.4996976, 41.8830189], [12.4996904, 41.8830204], [12.4996843, 41.8830236], [12.4996798, 41.883028]]]}}, {"type": "Feature", "properties": {}, "geometry": {"type": "Polygon", "coordinates": [[[12.4993509, 41.897078], [12.4993451, 41.8970801], [12.4993387, 41.8970806], [12.4993325, 41.8970796], [12.499327, 41.8970771], [12.4993013, 41.8970556], [12.499299, 41.8970511], [12.4992988, 41.8970463], [12.4993008, 41.8970417], [12.4993046, 41.8970379], [12.4993099, 41.8970351], [12.4993161, 41.8970338], [12.4993226, 41.8970341], [12.4993286, 41.897036], [12.4993549, 41.8970569], [12.4993581, 41.8970611], [12.4993593, 41.8970657], [12.4993584, 41.8970704], [12.4993555, 41.8970747], [12.4993509, 41.897078]]]}}, {"type": "Feature", "properties": {}, "geometry": {"type": "Polygon", "coordinates": [[[12.4942341, 41.8997635], [12.4942208, 41.8997501], [12.4941146, 41.8998082], [12.4941273, 41.8998211], [12.4941225, 41.8998243], [12.494119, 41.8998286], [12.4941165, 41.8998332], [12.4941156, 41.8998393], [12.4941172, 41.8998454], [12.494121, 41.8998508], [12.4941268, 41.8998551], [12.494134, 41.899858], [12.494142, 41.8998593], [12.494149, 41.8998589], [12.4941555, 41.8998576], [12.4941614, 41.8998557], [12.4941737, 41.8998681], [12.49428, 41.8998101], [12.4942677, 41.8997976], [12.494274, 41.899794], [12.4942785, 41.8997898], [12.4942806, 41.8997844], [12.494281, 41.8997789], [12.4942791, 41.8997732], [12.4942753, 41.899768], [12.4942699, 41.8997639], [12.4942631, 41.8997609], [12.4942556, 41.8997594], [12.4942479, 41.8997594], [12.4942405, 41.8997608], [12.4942341, 41.8997635]]]}}, {"type": "Feature", "properties": {}, "geometry": {"type": "Polygon", "coordinates": [[[12.4884436, 41.9036222], [12.4884324, 41.903627], [12.488424, 41.9036343], [12.4884196, 41.9036433], [12.4884195, 41.9036529], [12.4884231, 41.9036609], [12.4884297, 41.9036677], [12.4884346, 41.9036705], [12.4884253, 41.9036801], [12.4884748, 41.9037064], [12.4884845, 41.9036962], [12.4884945, 41.9036999], [12.4885058, 41.9037001], [12.4885168, 41.9036977], [12.4885263, 41.903693], [12.4885333, 41.9036863], [12.4885377, 41.9036773], [12.4885377, 41.9036677], [12.4885332, 41.9036587], [12.4885263, 41.9036528], [12.4885349, 41.9036438], [12.4884856, 41.9036175], [12.4884773, 41.903626], [12.488469, 41.9036223], [12.4884563, 41.9036206], [12.4884436, 41.9036222]]]}}, {"type": "Feature", "properties": {}, "geometry": {"type": "Polygon", "coordinates": [[[12.4624868, 41.9011591], [12.4624883, 41.9011641], [12.4624924, 41.9011675], [12.4624943, 41.9011713], [12.4624947, 41.9011742], [12.4624914, 41.9011784], [12.4624875, 41.9011813], [12.4624851, 41.9011831], [12.4624819, 41.9011848], [12.4624802, 41.9011878], [12.4624785, 41.9011892], [12.4624747, 41.9011905], [12.4624719, 41.9011903], [12.4624684, 41.9011889], [12.462467, 41.9011861], [12.4624644, 41.901182], [12.462461, 41.9011791], [12.4624583, 41.9011765], [12.462456, 41.9011735], [12.4624555, 41.9011711], [12.4624565, 41.9011678], [12.462459, 41.9011656], [12.4624634, 41.9011636], [12.4624659, 41.9011623], [12.4624701, 41.9011576], [12.462474, 41.9011542], [12.4624794, 41.9011535], [12.4624831, 41.9011549], [12.4624847, 41.9011566], [12.4624868, 41.9011591]]]}}, {"type": "Feature", "properties": {}, "geometry": {"type": "Polygon", "coordinates": [[[12.4620993, 41.9011166], [12.4621049, 41.9011211], [12.4621083, 41.9011267], [12.462109, 41.9011328], [12.4621069, 41.9011388], [12.4621024, 41.9011439], [12.4620958, 41.9011476], [12.4620879, 41.9011495], [12.4620797, 41.9011494], [12.4620719, 41.9011473], [12.4620655, 41.9011434], [12.4620616, 41.9011388], [12.4620596, 41.9011336], [12.4620598, 41.9011282], [12.462062, 41.9011231], [12.4620661, 41.9011186], [12.4620718, 41.9011153], [12.4620786, 41.9011133], [12.4620858, 41.9011128], [12.4620929, 41.901114], [12.4620993, 41.9011166]]]}}, {"type": "Feature", "properties": {}, "geometry": {"type": "Polygon", "coordinates": [[[12.4525789, 41.9011993], [12.4525853, 41.901196], [12.4525935, 41.9011943], [12.4525938, 41.901179], [12.4526347, 41.9011794], [12.4526348, 41.9011764], [12.4526372, 41.9011704], [12.4526422, 41.9011653], [12.4526492, 41.9011617], [12.4526566, 41.9011602], [12.4526643, 41.9011604], [12.4526716, 41.9011624], [12.4526776, 41.9011659], [12.4526819, 41.9011707], [12.4526841, 41.9011762], [12.4526839, 41.9011798], [12.4527249, 41.9011807], [12.4527245, 41.9011953], [12.4527326, 41.9011971], [12.4527393, 41.901201], [12.4527439, 41.9012063], [12.4527458, 41.9012125], [12.4527448, 41.9012188], [12.452741, 41.9012244], [12.4527349, 41.9012288], [12.4527271, 41.9012314], [12.4527234, 41.9012314], [12.4527228, 41.901251], [12.4526808, 41.9012504], [12.4526782, 41.9012543], [12.4526729, 41.9012592], [12.4526657, 41.9012626], [12.4526574, 41.9012639], [12.452649, 41.901263], [12.4526414, 41.9012601], [12.4526356, 41.9012555], [12.4526323, 41.9012498], [12.4525929, 41.9012496], [12.4525931, 41.901231], [12.4525855, 41.9012293], [12.4525786, 41.9012257], [12.4525737, 41.9012205], [12.4525715, 41.901215], [12.4525717, 41.9012093], [12.4525743, 41.9012039], [12.4525789, 41.9011993]]]}}, {"type": "Feature", "properties": {}, "geometry": {"type": "Polygon", "coordinates": [[[12.4484067, 41.9088975], [12.4484285, 41.9089148], [12.4484555, 41.9089275], [12.4484859, 41.9089347], [12.4485177, 41.908936], [12.448549, 41.9089312], [12.4485776, 41.9089207], [12.4486018, 41.9089052], [12.4486199, 41.9088857], [12.4486309, 41.9088634], [12.4486339, 41.9088398], [12.4486288, 41.9088163], [12.4486159, 41.9087946], [12.4485949, 41.9087751], [12.4485676, 41.9087604], [12.4485361, 41.9087517], [12.4485219, 41.9087508], [12.4485026, 41.9087495], [12.4484696, 41.908754], [12.4484667, 41.908755], [12.4484393, 41.9087649], [12.4484366, 41.9087666], [12.4484139, 41.9087814], [12.4483954, 41.9088022], [12.448385, 41.908826], [12.4483837, 41.908847], [12.4483834, 41.908851], [12.4483908, 41.9088754], [12.4484067, 41.9088975]]]}}, {"type": "Feature", "properties": {}, "geometry": {"type": "Polygon", "coordinates": [[[12.454638, 41.9040845], [12.4546444, 41.9040812], [12.4546514, 41.9040792], [12.4546521, 41.9040524], [12.4546917, 41.9040529], [12.4546926, 41.9040498], [12.4546952, 41.9040468], [12.4547002, 41.9040417], [12.4547072, 41.9040381], [12.4547146, 41.9040366], [12.4547223, 41.9040368], [12.4547296, 41.9040388], [12.4547356, 41.9040423], [12.4547399, 41.9040471], [12.4547419, 41.9040496], [12.4547431, 41.9040537], [12.4547825, 41.9040542], [12.4547818, 41.9040803], [12.4547875, 41.9040819], [12.4547942, 41.9040858], [12.4547988, 41.9040911], [12.4548007, 41.9040973], [12.4547997, 41.9041036], [12.4547959, 41.9041092], [12.4547898, 41.9041136], [12.4547841, 41.9041165], [12.4547809, 41.9041168], [12.4547802, 41.9041467], [12.4547377, 41.9041461], [12.4547348, 41.9041497], [12.4547295, 41.9041546], [12.4547223, 41.904158], [12.454714, 41.9041593], [12.4547056, 41.9041584], [12.454698, 41.9041555], [12.4546922, 41.9041509], [12.4546891, 41.9041454], [12.4546498, 41.9041448], [12.4546505, 41.9041162], [12.4546446, 41.9041145], [12.4546377, 41.9041109], [12.4546328, 41.9041057], [12.4546306, 41.9041002], [12.4546308, 41.9040945], [12.4546334, 41.9040891], [12.454638, 41.9040845]]]}}, {"type": "Feature", "properties": {}, "geometry": {"type": "Polygon", "coordinates": [[[12.4782584, 41.9133224], [12.4782704, 41.9133202], [12.4782828, 41.9133209], [12.4782942, 41.9133246], [12.4783033, 41.9133309], [12.4783092, 41.913339], [12.4783113, 41.9133482], [12.4783092, 41.9133573], [12.4783033, 41.9133654], [12.4782941, 41.9133717], [12.4782827, 41.9133754], [12.4782703, 41.9133761], [12.4782583, 41.9133738], [12.478248, 41.9133688], [12.4782403, 41.9133615], [12.4782363, 41.9133528], [12.4782363, 41.9133435], [12.4782403, 41.9133348], [12.478248, 41.9133275], [12.4782584, 41.9133224]]]}}, {"type": "Feature", "properties": {}, "geometry": {"type": "Polygon", "coordinates": [[[12.4804342, 41.9139362], [12.4804074, 41.9139162], [12.4803953, 41.9138913], [12.4803953, 41.9138633], [12.4804154, 41.9138374], [12.4804315, 41.9138284], [12.4804469, 41.9138258], [12.4804587, 41.9138283], [12.4804721, 41.9138337], [12.4804937, 41.9138371], [12.4805182, 41.9138336], [12.4805297, 41.9138339], [12.480551, 41.9138417], [12.480573, 41.9138456], [12.4805873, 41.9138472], [12.480615, 41.9138506], [12.4806314, 41.9138583], [12.4806447, 41.9138723], [12.4806488, 41.9138973], [12.4806434, 41.9139222], [12.4806221, 41.9139424], [12.4805953, 41.9139491], [12.4805562, 41.9139512], [12.4805136, 41.913951], [12.4804664, 41.9139472], [12.4804342, 41.9139362]]]}}, {"type": "Feature", "properties": {}, "geometry": {"type": "Polygon", "coordinates": [[[12.4822894, 41.8722704], [12.4822884, 41.8722662], [12.4822892, 41.872262], [12.4822916, 41.8722583], [12.4822955, 41.8722552], [12.4823004, 41.8722532], [12.4823059, 41.8722524], [12.4823114, 41.8722529], [12.4823165, 41.8722546], [12.4823207, 41.8722574], [12.4823235, 41.872261], [12.4823248, 41.8722652], [12.4823242, 41.8722695], [12.4823218, 41.8722734], [12.4823179, 41.8722766], [12.4823129, 41.8722787], [12.4823072, 41.8722795], [12.4823015, 41.872279], [12.4822963, 41.8722772], [12.4822921, 41.8722742], [12.4822894, 41.8722704]]]}}, {"type": "Feature", "properties": {}, "geometry": {"type": "Polygon", "coordinates": [[[12.4502091, 41.9012812], [12.4501923, 41.9012926], [12.4501795, 41.9012984], [12.4501647, 41.9013011], [12.4501638, 41.9013012], [12.4501509, 41.901302], [12.4501372, 41.9013], [12.4501294, 41.9012972], [12.4501293, 41.9012923], [12.4501239, 41.9012872], [12.4501152, 41.9012827], [12.4501087, 41.9012812], [12.4501071, 41.9012772], [12.4501105, 41.9012731], [12.4501144, 41.9012697], [12.4501154, 41.9012658], [12.4501087, 41.9012627], [12.4501085, 41.9012568], [12.4501134, 41.9012498], [12.4501222, 41.9012468], [12.4501253, 41.9012392], [12.4501299, 41.9012364], [12.4501351, 41.9012346], [12.4501442, 41.9012331], [12.4501521, 41.9012274], [12.4501565, 41.9012245], [12.450165, 41.9012226], [12.4501792, 41.9012219], [12.4501925, 41.9012233], [12.4501986, 41.901226], [12.450202, 41.9012323], [12.4502024, 41.9012376], [12.4502071, 41.9012407], [12.4502198, 41.9012434], [12.4502207, 41.9012499], [12.4502191, 41.9012603], [12.4502168, 41.9012663], [12.4502091, 41.9012812]]]}}, {"type": "Feature", "properties": {}, "geometry": {"type": "Polygon", "coordinates": [[[12.4497996, 41.9033038], [12.4498022, 41.9033083], [12.4498106, 41.9033138], [12.449812, 41.9033226], [12.4498231, 41.9033323], [12.4498377, 41.903338], [12.4498475, 41.903338], [12.4498535, 41.9033405], [12.4498602, 41.9033414], [12.449867, 41.9033406], [12.4498731, 41.9033382], [12.4498777, 41.9033344], [12.4498805, 41.9033297], [12.449881, 41.9033246], [12.4498792, 41.9033197], [12.4498746, 41.9033148], [12.4498721, 41.9033061], [12.4498613, 41.9032965], [12.4498464, 41.9032908], [12.4498358, 41.9032907], [12.449829, 41.9032864], [12.4498225, 41.9032849], [12.4498158, 41.903285], [12.4498095, 41.9032867], [12.4498043, 41.9032898], [12.4498007, 41.903294], [12.4497991, 41.9032988], [12.4497996, 41.9033038]]]}}, {"type": "Feature", "properties": {}, "geometry": {"type": "Polygon", "coordinates": [[[12.4474429, 41.9022401], [12.4474481, 41.9022426], [12.447452, 41.9022461], [12.4474543, 41.9022503], [12.4474546, 41.9022549], [12.4474531, 41.9022593], [12.4474498, 41.9022631], [12.4474451, 41.902266], [12.4474394, 41.9022677], [12.4474326, 41.9022679], [12.4474261, 41.9022664], [12.4474207, 41.9022634], [12.4474171, 41.9022591], [12.4474156, 41.9022542], [12.4474165, 41.9022492], [12.4474196, 41.9022447], [12.4474246, 41.9022412], [12.4474308, 41.9022393], [12.447437, 41.902239], [12.4474429, 41.9022401]]]}}, {"type": "Feature", "properties": {}, "geometry": {"type": "Polygon", "coordinates": [[[12.451514, 41.9037881], [12.4515176, 41.9037888], [12.4515207, 41.9037904], [12.451523, 41.9037926], [12.4515241, 41.9037953], [12.4515241, 41.9037981], [12.4515229, 41.9038007], [12.4515206, 41.9038029], [12.4515175, 41.9038045], [12.4515139, 41.9038052], [12.45151, 41.903805], [12.4515064, 41.9038038], [12.4515036, 41.9038019], [12.4515018, 41.9037993], [12.4515012, 41.9037965], [12.4515019, 41.9037936], [12.4515038, 41.9037911], [12.4515067, 41.9037893], [12.4515102, 41.9037882], [12.451514, 41.9037881]]]}}, {"type": "Feature", "properties": {}, "geometry": {"type": "Polygon", "coordinates": [[[12.4482489, 41.9031854], [12.4482474, 41.9031843], [12.4482479, 41.9031647], [12.4482498, 41.9031629], [12.4482785, 41.9031632], [12.4482804, 41.9031651], [12.4482799, 41.9031846], [12.4482781, 41.9031858], [12.4482489, 41.9031854]]]}}, {"type": "Feature", "properties": {}, "geometry": {"type": "Polygon", "coordinates": [[[12.4502023, 41.9027624], [12.450205, 41.9027644], [12.4502067, 41.902767], [12.4502072, 41.9027698], [12.4502064, 41.9027726], [12.4502043, 41.902775], [12.4502014, 41.9027768], [12.4501978, 41.9027778], [12.4501939, 41.9027778], [12.4501905, 41.9027769], [12.4501809, 41.9027798], [12.4501485, 41.9027649], [12.4501479, 41.9027573], [12.450145, 41.9027557], [12.4501429, 41.9027535], [12.4501418, 41.9027508], [12.4501419, 41.9027481], [12.4501433, 41.9027456], [12.4501455, 41.9027435], [12.4501487, 41.902742], [12.4501524, 41.9027413], [12.4501562, 41.9027416], [12.4501593, 41.9027432], [12.4501686, 41.9027407], [12.450201, 41.9027556], [12.4502023, 41.9027624]]]}}, {"type": "Feature", "properties": {}, "geometry": {"type": "Polygon", "coordinates": [[[12.5027865, 41.9099418], [12.5027986, 41.9099436], [12.5028092, 41.9099483], [12.5028171, 41.9099554], [12.5028214, 41.909964], [12.5028215, 41.9099732], [12.5028185, 41.9099809], [12.5028108, 41.9099881], [12.5028015, 41.9099922], [12.5027902, 41.9099942], [12.5027786, 41.9099935], [12.5027679, 41.9099901], [12.5027592, 41.9099843], [12.5027533, 41.9099768], [12.502751, 41.9099683], [12.5027524, 41.9099597], [12.5027562, 41.9099527], [12.5027642, 41.9099464], [12.5027742, 41.9099431], [12.5027865, 41.9099418]]]}}, {"type": "Feature", "properties": {}, "geometry": {"type": "Polygon", "coordinates": [[[12.4548176, 41.9064396], [12.454826, 41.9064441], [12.454832, 41.9064504], [12.4548351, 41.9064578], [12.4548349, 41.9064656], [12.4548314, 41.9064729], [12.4548251, 41.906479], [12.4548164, 41.9064833], [12.4548064, 41.9064854], [12.4547953, 41.9064849], [12.454785, 41.9064817], [12.4547768, 41.906476], [12.4547716, 41.9064687], [12.45477, 41.9064604], [12.4547723, 41.9064523], [12.4547781, 41.9064452], [12.4547868, 41.90644], [12.4547973, 41.9064372], [12.4548077, 41.9064372], [12.4548176, 41.9064396]]]}}, {"type": "Feature", "properties": {}, "geometry": {"type": "Polygon", "coordinates": [[[12.4500134, 41.8856396], [12.4500191, 41.8856405], [12.450024, 41.8856425], [12.4500277, 41.8856457], [12.4500298, 41.8856496], [12.4500301, 41.8856538], [12.4500285, 41.8856578], [12.4500251, 41.8856612], [12.4500205, 41.8856636], [12.450015, 41.885665], [12.4500134, 41.8856396]]]}}, {"type": "Feature", "properties": {}, "geometry": {"type": "Polygon", "coordinates": [[[12.4503997, 41.8864776], [12.4503968, 41.8864997], [12.4504039, 41.8865214], [12.4504201, 41.8865401], [12.4504435, 41.8865539], [12.4504718, 41.8865612], [12.4505017, 41.8865612], [12.45053, 41.886554], [12.4505535, 41.8865403], [12.4505698, 41.8865216], [12.4505769, 41.8865002], [12.4505744, 41.8864783], [12.4505625, 41.8864582], [12.4505425, 41.886442], [12.4505165, 41.8864314], [12.4504874, 41.8864277], [12.4504582, 41.8864312], [12.4504321, 41.8864415], [12.4504119, 41.8864575], [12.4503997, 41.8864776]]]}}, {"type": "Feature", "properties": {}, "geometry": {"type": "Polygon", "coordinates": [[[12.4497718, 41.8870397], [12.4497494, 41.8870153], [12.4497497, 41.8869809], [12.4497746, 41.8869544], [12.4499464, 41.8869372], [12.4499468, 41.8869417], [12.4499457, 41.8869473], [12.4499436, 41.8869538], [12.4499378, 41.8869588], [12.4498177, 41.8869689], [12.4498141, 41.8869716], [12.4498148, 41.8870221], [12.4498233, 41.8870271], [12.4499464, 41.8870425], [12.4499499, 41.8870453], [12.4499526, 41.88705], [12.449951, 41.8870559], [12.4499477, 41.8870637], [12.4497718, 41.8870397]]]}}, {"type": "Feature", "properties": {}, "geometry": {"type": "Polygon", "coordinates": [[[12.4283509, 41.9345885], [12.4283488, 41.9346112], [12.4283276, 41.934651], [12.4283322, 41.9346822], [12.428344, 41.9347053], [12.4283473, 41.9347209], [12.4283462, 41.9347424], [12.4283294, 41.9347628], [12.428303, 41.9347779], [12.4282715, 41.9347859], [12.4282363, 41.934786], [12.428203, 41.9347773], [12.4281755, 41.9347609], [12.4281569, 41.9347385], [12.4281396, 41.9347023], [12.4281121, 41.9346785], [12.428101, 41.9346513], [12.4281011, 41.9346312], [12.4281085, 41.934612], [12.428134, 41.9345939], [12.4281661, 41.9345831], [12.4282323, 41.9345728], [12.4282801, 41.9345559], [12.4283278, 41.9345624], [12.4283509, 41.9345885]]]}}, {"type": "Feature", "properties": {}, "geometry": {"type": "LineString", "coordinates": [[12.5533658, 41.8012309], [12.5536367, 41.801051], [12.5538245, 41.800983], [12.5541705, 41.800975], [12.5543046, 41.800953], [12.5545272, 41.8007871], [12.5547177, 41.8007471], [12.5548008, 41.8006811], [12.5549644, 41.8005531], [12.5558227, 41.8002532], [12.5560749, 41.8000932], [12.5561741, 41.7999973], [12.5563833, 41.7997073], [12.5566113, 41.7993874], [12.5569519, 41.7991594], [12.557306, 41.7990175], [12.557534, 41.7989655], [12.5576654, 41.7989175], [12.5578451, 41.7988875], [12.5582662, 41.7988375], [12.5592908, 41.7986736], [12.559559, 41.7986616], [12.5599372, 41.7985956], [12.560809, 41.7983856], [12.5611362, 41.7983496], [12.5618926, 41.7983336]]}}, {"type": "Feature", "properties": {}, "geometry": {"type": "LineString", "coordinates": [[12.5663879, 41.8027505], [12.5660098, 41.8024226], [12.5652457, 41.8016352]]}}, {"type": "Feature", "properties": {}, "geometry": {"type": "Polygon", "coordinates": [[[12.5645936, 41.8053877], [12.5645399, 41.8053298], [12.5645372, 41.8052698], [12.5645694, 41.8052158], [12.5646552, 41.8051458], [12.5648484, 41.8051258], [12.5650388, 41.8054497], [12.5650361, 41.8054837], [12.5650066, 41.8055277], [12.5649583, 41.8055357], [12.564894, 41.8055337], [12.5648269, 41.8055117], [12.5647518, 41.8054877], [12.5645936, 41.8053877]]]}}, {"type": "Feature", "properties": {}, "geometry": {"type": "LineString", "coordinates": [[12.5740054, 41.8106708], [12.5739451, 41.8107298], [12.5738753, 41.8107748], [12.5738056, 41.8108058], [12.5736956, 41.8108337], [12.5735924, 41.8108447], [12.5716719, 41.8109997], [12.5715753, 41.8109917], [12.5714681, 41.8109677], [12.5713688, 41.8109437], [12.5690809, 41.8096282], [12.5689441, 41.8095882], [12.5688449, 41.8095862], [12.568751, 41.8095942], [12.5686464, 41.8096282], [12.5682843, 41.8099621], [12.5680643, 41.810086], [12.5677451, 41.8103919], [12.5676674, 41.8105279], [12.5676674, 41.8106038], [12.5676754, 41.8106658], [12.5677076, 41.8107198], [12.5677773, 41.8107698]]}}, {"type": "Feature", "properties": {}, "geometry": {"type": "LineString", "coordinates": [[12.43512, 41.873647], [12.43512, 41.8735711], [12.4351254, 41.8734472], [12.4351254, 41.8733394], [12.4351254, 41.8732355], [12.4351415, 41.8731836], [12.4351522, 41.8730518], [12.4351844, 41.8729719], [12.4352327, 41.87288], [12.4352595, 41.8728001], [12.4352327, 41.8727322], [12.4352005, 41.8726124], [12.4351576, 41.8725285], [12.4351576, 41.8724766], [12.4351522, 41.8724007], [12.4351951, 41.8722968], [12.4351844, 41.872193], [12.435179, 41.8720971], [12.4351522, 41.8720092], [12.4351308, 41.8719533], [12.43512, 41.8719173], [12.4351147, 41.8718375], [12.4350932, 41.8717576], [12.435061, 41.8717056], [12.4350288, 41.8716537], [12.4350074, 41.8715379], [12.4350449, 41.871438], [12.4350503, 41.8713781], [12.4350181, 41.8712902], [12.4350449, 41.8712223], [12.4350557, 41.8711304], [12.4350718, 41.8709387], [12.4350986, 41.8707909], [12.4351522, 41.870707], [12.4352005, 41.8705552], [12.4352112, 41.8704753], [12.4352541, 41.8703355], [12.4353132, 41.8701837], [12.43534, 41.8700958], [12.4352756, 41.869944], [12.4352863, 41.8698681], [12.4353185, 41.8698282], [12.4353453, 41.8697722], [12.4353561, 41.8697123], [12.4353668, 41.8696244], [12.4353614, 41.8695366], [12.4353614, 41.8694327], [12.4353239, 41.8693648], [12.4352971, 41.8693049], [12.4352623, 41.8692501], [12.4353024, 41.869181], [12.4353829, 41.8691131], [12.4353722, 41.8690132], [12.4354097, 41.8689613], [12.4353668, 41.8688495], [12.4353507, 41.8688175], [12.4353185, 41.8686737], [12.4352541, 41.8685499], [12.435222, 41.868462], [12.4352166, 41.8683741], [12.4351898, 41.8683022], [12.4351147, 41.8682303], [12.4350342, 41.8681903], [12.4349108, 41.8679866], [12.4348304, 41.8678787], [12.434766, 41.8678188], [12.4346372, 41.867663], [12.4345675, 41.8676271], [12.434417, 41.8674938], [12.4343422, 41.8674713], [12.4342832, 41.8674273], [12.4341813, 41.8673834], [12.4340954, 41.8672995], [12.4340847, 41.8672436], [12.4340793, 41.8671437], [12.4340203, 41.8669559], [12.4340311, 41.8667642], [12.4340954, 41.8665844], [12.4340954, 41.8665165], [12.4340632, 41.8664406], [12.434015, 41.8663367], [12.4339935, 41.8661849], [12.434015, 41.866121], [12.4339989, 41.8660011], [12.4340203, 41.8659372], [12.434015, 41.8658773]]}}, {"type": "Feature", "properties": {}, "geometry": {"type": "Polygon", "coordinates": [[[12.4584925, 41.9356166], [12.4585322, 41.9356411], [12.458527, 41.9356458], [12.4586027, 41.9356925], [12.4587059, 41.9355999], [12.4586167, 41.9355449], [12.4585992, 41.9355606], [12.4585729, 41.9355445], [12.4584925, 41.9356166]]]}}, {"type": "Feature", "properties": {}, "geometry": {"type": "LineString", "coordinates": [[12.4763603, 41.8365873], [12.4763653, 41.8366845], [12.47635, 41.8367291], [12.476311, 41.8367914], [12.4762869, 41.8368456], [12.4762938, 41.8369126], [12.4763297, 41.8369578], [12.4763516, 41.8369703]]}}, {"type": "Feature", "properties": {}, "geometry": {"type": "LineString", "coordinates": [[12.3618389, 41.8285085], [12.3626168, 41.8276571], [12.3643817, 41.8255345], [12.3645909, 41.8253346], [12.3646767, 41.8252926]]}}, {"type": "Feature", "properties": {}, "geometry": {"type": "Polygon", "coordinates": [[[12.5156392, 41.8284771], [12.5156097, 41.8284451], [12.5156043, 41.8283992], [12.5156325, 41.8283512], [12.5156674, 41.8283342], [12.5157143, 41.8283332], [12.5157505, 41.8283562], [12.5157559, 41.8283972], [12.5157505, 41.8284202], [12.5157224, 41.8284671], [12.5156915, 41.8284801], [12.515662, 41.8284831], [12.5156392, 41.8284771]]]}}, {"type": "Feature", "properties": {}, "geometry": {"type": "Polygon", "coordinates": [[[12.3932755, 41.8342939], [12.3935276, 41.8344498], [12.3939085, 41.8344418], [12.3941123, 41.8342339], [12.3942625, 41.834162], [12.3943162, 41.8340301], [12.3941874, 41.8339781], [12.3941821, 41.8339262], [12.3942679, 41.8338342], [12.3942357, 41.8336544], [12.3942357, 41.8335185], [12.3941177, 41.8335305], [12.3939782, 41.8334825], [12.3938334, 41.8333826], [12.3936939, 41.8333786], [12.3934793, 41.8336104], [12.3935223, 41.8338822], [12.3934203, 41.8340181], [12.3932379, 41.834198], [12.3932755, 41.8342939]]]}}, {"type": "Feature", "properties": {}, "geometry": {"type": "LineString", "coordinates": [[12.4100822, 41.8559774], [12.4095994, 41.8555818], [12.4090522, 41.8552103], [12.4083388, 41.8547588], [12.4081349, 41.8545829], [12.4078828, 41.8542753], [12.4076092, 41.8537798], [12.4069709, 41.8523573], [12.4066383, 41.8515502], [12.4063325, 41.8511306], [12.4047714, 41.8499438], [12.4035108, 41.8490048], [12.4016045, 41.8476295]]}}, {"type": "Feature", "properties": {}, "geometry": {"type": "Polygon", "coordinates": [[[12.3698276, 41.859857], [12.3699295, 41.8598729], [12.3699993, 41.859821], [12.3700368, 41.8597331], [12.3701549, 41.8596332], [12.3701012, 41.8595573], [12.370187, 41.8595174], [12.3702192, 41.8593935], [12.3699886, 41.8594215], [12.3696774, 41.8593775], [12.3696399, 41.8594135], [12.3698437, 41.8595453], [12.3698705, 41.8596892], [12.369892, 41.859793], [12.3698276, 41.859857]]]}}, {"type": "Feature", "properties": {}, "geometry": {"type": "LineString", "coordinates": [[12.396875, 41.857268], [12.3963949, 41.8569323], [12.3960462, 41.8566906], [12.3954966, 41.8564]]}}, {"type": "Feature", "properties": {}, "geometry": {"type": "Polygon", "coordinates": [[[12.3779064, 41.8245647], [12.3776543, 41.8243568], [12.3776543, 41.8242569], [12.3778903, 41.8241809], [12.3780781, 41.8242249], [12.3780781, 41.8243288], [12.3780298, 41.8245527], [12.3779064, 41.8245647]]]}}, {"type": "Feature", "properties": {}, "geometry": {"type": "LineString", "coordinates": [[12.4072498, 41.8422632], [12.4054624, 41.8416161]]}}, {"type": "Feature", "properties": {}, "geometry": {"type": "Polygon", "coordinates": [[[12.3718232, 41.841416], [12.3719251, 41.8413161], [12.3722738, 41.8412401], [12.3724776, 41.8411042], [12.3725045, 41.8408205], [12.3723704, 41.8407166], [12.3722148, 41.8407326], [12.3713511, 41.8410123], [12.3712707, 41.8411322], [12.3713565, 41.8412521], [12.3718232, 41.841416]]]}}, {"type": "Feature", "properties": {}, "geometry": {"type": "LineString", "coordinates": [[12.363739, 41.9062017], [12.3634762, 41.9058584], [12.3631489, 41.9053673], [12.3629451, 41.9051637], [12.3627359, 41.905008], [12.3623389, 41.9045688], [12.3620546, 41.9042733], [12.3616898, 41.9037783], [12.3610675, 41.9030396], [12.3605794, 41.9025685], [12.3601234, 41.9019057], [12.3597908, 41.9013228], [12.3594743, 41.9005841], [12.3591578, 41.8996299], [12.3589861, 41.8992985], [12.3589352, 41.8991986], [12.3587823, 41.8986776], [12.3586965, 41.8985498], [12.358506, 41.8983322], [12.3584604, 41.8982164], [12.358447, 41.8978171], [12.358388, 41.8977153], [12.3581466, 41.8975376], [12.3580205, 41.8974298], [12.3578355, 41.897326], [12.357401, 41.8969386], [12.3573419, 41.8968668], [12.3573232, 41.8967869], [12.3573393, 41.8966112], [12.3573393, 41.8964315], [12.3572776, 41.8963636], [12.3569691, 41.8961979], [12.3563388, 41.8958046], [12.3561698, 41.8956928], [12.3560089, 41.8956369], [12.3553088, 41.8954932], [12.3550004, 41.8953794], [12.3544264, 41.8951298], [12.3543164, 41.8951038], [12.3542145, 41.8951058], [12.3538765, 41.8951757], [12.3536941, 41.8952196], [12.3534715, 41.8952536], [12.3530799, 41.8952396], [12.3529512, 41.8952176], [12.3527554, 41.8951617], [12.3514947, 41.8946526], [12.351433, 41.8946127], [12.3514062, 41.8945708], [12.3513928, 41.8945208], [12.3513901, 41.8943971], [12.351366, 41.8943192], [12.3512962, 41.8942633], [12.3508993, 41.8939997], [12.3503655, 41.8936803], [12.3502743, 41.8936104], [12.350218, 41.8935385], [12.3501804, 41.8934067], [12.3501456, 41.8930713], [12.3501509, 41.8930114], [12.3501939, 41.8929315], [12.3504084, 41.892684], [12.3504513, 41.8925961], [12.3504406, 41.8925402], [12.3501644, 41.8921229], [12.3501295, 41.892041], [12.3501375, 41.8919592], [12.3501697, 41.891468], [12.3501483, 41.8913462], [12.3501161, 41.8912863], [12.3499069, 41.8910567], [12.3498452, 41.8909828], [12.3497942, 41.890857], [12.3497406, 41.8906813], [12.3496842, 41.8902999], [12.3496413, 41.890252], [12.3495716, 41.8901702], [12.3490566, 41.8898447], [12.3489815, 41.8897968], [12.348842, 41.889675], [12.3486489, 41.8895312], [12.3485309, 41.8894613], [12.34815, 41.8893236], [12.3478898, 41.8891958], [12.3476055, 41.8890121], [12.3473614, 41.8888443], [12.3471656, 41.8886826], [12.3465648, 41.8880856], [12.3465273, 41.8879957], [12.3465273, 41.8879498], [12.3465434, 41.8878879], [12.346597, 41.8876882], [12.3466158, 41.8874166], [12.3466051, 41.8873148], [12.3465273, 41.8870432], [12.3464656, 41.8869534], [12.3464146, 41.8869254], [12.3463288, 41.8868875], [12.3461437, 41.8868076], [12.3459855, 41.8866918], [12.3457426, 41.8864907], [12.3456936, 41.8864502], [12.3453686, 41.8861407], [12.3451701, 41.8859929], [12.3450199, 41.885925], [12.3446256, 41.8858851], [12.3445186, 41.8858786]]}}, {"type": "Feature", "properties": {}, "geometry": {"type": "LineString", "coordinates": [[12.3684972, 41.8887744], [12.3688942, 41.8886726], [12.3697069, 41.8884809], [12.3704419, 41.888411], [12.3708281, 41.8883971], [12.3714933, 41.888433], [12.3723328, 41.8885069]]}}, {"type": "Feature", "properties": {}, "geometry": {"type": "LineString", "coordinates": [[12.3842794, 41.966327], [12.3842686, 41.9660697], [12.3842834, 41.9658464], [12.3841909, 41.9654774], [12.3840755, 41.9651902], [12.3840433, 41.9650068], [12.3838502, 41.9647115], [12.3836316, 41.9645291], [12.3835337, 41.9644164], [12.3835176, 41.9643506], [12.3835444, 41.9642219], [12.3835874, 41.9639158]]}}, {"type": "Feature", "properties": {}, "geometry": {"type": "Polygon", "coordinates": [[[12.486375, 41.9186548], [12.486493, 41.9186688], [12.4865252, 41.9186369], [12.4865171, 41.9185989], [12.486493, 41.918581], [12.486442, 41.918581], [12.4863937, 41.9186089], [12.486375, 41.9186548]]]}}, {"type": "Feature", "properties": {}, "geometry": {"type": "Polygon", "coordinates": [[[12.4859002, 41.9186648], [12.4859217, 41.9186967], [12.4859485, 41.9187047], [12.4859673, 41.9187366], [12.4860182, 41.9187426], [12.4860746, 41.9187626], [12.4861282, 41.9187486], [12.4861658, 41.9187047], [12.4861819, 41.9186488], [12.4861631, 41.9186049], [12.4861282, 41.918563], [12.4860612, 41.918543], [12.4859995, 41.918559], [12.4859807, 41.918587], [12.4859539, 41.9186269], [12.4859244, 41.9186309], [12.4859002, 41.9186648]]]}}, {"type": "Feature", "properties": {}, "geometry": {"type": "LineString", "coordinates": [[12.39222, 41.8933249], [12.3911726, 41.8928197], [12.3906147, 41.8926261], [12.3900703, 41.8926101], [12.3885575, 41.8927978], [12.3882169, 41.8927798]]}}, {"type": "Feature", "properties": {}, "geometry": {"type": "LineString", "coordinates": [[12.5214341, 41.8034183], [12.5202915, 41.804576]]}}, {"type": "Feature", "properties": {}, "geometry": {"type": "Polygon", "coordinates": [[[12.5033368, 41.8950773], [12.5033693, 41.8950602], [12.5033202, 41.8950296], [12.5032568, 41.8949941], [12.5031811, 41.8949652], [12.5031097, 41.8949448], [12.5030527, 41.8949319], [12.5029842, 41.8949254], [12.5029265, 41.894927], [12.5028732, 41.8949485], [12.5029316, 41.8949464], [12.5029821, 41.8949469], [12.5030527, 41.894955], [12.5031068, 41.8949668], [12.5031688, 41.8949856], [12.5032359, 41.895014], [12.5032943, 41.8950457], [12.5033368, 41.8950773]]]}}, {"type": "Feature", "properties": {}, "geometry": {"type": "Polygon", "coordinates": [[[12.5034168, 41.8951542], [12.5034406, 41.8951424], [12.5034657, 41.8951765], [12.5034724, 41.8951863], [12.503463, 41.8951917], [12.5034976, 41.8952346], [12.5035121, 41.8952813], [12.5035193, 41.895342], [12.5035164, 41.895394], [12.5035138, 41.8954181], [12.5035099, 41.8954552], [12.5035012, 41.8954917], [12.503463, 41.8955143], [12.5034717, 41.8954944], [12.5034803, 41.8954547], [12.503486, 41.8954069], [12.5034875, 41.895394], [12.5034912, 41.8953436], [12.5034892, 41.8953269], [12.5034794, 41.8952877], [12.5034692, 41.8952418], [12.5034483, 41.8951986], [12.5034168, 41.8951542]]]}}, {"type": "Feature", "properties": {}, "geometry": {"type": "LineString", "coordinates": [[12.5039354, 41.967045], [12.5032979, 41.9664248], [12.5030415, 41.9661754]]}}, {"type": "Feature", "properties": {}, "geometry": {"type": "LineString", "coordinates": [[12.5040454, 41.9671656], [12.5039354, 41.967045]]}}, {"type": "Feature", "properties": {}, "geometry": {"type": "LineString", "coordinates": [[12.5026801, 41.9676991], [12.503458, 41.9674658], [12.5037611, 41.9673481], [12.5039971, 41.9672564], [12.5040507, 41.9672005], [12.5040454, 41.9671656]]}}, {"type": "Feature", "properties": {}, "geometry": {"type": "LineString", "coordinates": [[12.5452039, 41.8202412], [12.5451127, 41.8201673], [12.5449973, 41.8200393], [12.5442785, 41.8190539]]}}, {"type": "Feature", "properties": {}, "geometry": {"type": "LineString", "coordinates": [[12.5322238, 41.8269837], [12.530991, 41.8271058], [12.5305153, 41.8271091], [12.530031, 41.8272462], [12.5296967, 41.827465], [12.5294211, 41.8276917], [12.52908, 41.8281094], [12.5289152, 41.828403], [12.5287103, 41.8286975], [12.5285051, 41.8288671], [12.5279828, 41.8290747], [12.5276181, 41.8293342], [12.526966, 41.829588], [12.5268602, 41.8296273], [12.5267476, 41.8296393], [12.5265592, 41.8295854], [12.5258834, 41.8296109], [12.5257082, 41.8296438], [12.5255623, 41.8296411]]}}, {"type": "Feature", "properties": {}, "geometry": {"type": "LineString", "coordinates": [[12.5431359, 41.8243448], [12.5420925, 41.8249404], [12.541371, 41.8253122], [12.5410786, 41.8254221], [12.5409311, 41.8254981], [12.5407138, 41.8257119], [12.5404832, 41.8258658], [12.5394908, 41.8264235], [12.5392547, 41.8265074], [12.5391206, 41.8265334], [12.538847, 41.8266304], [12.5387102, 41.8266943], [12.5386284, 41.8267153], [12.5385547, 41.8267273], [12.5384688, 41.8267273], [12.5383119, 41.8267123], [12.5378063, 41.8266843], [12.537404, 41.8268112], [12.5368783, 41.8269372], [12.5365832, 41.8269591], [12.5362936, 41.8269292], [12.5361326, 41.8268852], [12.53591, 41.8268512], [12.5356552, 41.8268032], [12.5354969, 41.8267633], [12.5353709, 41.8267493], [12.5350839, 41.8268132], [12.5348237, 41.8268072], [12.5344858, 41.8267373], [12.5342685, 41.8267033], [12.534003, 41.8267373], [12.5331527, 41.8268752], [12.5322238, 41.8269837]]}}, {"type": "Feature", "properties": {}, "geometry": {"type": "LineString", "coordinates": [[12.465038, 41.7988815], [12.4651399, 41.7988975], [12.46562, 41.7988475], [12.4660127, 41.7988498]]}}, {"type": "Feature", "properties": {}, "geometry": {"type": "LineString", "coordinates": [[12.462227, 41.7983396], [12.4623048, 41.7983536], [12.4623397, 41.7983896], [12.4624175, 41.7984216], [12.4624523, 41.7984616], [12.4625382, 41.7985136], [12.4627367, 41.7986016], [12.4629647, 41.7987375], [12.4629995, 41.7987955], [12.4630317, 41.7989015], [12.4630961, 41.7989755], [12.4631578, 41.7990675], [12.4631417, 41.7991035]]}}, {"type": "Feature", "properties": {}, "geometry": {"type": "LineString", "coordinates": [[12.4623531, 41.7985996], [12.4623933, 41.7986536], [12.4625006, 41.7987075], [12.4625757, 41.7987055], [12.4626267, 41.7987435], [12.4628171, 41.7988335], [12.4629244, 41.7989255], [12.4630049, 41.7989815], [12.4631417, 41.7991035], [12.4632409, 41.7991834], [12.4634019, 41.7994154]]}}, {"type": "Feature", "properties": {}, "geometry": {"type": "LineString", "coordinates": [[12.4595395, 41.7988135], [12.4595878, 41.7988595], [12.4596575, 41.7988775], [12.4596897, 41.7989175], [12.4597594, 41.7989655], [12.4598519, 41.7990445]]}}, {"type": "Feature", "properties": {}, "geometry": {"type": "LineString", "coordinates": [[12.4594295, 41.7991534], [12.4596387, 41.7990975], [12.4597219, 41.7990975], [12.4598519, 41.7990445]]}}, {"type": "Feature", "properties": {}, "geometry": {"type": "LineString", "coordinates": [[12.4591371, 41.7988915], [12.4593249, 41.7989475], [12.4594, 41.7989955], [12.4595341, 41.7989975], [12.4598519, 41.7990445], [12.4598855, 41.7990495], [12.4601537, 41.7990895], [12.4602288, 41.7991355], [12.4604166, 41.7991654], [12.4606419, 41.7992894], [12.4608511, 41.7994534], [12.4609557, 41.7995953], [12.46102, 41.7997513]]}}, {"type": "Feature", "properties": {}, "geometry": {"type": "LineString", "coordinates": [[12.4620075, 41.8016469], [12.4620634, 41.8017228]]}}, {"type": "Feature", "properties": {}, "geometry": {"type": "LineString", "coordinates": [[12.4610361, 41.8007151], [12.4610764, 41.8007871], [12.4615216, 41.801171], [12.4619427, 41.8015589], [12.4620075, 41.8016469]]}}, {"type": "Feature", "properties": {}, "geometry": {"type": "LineString", "coordinates": [[12.4620956, 41.8005891], [12.4622324, 41.8007691], [12.4625167, 41.801015], [12.4626374, 41.801093]]}}, {"type": "Feature", "properties": {}, "geometry": {"type": "LineString", "coordinates": [[12.4609369, 41.8070892], [12.4589065, 41.8067513], [12.4577454, 41.8066135]]}}, {"type": "Feature", "properties": {}, "geometry": {"type": "LineString", "coordinates": [[12.4611582, 41.8060585], [12.4602543, 41.8058616], [12.4597621, 41.8057856], [12.4589065, 41.8067513]]}}, {"type": "Feature", "properties": {}, "geometry": {"type": "Polygon", "coordinates": [[[12.4004155, 41.8201313], [12.4003833, 41.8200353], [12.400319, 41.8199354], [12.4003136, 41.8198434], [12.4004209, 41.8197755], [12.4005067, 41.8198035], [12.4005711, 41.8198834], [12.4005604, 41.8200673], [12.4004155, 41.8201313]]]}}, {"type": "Feature", "properties": {}, "geometry": {"type": "Polygon", "coordinates": [[[12.4008393, 41.8209028], [12.4009627, 41.8209308], [12.4010485, 41.8209148], [12.4012685, 41.8209868], [12.4014562, 41.8209988], [12.4017191, 41.8208749], [12.4020088, 41.8203472], [12.4019444, 41.8202192], [12.4019444, 41.8200153], [12.4019444, 41.8196515], [12.4016762, 41.8196236], [12.4015582, 41.8197315], [12.4008393, 41.8207509], [12.4008393, 41.8209028]]]}}, {"type": "Feature", "properties": {}, "geometry": {"type": "Polygon", "coordinates": [[[12.4786931, 41.9013318], [12.4787074, 41.9013349], [12.4787165, 41.9013437], [12.478717, 41.9013548], [12.4787085, 41.901364], [12.4786945, 41.9013677], [12.4786802, 41.9013646], [12.478671, 41.9013558], [12.4786706, 41.9013447], [12.4786791, 41.9013355], [12.4786931, 41.9013318]]]}}, {"type": "Feature", "properties": {}, "geometry": {"type": "LineString", "coordinates": [[12.4524608, 41.8149447], [12.4523957, 41.815025], [12.4522743, 41.8151969], [12.4521798, 41.8155269], [12.4520428, 41.8160206], [12.4519341, 41.8162343], [12.4517785, 41.8164352], [12.4515896, 41.8166315], [12.4503755, 41.8175608], [12.4500679, 41.8179122]]}}, {"type": "Feature", "properties": {}, "geometry": {"type": "LineString", "coordinates": [[12.4477238, 41.9576441], [12.4479061, 41.9575996]]}}, {"type": "Feature", "properties": {}, "geometry": {"type": "LineString", "coordinates": [[12.4479061, 41.9575996], [12.4480621, 41.9575571], [12.4486984, 41.9574647], [12.4491747, 41.9574309], [12.4494766, 41.9573456], [12.4500169, 41.9570924], [12.4503123, 41.9569429], [12.4507313, 41.9567154], [12.4509254, 41.9565078], [12.4512564, 41.9562474], [12.4518231, 41.955854], [12.4521536, 41.9556014], [12.45279, 41.9551244], [12.4531529, 41.9549026], [12.4535456, 41.9545773], [12.4538737, 41.9543111], [12.454177, 41.9540707], [12.4546642, 41.9537417], [12.4551464, 41.9534163], [12.4554795, 41.9532426], [12.4559767, 41.9531834], [12.4562423, 41.9532377], [12.4563655, 41.953249]]}}, {"type": "Feature", "properties": {}, "geometry": {"type": "LineString", "coordinates": [[12.4068636, 41.8459518], [12.4052113, 41.8438657]]}}, {"type": "Feature", "properties": {}, "geometry": {"type": "LineString", "coordinates": [[12.3991356, 41.8085667], [12.39923, 41.8088085], [12.3993158, 41.8092244], [12.3993802, 41.8095283], [12.3995733, 41.8098321], [12.4002439, 41.8105838]]}}, {"type": "Feature", "properties": {}, "geometry": {"type": "Polygon", "coordinates": [[[12.5950318, 41.8798711], [12.5950474, 41.8798692], [12.5950631, 41.8798712], [12.595077, 41.879877], [12.5950876, 41.8798858], [12.5950935, 41.8798968], [12.5950943, 41.8799087], [12.5950897, 41.87992], [12.5950804, 41.8799296], [12.5950673, 41.8799363], [12.5950519, 41.8799394], [12.595037, 41.8799387], [12.5950231, 41.8799346], [12.5950116, 41.8799274], [12.5950037, 41.879918], [12.5950002, 41.8799071], [12.5950014, 41.879896], [12.5950072, 41.8798857], [12.5950178, 41.8798769], [12.5950318, 41.8798711]]]}}, {"type": "Feature", "properties": {}, "geometry": {"type": "LineString", "coordinates": [[12.4551799, 41.8094835], [12.4549384, 41.8097612], [12.4546439, 41.8102518], [12.454049, 41.8112862], [12.4537858, 41.8121144], [12.4532157, 41.8134201], [12.4526677, 41.8144644], [12.4524608, 41.8149447]]}}, {"type": "Feature", "properties": {}, "geometry": {"type": "LineString", "coordinates": [[12.4556037, 41.8090437], [12.4551799, 41.8094835]]}}, {"type": "Feature", "properties": {}, "geometry": {"type": "LineString", "coordinates": [[12.4567152, 41.8077687], [12.4556037, 41.8090437]]}}, {"type": "Feature", "properties": {}, "geometry": {"type": "LineString", "coordinates": [[12.4575736, 41.806829], [12.4573423, 41.8071222], [12.4569056, 41.8075724]]}}, {"type": "Feature", "properties": {}, "geometry": {"type": "LineString", "coordinates": [[12.4577308, 41.8066287], [12.4575736, 41.806829]]}}, {"type": "Feature", "properties": {}, "geometry": {"type": "LineString", "coordinates": [[12.5558268, 41.8506406], [12.5557862, 41.8506594], [12.5557296, 41.850683], [12.5556641, 41.8507066], [12.5556184, 41.8507206], [12.5555638, 41.8507346], [12.5554297, 41.8507666], [12.5553226, 41.8507911], [12.555292, 41.8507968], [12.5552535, 41.8508017], [12.5552254, 41.8508047], [12.5551893, 41.8508069], [12.5551527, 41.8508065], [12.5551176, 41.8508051], [12.5550823, 41.8508028], [12.5550485, 41.8507995], [12.5550188, 41.8507958], [12.5549924, 41.8507943], [12.5549591, 41.8507952], [12.5549292, 41.8507983], [12.5547394, 41.8508092], [12.5546651, 41.8508114], [12.5546004, 41.8508117], [12.5545268, 41.8508105], [12.5544712, 41.8508105], [12.5544238, 41.8508142], [12.5543813, 41.8508193], [12.5543451, 41.8508244], [12.5543066, 41.8508314], [12.554273, 41.8508326], [12.5542455, 41.8508324], [12.5542102, 41.8508223], [12.5541885, 41.8508127], [12.55416, 41.8508068], [12.5541301, 41.8508074], [12.5540852, 41.8508129], [12.5540329, 41.8508257], [12.5540005, 41.850837], [12.5539756, 41.8508495], [12.5539406, 41.8508713], [12.5539189, 41.8508796], [12.5538985, 41.8508836], [12.5538725, 41.850886], [12.5538401, 41.8508845], [12.5538147, 41.8508815], [12.5537803, 41.8508763], [12.5537529, 41.8508696], [12.5536639, 41.8508416]]}}, {"type": "Feature", "properties": {}, "geometry": {"type": "LineString", "coordinates": [[12.5559063, 41.8506037], [12.5558268, 41.8506406]]}}, {"type": "Feature", "properties": {}, "geometry": {"type": "LineString", "coordinates": [[12.5607549, 41.8024993], [12.560618, 41.8024658], [12.5603313, 41.8023532], [12.5601849, 41.8022836], [12.5600999, 41.8022804], [12.5600519, 41.8023031], [12.5600127, 41.8023746], [12.5598688, 41.8025111], [12.5597359, 41.8026037], [12.5596858, 41.8026183], [12.5595942, 41.8025988], [12.559531, 41.8025858], [12.5594526, 41.8025891], [12.5594111, 41.8026118], [12.5593654, 41.8026589], [12.5591786, 41.8027084], [12.5590122, 41.8027175], [12.5587934, 41.8027038], [12.5586331, 41.8027336], [12.5584327, 41.8028761], [12.5583927, 41.802968], [12.5583341, 41.8030369], [12.5582632, 41.8030829], [12.5581245, 41.803099], [12.5579488, 41.8031127], [12.5578502, 41.8031518], [12.5577392, 41.8031679], [12.5576036, 41.8031311], [12.5574495, 41.8031013], [12.5572778, 41.8031004], [12.5571453, 41.8031659], [12.5570539, 41.8030854], [12.5569592, 41.8031492], [12.5568497, 41.8031796]]}}, {"type": "Feature", "properties": {}, "geometry": {"type": "LineString", "coordinates": [[12.5610266, 41.8025646], [12.5607549, 41.8024993]]}}, {"type": "Feature", "properties": {}, "geometry": {"type": "Polygon", "coordinates": [[[12.5796798, 41.8337159], [12.5796626, 41.8337349], [12.5796542, 41.8337513], [12.5796532, 41.8337715], [12.5796532, 41.8337942], [12.5796647, 41.8338176], [12.5796751, 41.833834], [12.579695, 41.8338488], [12.5797285, 41.8338683], [12.5798971, 41.8339494], [12.579917, 41.8339549], [12.579938, 41.8339549], [12.57996, 41.8339494], [12.5799778, 41.8339424], [12.5799977, 41.8339284], [12.5799924, 41.8339198], [12.5799924, 41.8339104], [12.5799977, 41.8339034], [12.580006, 41.8338964], [12.5800186, 41.8338932], [12.5800333, 41.8338909], [12.5800416, 41.8338823], [12.5800448, 41.8338706], [12.5800448, 41.8338574], [12.5800448, 41.8338394], [12.5800395, 41.8338269], [12.5800291, 41.8338144], [12.5800102, 41.8338012], [12.5798249, 41.8337083], [12.5798092, 41.8337029], [12.5797893, 41.8336982], [12.5797621, 41.8336966], [12.5797285, 41.833699], [12.5797024, 41.8337044], [12.5796798, 41.8337159]]]}}, {"type": "Feature", "properties": {}, "geometry": {"type": "LineString", "coordinates": [[12.5386244, 41.9873936], [12.5354326, 41.9864386], [12.5352341, 41.9863549], [12.5350432, 41.986176]]}}, {"type": "Feature", "properties": {}, "geometry": {"type": "LineString", "coordinates": [[12.5387129, 41.9874414], [12.5386244, 41.9873936]]}}, {"type": "Feature", "properties": {}, "geometry": {"type": "LineString", "coordinates": [[12.5412637, 41.9894929], [12.5402874, 41.9882927], [12.5401908, 41.9882329], [12.5387129, 41.9874414]]}}, {"type": "Feature", "properties": {}, "geometry": {"type": "LineString", "coordinates": [[12.5420469, 41.9879099], [12.5415909, 41.9876547], [12.5410491, 41.98726], [12.5409204, 41.9872201], [12.5403875, 41.9873237]]}}, {"type": "Feature", "properties": {}, "geometry": {"type": "Polygon", "coordinates": [[[12.5056785, 41.9294624], [12.5057, 41.9294911], [12.5057306, 41.9295105], [12.5057533, 41.9295206], [12.505802, 41.9295231], [12.5058643, 41.929497], [12.5058813, 41.929459], [12.5058643, 41.929427], [12.5058428, 41.9293992], [12.5058111, 41.9293773], [12.5058031, 41.9293655], [12.5058077, 41.9293267], [12.5058145, 41.9292955], [12.5058133, 41.9292635], [12.505802, 41.9292365], [12.5057816, 41.9292163], [12.5057442, 41.9292036], [12.5057147, 41.9292045], [12.5056898, 41.9292087], [12.5056796, 41.9292146], [12.505649, 41.9292652], [12.5056354, 41.9292921], [12.5056422, 41.9293343], [12.5056422, 41.9293697], [12.5056536, 41.9293984], [12.5056581, 41.9294312], [12.5056785, 41.9294624]]]}}, {"type": "Feature", "properties": {}, "geometry": {"type": "Polygon", "coordinates": [[[12.4118589, 41.8501664], [12.4118669, 41.8501702], [12.411869, 41.8501771], [12.411864, 41.850183], [12.4118547, 41.8501846], [12.4118467, 41.8501809], [12.4118446, 41.850174], [12.4118496, 41.850168], [12.4118589, 41.8501664]]]}}, {"type": "Feature", "properties": {}, "geometry": {"type": "LineString", "coordinates": [[12.5536639, 41.8508416], [12.5533692, 41.8507336]]}}, {"type": "Feature", "properties": {}, "geometry": {"type": "LineString", "coordinates": [[12.5240687, 41.860501], [12.5244252, 41.8606275]]}}, {"type": "Feature", "properties": {}, "geometry": {"type": "LineString", "coordinates": [[12.5239578, 41.8604617], [12.5240687, 41.860501]]}}, {"type": "Feature", "properties": {}, "geometry": {"type": "Polygon", "coordinates": [[[12.4946778, 41.8837203], [12.4946664, 41.8837105], [12.4946624, 41.8836954], [12.4946682, 41.8836793], [12.4946786, 41.8836644], [12.4946956, 41.883655], [12.4947153, 41.8836551], [12.4947272, 41.8836663], [12.4947308, 41.8836819], [12.494725, 41.8836968], [12.4947123, 41.8837121], [12.4946953, 41.8837197], [12.4946778, 41.8837203]]]}}, {"type": "Feature", "properties": {}, "geometry": {"type": "Polygon", "coordinates": [[[12.4761882, 41.8375864], [12.4761644, 41.8376082], [12.4761358, 41.837622], [12.4760994, 41.8376351], [12.4760657, 41.8376406], [12.4760276, 41.8376387], [12.4759793, 41.8376304], [12.4759397, 41.837613], [12.4759121, 41.8375933], [12.4758901, 41.8375678], [12.4758776, 41.8375385], [12.4758724, 41.8375092], [12.4758758, 41.8374835], [12.4758928, 41.8374579], [12.4759032, 41.8374306], [12.4759002, 41.8374095], [12.47589, 41.8373975], [12.4758724, 41.8373845], [12.475852, 41.8373747], [12.4758349, 41.8373537], [12.4758242, 41.8373291], [12.4758231, 41.8373012], [12.475838, 41.8372733], [12.4758588, 41.8372573], [12.4758836, 41.837247], [12.4759111, 41.8372407], [12.4759437, 41.8372399], [12.4759647, 41.83724], [12.4759902, 41.837234], [12.47601, 41.8372239], [12.4760257, 41.8372093], [12.4760403, 41.8371947], [12.476059, 41.8371756], [12.4760784, 41.8371606], [12.476114, 41.8371431], [12.4761454, 41.8371321], [12.4761905, 41.8371241], [12.4762496, 41.8371224], [12.4762967, 41.8371312], [12.4763374, 41.8371451], [12.4763693, 41.837163], [12.4764046, 41.8371878], [12.4764252, 41.8372118], [12.4764386, 41.8372333], [12.4764474, 41.8372551], [12.4764491, 41.8372828], [12.4764501, 41.8373101], [12.4764501, 41.8373305], [12.4764532, 41.8373494], [12.476461, 41.8373675], [12.4764752, 41.8373847], [12.4764823, 41.8374034], [12.4764837, 41.8374198], [12.4764815, 41.8374368], [12.4764723, 41.8374546], [12.47645, 41.8374703], [12.4764184, 41.8374788], [12.4763924, 41.8374784], [12.4763641, 41.837474], [12.4763341, 41.8374741], [12.476303, 41.8374778], [12.476271, 41.8374875], [12.4762513, 41.8374993], [12.4762353, 41.8375119], [12.476221, 41.8375337], [12.4762132, 41.8375505], [12.4762005, 41.8375689], [12.4761882, 41.8375864]]]}}, {"type": "Feature", "properties": {}, "geometry": {"type": "Polygon", "coordinates": [[[12.4797006, 41.858842], [12.4797096, 41.8588445], [12.4797136, 41.8588509], [12.4797103, 41.8588576], [12.4797016, 41.8588606], [12.4796926, 41.8588582], [12.4796886, 41.8588517], [12.4796919, 41.858845], [12.4797006, 41.858842]]]}}, {"type": "Feature", "properties": {}, "geometry": {"type": "LineString", "coordinates": [[12.5580463, 41.8040602], [12.5579712, 41.8040642], [12.5579283, 41.8040582], [12.5577056, 41.8038942], [12.5567347, 41.8034023], [12.5565684, 41.8033284], [12.5565083, 41.8032928]]}}, {"type": "Feature", "properties": {}, "geometry": {"type": "LineString", "coordinates": [[12.5558335, 41.8030904], [12.5560239, 41.8030764], [12.5560856, 41.8030784], [12.5561553, 41.8030964], [12.556453, 41.8032384], [12.5565083, 41.8032928]]}}, {"type": "Feature", "properties": {}, "geometry": {"type": "LineString", "coordinates": [[12.5535992, 41.8071202], [12.5537963, 41.8066283], [12.5538822, 41.8063984], [12.5538969, 41.8063164], [12.5538942, 41.8062215], [12.5538889, 41.8061055], [12.5537708, 41.8057106], [12.5537038, 41.8055897], [12.5536729, 41.8054467], [12.5533202, 41.804676], [12.5529367, 41.8039842]]}}, {"type": "Feature", "properties": {}, "geometry": {"type": "Polygon", "coordinates": [[[12.4238976, 41.8153564], [12.4239519, 41.8153933], [12.4239874, 41.8154413], [12.4240005, 41.8154953], [12.4239896, 41.8155495], [12.4239559, 41.8155982], [12.4239031, 41.8156364], [12.4238366, 41.8156598], [12.4237635, 41.8156662], [12.4236895, 41.8156541], [12.423625, 41.8156245], [12.4235772, 41.8155807], [12.4235515, 41.8155276], [12.4235508, 41.8154711], [12.4235751, 41.8154176], [12.4236217, 41.8153731], [12.4236855, 41.8153426], [12.4237569, 41.8153296], [12.4238302, 41.8153343], [12.4238976, 41.8153564]]]}}, {"type": "Feature", "properties": {}, "geometry": {"type": "Polygon", "coordinates": [[[12.42406, 41.8152569], [12.4240269, 41.8153038], [12.4240162, 41.8153562], [12.424029, 41.8154083], [12.4240639, 41.8154544], [12.4241171, 41.8154895], [12.4241828, 41.8155098], [12.424253, 41.8155131], [12.4243209, 41.8154993], [12.4243791, 41.8154698], [12.4244215, 41.815428], [12.4244434, 41.8153782], [12.4244426, 41.8153257], [12.4244191, 41.8152763], [12.4243754, 41.8152352], [12.4243163, 41.8152068], [12.4242473, 41.8151941], [12.4241765, 41.8151989], [12.4241117, 41.8152206], [12.42406, 41.8152569]]]}}, {"type": "Feature", "properties": {}, "geometry": {"type": "LineString", "coordinates": [[12.4092572, 41.9353698], [12.408987, 41.934764], [12.4089547, 41.9342749], [12.4089654, 41.9335372], [12.4085451, 41.9331844], [12.4078122, 41.9328156], [12.4072301, 41.9325911], [12.4066972, 41.9324381], [12.4064756, 41.9323746], [12.4055431, 41.9319872], [12.4052796, 41.9318778], [12.4051822, 41.9318373], [12.4045995, 41.9316368], [12.4041798, 41.9312199], [12.4039128, 41.9306541], [12.4037511, 41.9302451], [12.4034924, 41.92978], [12.4034315, 41.9294849], [12.4033132, 41.9289112], [12.4032553, 41.9284168], [12.4031152, 41.9278074], [12.4030514, 41.927784]]}}, {"type": "Feature", "properties": {}, "geometry": {"type": "LineString", "coordinates": [[12.4029387, 41.9277426], [12.4027169, 41.9276612]]}}, {"type": "Feature", "properties": {}, "geometry": {"type": "LineString", "coordinates": [[12.4030514, 41.927784], [12.4029387, 41.9277426]]}}, {"type": "Feature", "properties": {}, "geometry": {"type": "Polygon", "coordinates": [[[12.4580919, 41.9001083], [12.4580843, 41.9001048], [12.4580756, 41.9001033], [12.4580667, 41.9001039], [12.4580585, 41.9001066], [12.4580519, 41.9001111], [12.4580475, 41.900117], [12.4580459, 41.9001235], [12.4580472, 41.9001305], [12.4580517, 41.9001367], [12.4580587, 41.9001415], [12.4580673, 41.9001442], [12.4580767, 41.9001447], [12.4580858, 41.9001427], [12.4580935, 41.9001387], [12.458099, 41.9001329], [12.4581015, 41.9001262], [12.458101, 41.9001195], [12.4580977, 41.9001133], [12.4580919, 41.9001083]]]}}, {"type": "Feature", "properties": {}, "geometry": {"type": "LineString", "coordinates": [[12.5926508, 41.881426], [12.5926171, 41.8812614]]}}, {"type": "Feature", "properties": {}, "geometry": {"type": "LineString", "coordinates": [[12.592759, 41.8819399], [12.5927012, 41.8818365], [12.5926896, 41.88166], [12.5926508, 41.881426]]}}, {"type": "Feature", "properties": {}, "geometry": {"type": "LineString", "coordinates": [[12.589627, 41.8731072], [12.5896136, 41.8729879], [12.5896272, 41.8719755], [12.5896026, 41.8709501], [12.5895543, 41.8707286], [12.5892925, 41.8703331], [12.5887182, 41.8691879]]}}, {"type": "Feature", "properties": {}, "geometry": {"type": "LineString", "coordinates": [[12.5896522, 41.8732401], [12.5896341, 41.8731724], [12.5896287, 41.8731221], [12.589627, 41.8731072]]}}, {"type": "Feature", "properties": {}, "geometry": {"type": "LineString", "coordinates": [[12.5905347, 41.9128043], [12.5893382, 41.9136164], [12.589022, 41.9137112], [12.58876, 41.9136969], [12.5886006, 41.913663], [12.5882847, 41.913716], [12.5879515, 41.9137366], [12.5878061, 41.9137162], [12.5876109, 41.9137999], [12.5871494, 41.9138768], [12.5868795, 41.9139669], [12.5868031, 41.9139984], [12.5866263, 41.9140712], [12.5861947, 41.9141868], [12.5851431, 41.9144864], [12.5850479, 41.9145209], [12.5851136, 41.9146442]]}}, {"type": "Feature", "properties": {}, "geometry": {"type": "LineString", "coordinates": [[12.5829064, 41.9139854], [12.5829299, 41.9139789], [12.5835561, 41.9137881], [12.5840496, 41.9136432], [12.5844558, 41.9135251], [12.5845525, 41.9136952], [12.5847352, 41.9140182], [12.5849305, 41.9143222], [12.5850479, 41.9145209]]}}, {"type": "Feature", "properties": {}, "geometry": {"type": "LineString", "coordinates": [[12.5850939, 41.9147595], [12.5850487, 41.914801], [12.5840174, 41.9151251], [12.5838315, 41.9152302], [12.583694, 41.915149], [12.5836184, 41.9152368], [12.5836436, 41.915372], [12.5838464, 41.915683], [12.5839439, 41.9158891], [12.5839734, 41.9159668], [12.5840257, 41.9164341], [12.5840009, 41.9167475], [12.5839372, 41.9170661], [12.5838575, 41.9172661], [12.5837126, 41.9173312], [12.5836754, 41.9174265], [12.5832997, 41.9175779], [12.5830641, 41.9177432], [12.5826669, 41.9179743]]}}, {"type": "Feature", "properties": {}, "geometry": {"type": "Polygon", "coordinates": [[[12.3819312, 41.8380765], [12.3819234, 41.8379937], [12.3819146, 41.8379001], [12.3818199, 41.837879], [12.3817276, 41.8379231], [12.38173, 41.8380571], [12.381846, 41.8381559], [12.3819312, 41.8380765]]]}}, {"type": "Feature", "properties": {}, "geometry": {"type": "Polygon", "coordinates": [[[12.5240922, 41.8520307], [12.523948, 41.8519732], [12.5239145, 41.8519508], [12.5237965, 41.8518434], [12.5237556, 41.8517799], [12.5237757, 41.85175], [12.5238186, 41.851717], [12.5238662, 41.8517165], [12.5240882, 41.8518089], [12.5241163, 41.8518269], [12.5241425, 41.8519333], [12.5241405, 41.8519553], [12.5241512, 41.8520012], [12.5241445, 41.8520162], [12.5241358, 41.8520252], [12.5241204, 41.8520312], [12.5241076, 41.8520317], [12.5240922, 41.8520307]]]}}, {"type": "Feature", "properties": {}, "geometry": {"type": "LineString", "coordinates": [[12.5795569, 41.8628159], [12.5797449, 41.8627138], [12.5798339, 41.8625953], [12.5805442, 41.8612689], [12.5808582, 41.8605799], [12.5820091, 41.8586195], [12.5821278, 41.8584173], [12.5823445, 41.8579699]]}}, {"type": "Feature", "properties": {}, "geometry": {"type": "LineString", "coordinates": [[12.3737705, 41.9622345], [12.3736685, 41.9617598], [12.3734669, 41.9611816]]}}, {"type": "Feature", "properties": {}, "geometry": {"type": "LineString", "coordinates": [[12.3727673, 41.9659361], [12.3731053, 41.9650546], [12.3730731, 41.9646557], [12.3729765, 41.9639777], [12.3726547, 41.9627132], [12.37266, 41.9626015], [12.3727083, 41.9624499], [12.3729014, 41.9614726], [12.3729268, 41.9611402]]}}, {"type": "Feature", "properties": {}, "geometry": {"type": "LineString", "coordinates": [[12.3936617, 41.8167691], [12.395212, 41.8142783]]}}, {"type": "Feature", "properties": {}, "geometry": {"type": "LineString", "coordinates": [[12.4055868, 41.8225739], [12.4062145, 41.8215785], [12.4076146, 41.8200153]]}}, {"type": "Feature", "properties": {}, "geometry": {"type": "LineString", "coordinates": [[12.3867202, 41.8225299], [12.3852825, 41.8219742], [12.3850465, 41.8218303], [12.3829973, 41.8202512], [12.3810124, 41.8189479], [12.3788417, 41.8178448], [12.3787312, 41.8177943]]}}, {"type": "Feature", "properties": {}, "geometry": {"type": "LineString", "coordinates": [[12.368516, 41.8182083], [12.3720673, 41.818822], [12.3742476, 41.8192113]]}}, {"type": "Feature", "properties": {}, "geometry": {"type": "LineString", "coordinates": [[12.3743847, 41.8215605], [12.3743713, 41.8213306], [12.3743981, 41.8194077], [12.3742476, 41.8192113], [12.3724968, 41.8169279]]}}, {"type": "Feature", "properties": {}, "geometry": {"type": "Polygon", "coordinates": [[[12.3896545, 41.8338302], [12.3898154, 41.8339302], [12.3899603, 41.8340621], [12.3901588, 41.834146], [12.3905235, 41.8342099], [12.3905826, 41.834162], [12.3904377, 41.8339142], [12.390486, 41.8337583], [12.3902607, 41.8333106], [12.389912, 41.8334026], [12.3898047, 41.8334825], [12.3897672, 41.8335624], [12.3897511, 41.8337023], [12.3896545, 41.8338302]]]}}, {"type": "Feature", "properties": {}, "geometry": {"type": "LineString", "coordinates": [[12.6147616, 41.9784194], [12.614429, 41.9777814], [12.6142412, 41.9776059], [12.6130933, 41.9771832], [12.6118863, 41.9769559], [12.6111352, 41.9769439], [12.6107919, 41.9769958], [12.610521, 41.9770456], [12.610454, 41.9770436], [12.6098719, 41.9768362], [12.6098317, 41.9767944], [12.6098129, 41.9767146], [12.6097539, 41.9766867], [12.6095554, 41.9766309], [12.6094723, 41.9766528], [12.6093516, 41.9766647], [12.6092792, 41.9766109], [12.6091263, 41.9765252], [12.6090726, 41.9764494], [12.6089814, 41.976262], [12.6089036, 41.9761004], [12.6087829, 41.9757854], [12.6086783, 41.9757296], [12.6085442, 41.9756199], [12.6084477, 41.9756099], [12.6081017, 41.9754624], [12.6080239, 41.9754683], [12.6075411, 41.9756618], [12.6074579, 41.9756578], [12.6071709, 41.9755621], [12.60701, 41.9755441], [12.6067632, 41.975576], [12.6066238, 41.975582], [12.6064521, 41.9756338], [12.6063958, 41.9756458], [12.6063153, 41.9756019], [12.6062241, 41.9755142], [12.6056877, 41.9752669], [12.6054972, 41.9752271], [12.6054355, 41.9751832], [12.605052, 41.974898], [12.604875, 41.9746528], [12.6046497, 41.9744314], [12.6044485, 41.9742998], [12.6039174, 41.9741742], [12.6030993, 41.9742599], [12.6023939, 41.9743397], [12.6021284, 41.9744474], [12.6013425, 41.9747485], [12.6010806, 41.9748418]]}}, {"type": "Feature", "properties": {}, "geometry": {"type": "LineString", "coordinates": [[12.601781, 41.9809746], [12.6015772, 41.9807703], [12.6015598, 41.9807433], [12.6013814, 41.9806526], [12.6012151, 41.9806117], [12.6008168, 41.980519], [12.6005164, 41.9803625], [12.5998123, 41.9801252], [12.5992692, 41.9799219], [12.5987662, 41.9797255], [12.5986247, 41.9796285]]}}, {"type": "Feature", "properties": {}, "geometry": {"type": "LineString", "coordinates": [[12.6120311, 41.9893573], [12.6116824, 41.9891101], [12.6116073, 41.9890503], [12.6111835, 41.9889785], [12.6110762, 41.9889307], [12.6109314, 41.988835], [12.6101857, 41.9874314], [12.6099899, 41.9871224], [12.6096493, 41.9863708], [12.6095474, 41.9859003], [12.6095688, 41.9856491], [12.6095688, 41.98537], [12.6095098, 41.9852065], [12.609027, 41.9845047], [12.6089466, 41.9843133], [12.6089305, 41.984078], [12.6088071, 41.9835676], [12.6084423, 41.9827621], [12.6082814, 41.9823155], [12.6082063, 41.9817014], [12.6081473, 41.981518], [12.6081204, 41.9812308], [12.6080024, 41.980844], [12.6076591, 41.9804014], [12.6069564, 41.9798032], [12.6065057, 41.9795241], [12.6062643, 41.9794244], [12.6061141, 41.9793008], [12.6060015, 41.9792609], [12.6057976, 41.9791971], [12.6057064, 41.9791293], [12.6056045, 41.9790416], [12.6054382, 41.9789658], [12.6047301, 41.9786826], [12.6042688, 41.9784434], [12.6041239, 41.9783197], [12.6040596, 41.9782081], [12.6037753, 41.9774863], [12.6034105, 41.9768841], [12.6024073, 41.9755361], [12.6022679, 41.9754085], [12.6020586, 41.9753088], [12.6019674, 41.975237], [12.6018655, 41.9751453], [12.6017797, 41.9750815], [12.6015866, 41.9750855], [12.601431, 41.9750616], [12.6013827, 41.9749938], [12.6013398, 41.9749339], [12.6012701, 41.9748821], [12.6010806, 41.9748418], [12.6003689, 41.9746907], [12.5998217, 41.9745152], [12.5996326, 41.9744833], [12.5995535, 41.9744195], [12.5992423, 41.9743636], [12.5987756, 41.9744434], [12.5985718, 41.9744394], [12.5982553, 41.9744195], [12.5980461, 41.9744035], [12.5979549, 41.9743836], [12.5976974, 41.974248], [12.5974989, 41.9742041], [12.5966996, 41.9744035], [12.5959647, 41.9746029], [12.5952619, 41.9747465], [12.5950098, 41.974922]]}}, {"type": "Feature", "properties": {}, "geometry": {"type": "LineString", "coordinates": [[12.3795613, 41.8816938], [12.3795242, 41.8816294], [12.3793473, 41.8811856], [12.3794226, 41.8807322], [12.3792815, 41.8797322], [12.3790784, 41.8789922], [12.378989, 41.87846], [12.3788865, 41.8782782], [12.3788166, 41.8780763], [12.3789984, 41.8778696], [12.379074, 41.8777448], [12.3790423, 41.8776175], [12.3788421, 41.8776088], [12.3786748, 41.8774779], [12.3784521, 41.8774149], [12.3782155, 41.8772415], [12.3782459, 41.8771368]]}}, {"type": "Feature", "properties": {}, "geometry": {"type": "LineString", "coordinates": [[12.3782459, 41.8771368], [12.3783214, 41.8768767]]}}, {"type": "Feature", "properties": {}, "geometry": {"type": "LineString", "coordinates": [[12.3783214, 41.8768767], [12.3783375, 41.8768212], [12.3783725, 41.8767006], [12.3785567, 41.8764687], [12.378571, 41.8764507]]}}, {"type": "Feature", "properties": {}, "geometry": {"type": "LineString", "coordinates": [[12.378571, 41.8764507], [12.3788461, 41.8761043]]}}, {"type": "Feature", "properties": {}, "geometry": {"type": "LineString", "coordinates": [[12.3803807, 41.8828756], [12.3801315, 41.882463], [12.3797021, 41.881938]]}}, {"type": "Feature", "properties": {}, "geometry": {"type": "LineString", "coordinates": [[12.3797021, 41.881938], [12.3795613, 41.8816938]]}}, {"type": "Feature", "properties": {}, "geometry": {"type": "Polygon", "coordinates": [[[12.4975938, 41.8905646], [12.497588, 41.8905681], [12.4975832, 41.8905725], [12.4975772, 41.890582], [12.4975758, 41.8905924], [12.4975791, 41.8906026], [12.4975867, 41.8906115], [12.4975979, 41.890618], [12.4976055, 41.8906204], [12.4976136, 41.8906216], [12.4976218, 41.8906216], [12.4976298, 41.8906205], [12.4976374, 41.8906182], [12.4976443, 41.8906149], [12.4976502, 41.8906106], [12.4976549, 41.8906056], [12.4976584, 41.8905993], [12.4976601, 41.8905926], [12.4976597, 41.8905858], [12.4976574, 41.8905792], [12.4976532, 41.8905731], [12.4976474, 41.8905678], [12.4976402, 41.8905636], [12.497632, 41.8905607], [12.4976247, 41.8905593], [12.4976173, 41.8905589], [12.497605, 41.8905604], [12.4975938, 41.8905646]]]}}, {"type": "Feature", "properties": {}, "geometry": {"type": "Polygon", "coordinates": [[[12.4988454, 41.8867071], [12.4988554, 41.8867102], [12.4988662, 41.886711], [12.4988768, 41.8867092], [12.4988862, 41.8867051], [12.4988934, 41.886699], [12.4988978, 41.8866916], [12.4988987, 41.8866835], [12.4988963, 41.8866755], [12.4988908, 41.8866686], [12.4988826, 41.8866633], [12.498873, 41.8866602], [12.4988801, 41.8866533], [12.4988841, 41.8866457], [12.4988848, 41.8866376], [12.498882, 41.8866298], [12.4988762, 41.886623], [12.4988677, 41.8866178], [12.4988576, 41.8866149], [12.4988467, 41.8866143], [12.4988362, 41.8866164], [12.498827, 41.8866208], [12.4988201, 41.886627], [12.4988156, 41.8866357], [12.4988072, 41.8866309], [12.4987973, 41.8866276], [12.4987864, 41.8866269], [12.4987758, 41.8866286], [12.4987665, 41.8866327], [12.4987593, 41.8866388], [12.498755, 41.8866463], [12.498754, 41.8866544], [12.4987563, 41.8866623], [12.498762, 41.8866693], [12.4987701, 41.8866746], [12.4987763, 41.8866771], [12.4987827, 41.8866785], [12.498777, 41.8866836], [12.4987731, 41.8866911], [12.4987725, 41.8866992], [12.4987752, 41.8867071], [12.498781, 41.8867138], [12.4987894, 41.886719], [12.4987995, 41.886722], [12.4988104, 41.8867225], [12.498821, 41.8867204], [12.4988302, 41.8867161], [12.498837, 41.8867099], [12.4988402, 41.886703], [12.4988454, 41.8867071]]]}}, {"type": "Feature", "properties": {}, "geometry": {"type": "Polygon", "coordinates": [[[12.4770118, 41.8795113], [12.4770295, 41.8795021], [12.4770502, 41.8794974], [12.4770741, 41.879498], [12.4770964, 41.8795047], [12.4771142, 41.8795167], [12.4771255, 41.8795324], [12.4771288, 41.8795501], [12.4771238, 41.8795676], [12.4771111, 41.8795827], [12.4770922, 41.8795937], [12.4770694, 41.8795993], [12.4770478, 41.879599], [12.4770273, 41.8795937], [12.4770101, 41.879584], [12.4769977, 41.8795709], [12.4769913, 41.8795555], [12.4769917, 41.8795394], [12.4769988, 41.8795242], [12.4770118, 41.8795113]]]}}, {"type": "Feature", "properties": {}, "geometry": {"type": "Polygon", "coordinates": [[[12.4495343, 41.8224742], [12.4496052, 41.8224206], [12.4494795, 41.8223283], [12.4494086, 41.8223819], [12.4495343, 41.8224742]]]}}, {"type": "Feature", "properties": {}, "geometry": {"type": "Polygon", "coordinates": [[[12.4831879, 41.8937277], [12.4831965, 41.8937248], [12.4832003, 41.8937165], [12.4832087, 41.8937102], [12.4832237, 41.8937054], [12.483238, 41.8937046], [12.4832483, 41.8937074], [12.483256, 41.8937048], [12.483264, 41.893718], [12.4832608, 41.8937269], [12.4832084, 41.8937444], [12.4831959, 41.8937409], [12.4831879, 41.8937277]]]}}, {"type": "Feature", "properties": {}, "geometry": {"type": "Polygon", "coordinates": [[[12.4822296, 41.9080842], [12.4822204, 41.908086], [12.4822124, 41.9080899], [12.4822067, 41.9080956], [12.4822038, 41.9081023], [12.4822041, 41.9081094], [12.4822075, 41.9081161], [12.4822136, 41.9081215], [12.4822215, 41.908125], [12.4822306, 41.9081265], [12.4822397, 41.9081257], [12.4822481, 41.9081228], [12.4822548, 41.9081181], [12.4822591, 41.908112], [12.4822605, 41.9081052], [12.4822589, 41.9080984], [12.4822546, 41.9080924], [12.4822478, 41.9080877], [12.4822391, 41.9080848], [12.4822296, 41.9080842]]]}}, {"type": "Feature", "properties": {}, "geometry": {"type": "Polygon", "coordinates": [[[12.4826155, 41.9083939], [12.4826149, 41.9083967], [12.482613, 41.9083992], [12.4826101, 41.9084011], [12.4826065, 41.9084021], [12.4826027, 41.9084021], [12.482599, 41.9084013], [12.482596, 41.9083995], [12.482594, 41.9083973], [12.4825931, 41.9083947], [12.4825933, 41.908392], [12.4825947, 41.9083896], [12.482597, 41.9083875], [12.4826001, 41.9083861], [12.4826036, 41.9083855], [12.4826071, 41.9083858], [12.4826104, 41.9083868], [12.4826131, 41.9083886], [12.4826149, 41.9083911], [12.4826155, 41.9083939]]]}}, {"type": "Feature", "properties": {}, "geometry": {"type": "Polygon", "coordinates": [[[12.4763188, 41.9106261], [12.4763195, 41.9106318], [12.4763186, 41.9106353], [12.4763177, 41.9106384], [12.4763134, 41.9106443], [12.4763069, 41.9106489], [12.4762988, 41.9106518], [12.4762899, 41.9106529], [12.476281, 41.9106518], [12.4762792, 41.9106513], [12.4762731, 41.9106489], [12.4762666, 41.9106444], [12.4762624, 41.9106389], [12.4762604, 41.9106326], [12.4762608, 41.9106271], [12.4762629, 41.9106219], [12.4762667, 41.9106172], [12.4762724, 41.9106131], [12.4762794, 41.9106103], [12.4762871, 41.9106089], [12.4762967, 41.9106094], [12.4763056, 41.9106121], [12.4763117, 41.9106159], [12.4763162, 41.9106208], [12.4763188, 41.9106261]]]}}, {"type": "Feature", "properties": {}, "geometry": {"type": "Polygon", "coordinates": [[[12.4762357, 41.9107244], [12.476243, 41.9107242], [12.4762502, 41.9107255], [12.4762539, 41.9107268], [12.4762603, 41.9107305], [12.4762649, 41.9107355], [12.4762675, 41.9107412], [12.4762678, 41.9107428], [12.4762676, 41.9107472], [12.4762668, 41.9107502], [12.476266, 41.9107517], [12.4762639, 41.9107552], [12.4762593, 41.9107595], [12.4762534, 41.9107627], [12.4762466, 41.9107646], [12.4762393, 41.9107651], [12.4762321, 41.9107642], [12.4762254, 41.9107619], [12.4762198, 41.9107583], [12.4762157, 41.9107538], [12.4762133, 41.9107487], [12.4762129, 41.9107432], [12.4762143, 41.9107379], [12.4762176, 41.910733], [12.4762225, 41.910729], [12.4762287, 41.9107261], [12.4762357, 41.9107244]]]}}, {"type": "Feature", "properties": {}, "geometry": {"type": "Polygon", "coordinates": [[[12.4764193, 41.9107967], [12.4764142, 41.9108001], [12.4764081, 41.9108025], [12.4764014, 41.9108037], [12.4763946, 41.9108036], [12.4763879, 41.9108022], [12.476382, 41.9107997], [12.476377, 41.9107961], [12.4763734, 41.9107918], [12.4763714, 41.9107869], [12.4763711, 41.9107818], [12.4763724, 41.9107768], [12.4763741, 41.9107739], [12.476379, 41.9107689], [12.4763857, 41.9107652], [12.4763935, 41.9107632], [12.4764019, 41.910763], [12.476406, 41.9107636], [12.4764123, 41.9107656], [12.4764178, 41.9107688], [12.476422, 41.9107728], [12.4764248, 41.9107774], [12.4764259, 41.9107825], [12.4764253, 41.9107876], [12.4764231, 41.9107924], [12.4764193, 41.9107967]]]}}, {"type": "Feature", "properties": {}, "geometry": {"type": "Polygon", "coordinates": [[[12.476423, 41.910676], [12.4764277, 41.9106818], [12.4764347, 41.9106861], [12.4764388, 41.9106876], [12.4764468, 41.910689], [12.476455, 41.9106886], [12.4764627, 41.9106864], [12.4764692, 41.9106827], [12.476474, 41.9106777], [12.4764766, 41.9106719], [12.4764769, 41.9106658], [12.4764748, 41.9106599], [12.4764705, 41.9106547], [12.4764643, 41.9106506], [12.4764568, 41.9106481], [12.4764487, 41.9106473], [12.4764406, 41.9106482], [12.4764332, 41.9106509], [12.4764271, 41.910655], [12.4764229, 41.9106603], [12.4764219, 41.9106627], [12.4764209, 41.9106694], [12.476423, 41.910676]]]}}, {"type": "Feature", "properties": {}, "geometry": {"type": "Polygon", "coordinates": [[[12.4529758, 41.9043009], [12.4529761, 41.9043035], [12.4529762, 41.9043061], [12.4529754, 41.9043095], [12.4529737, 41.9043131], [12.4529715, 41.9043156], [12.4529686, 41.9043178], [12.4529648, 41.9043195], [12.4529604, 41.9043203], [12.4529569, 41.9043204], [12.4529546, 41.9043194], [12.4529525, 41.904318], [12.4529513, 41.9043152], [12.4529515, 41.9043118], [12.452953, 41.9043081], [12.4529547, 41.9043053], [12.4529566, 41.9043034], [12.4529602, 41.9043006], [12.4529642, 41.9042983], [12.452969, 41.9042976], [12.4529731, 41.9042984], [12.4529758, 41.9043009]]]}}, {"type": "Feature", "properties": {}, "geometry": {"type": "LineString", "coordinates": [[12.3864976, 41.9784274], [12.3864251, 41.9785451], [12.3864037, 41.9786408], [12.3863795, 41.9786986], [12.3863205, 41.9787604], [12.3863205, 41.9787963], [12.3862696, 41.9788541], [12.3862213, 41.9790575], [12.3862173, 41.979222]]}}, {"type": "Feature", "properties": {}, "geometry": {"type": "LineString", "coordinates": [[12.3867966, 41.967747], [12.3868074, 41.96772], [12.3868355, 41.9676901], [12.3868503, 41.9676383], [12.3868503, 41.9675904], [12.3868208, 41.9674907], [12.3868221, 41.9674578], [12.3868181, 41.9672304]]}}, {"type": "Feature", "properties": {}, "geometry": {"type": "LineString", "coordinates": [[12.4552104, 41.9774284], [12.4550803, 41.9771363], [12.4549744, 41.9768482], [12.4549281, 41.9767156], [12.4547638, 41.9762281], [12.4547394, 41.9761353]]}}, {"type": "Feature", "properties": {}, "geometry": {"type": "Polygon", "coordinates": [[[12.4856105, 41.9009088], [12.4856221, 41.9009141], [12.485637, 41.9009149], [12.4856487, 41.900913], [12.4856608, 41.9009089], [12.4856713, 41.9009037], [12.4856808, 41.9008952], [12.4856865, 41.900887], [12.4856911, 41.9008792], [12.485692, 41.9008709], [12.4856904, 41.9008616], [12.4856827, 41.9008516], [12.4856696, 41.9008458], [12.4856542, 41.9008447], [12.4856347, 41.9008502], [12.48562, 41.9008585], [12.4856076, 41.900869], [12.4856006, 41.9008812], [12.4856002, 41.9008957], [12.4856105, 41.9009088]]]}}, {"type": "Feature", "properties": {}, "geometry": {"type": "Polygon", "coordinates": [[[12.4282579, 41.8908951], [12.428241, 41.8908938], [12.4282254, 41.8908879], [12.4282138, 41.8908787], [12.4282074, 41.890868], [12.428206, 41.8908553], [12.4282105, 41.8908432], [12.4282204, 41.8908329], [12.4282313, 41.8908268], [12.4282542, 41.8908224], [12.4282709, 41.8908244], [12.4282819, 41.8908285], [12.4282986, 41.8908426], [12.4283034, 41.8908547], [12.4283024, 41.8908672], [12.4282957, 41.8908788], [12.428289, 41.8908848], [12.428275, 41.8908919], [12.4282579, 41.8908951]]]}}, {"type": "Feature", "properties": {}, "geometry": {"type": "Polygon", "coordinates": [[[12.507168, 41.8874004], [12.5071769, 41.8873974], [12.5071799, 41.887392], [12.5071792, 41.8873871], [12.5071742, 41.8873832], [12.5071624, 41.8873788], [12.5071482, 41.8873805], [12.5071439, 41.8873834], [12.5071406, 41.8873891], [12.5071435, 41.8873955], [12.5071488, 41.8873989], [12.5071577, 41.8874014], [12.507168, 41.8874004]]]}}, {"type": "Feature", "properties": {}, "geometry": {"type": "LineString", "coordinates": [[12.4794816, 41.8040058], [12.479408, 41.8040957]]}}, {"type": "Feature", "properties": {}, "geometry": {"type": "LineString", "coordinates": [[12.5175984, 41.7965613], [12.5174255, 41.7965806], [12.5170898, 41.7965806], [12.5165339, 41.7965806], [12.5162287, 41.7965737], [12.5160006, 41.796599], [12.5157016, 41.7966932], [12.5150759, 41.7968563], [12.5145674, 41.7970402], [12.5138892, 41.7972722], [12.5137012, 41.7973412], [12.5133922, 41.7975133], [12.5131023, 41.7975982], [12.5126633, 41.797675], [12.5119735, 41.7981692], [12.5114494, 41.7984731], [12.5112657, 41.7985332], [12.5111044, 41.7985165], [12.5104818, 41.798403], [12.5095051, 41.798233], [12.5092025, 41.7981252], [12.5089883, 41.7981135], [12.5086833, 41.7981318], [12.507167, 41.7982293], [12.5062263, 41.798246], [12.5055992, 41.7983028], [12.5049048, 41.7983061], [12.5044031, 41.7982594], [12.5041568, 41.7981959], [12.5038701, 41.7980256], [12.5037928, 41.7979729]]}}, {"type": "Feature", "properties": {}, "geometry": {"type": "LineString", "coordinates": [[12.4347085, 41.9917417], [12.435044, 41.9916948], [12.4354698, 41.9914824], [12.4355669, 41.9913954], [12.4356355, 41.9913359], [12.4358383, 41.9912722], [12.4360383, 41.9912276], [12.4362755, 41.9911278], [12.4365297, 41.9910407], [12.437464, 41.990907], [12.438044, 41.9907902], [12.4382297, 41.9907265], [12.438424, 41.9904971], [12.4385869, 41.9903888], [12.4386669, 41.9902232], [12.4386728, 41.9901288], [12.4387493, 41.9899501], [12.4393667, 41.9888698], [12.4397467, 41.9881707], [12.4399232, 41.9876696], [12.4402121, 41.987081], [12.4405064, 41.9864924], [12.4407151, 41.9862458], [12.4411164, 41.9858561], [12.4417263, 41.9852078], [12.4425344, 41.9842383], [12.4431279, 41.9835479], [12.4432654, 41.9834133], [12.4432833, 41.9834002], [12.4433093, 41.9833871], [12.4433301, 41.9833784], [12.4433559, 41.9833709], [12.4433935, 41.9833647], [12.4434283, 41.9833624], [12.4434592, 41.9833677], [12.4434873, 41.9833769], [12.4435062, 41.9833916], [12.4435196, 41.9834103], [12.4435304, 41.983431], [12.4435439, 41.9834506], [12.4435663, 41.9834705], [12.44359, 41.9834855], [12.443629, 41.9834996], [12.4436641, 41.9835047], [12.4437045, 41.9835039], [12.4437449, 41.9835], [12.4437935, 41.9834906], [12.4438341, 41.9834781], [12.4438823, 41.9834559], [12.443936, 41.9834158], [12.4442411, 41.9831217], [12.4443652, 41.983027], [12.4444523, 41.9828899], [12.4445496, 41.9827727], [12.4446904, 41.9826506]]}}, {"type": "Feature", "properties": {}, "geometry": {"type": "LineString", "coordinates": [[12.5567733, 41.9596063], [12.5566678, 41.9595604], [12.5562654, 41.9593854]]}}, {"type": "Feature", "properties": {}, "geometry": {"type": "Polygon", "coordinates": [[[12.4503438, 41.9045802], [12.4503399, 41.9045848], [12.4503363, 41.9045897], [12.4503329, 41.9045946], [12.4503304, 41.9045987], [12.4503285, 41.9046039], [12.4503287, 41.9046077], [12.4503299, 41.9046112], [12.4503316, 41.9046139], [12.4503343, 41.9046159], [12.4503379, 41.9046181], [12.4503418, 41.9046201], [12.450346, 41.9046219], [12.4503491, 41.9046231], [12.450353, 41.9046241], [12.4503562, 41.9046245], [12.4503599, 41.9046241], [12.4503632, 41.9046231], [12.4503666, 41.9046212], [12.450374, 41.9046181], [12.4503847, 41.9046122], [12.450389, 41.9046092], [12.450394, 41.9046052], [12.450399, 41.9046001], [12.4504015, 41.9045976], [12.4504038, 41.9045964], [12.4504075, 41.9045954], [12.4504117, 41.904595], [12.4504198, 41.9045956], [12.4504233, 41.9045957], [12.4504266, 41.9045951], [12.4504302, 41.9045937], [12.4504331, 41.9045919], [12.4504353, 41.9045892], [12.4504359, 41.9045866], [12.450436, 41.9045834], [12.450435, 41.9045807], [12.4504331, 41.9045783], [12.4504305, 41.9045765], [12.4504257, 41.904574], [12.4504212, 41.9045724], [12.4504171, 41.9045711], [12.4504128, 41.9045702], [12.4504049, 41.9045697], [12.4503931, 41.904569], [12.4503805, 41.9045685], [12.4503695, 41.9045685], [12.4503643, 41.9045691], [12.4503598, 41.9045702], [12.4503537, 41.9045723], [12.4503498, 41.9045746], [12.4503461, 41.9045778], [12.4503438, 41.9045802]]]}}, {"type": "Feature", "properties": {}, "geometry": {"type": "Polygon", "coordinates": [[[12.4496737, 41.9022572], [12.4496919, 41.9022575], [12.4496998, 41.902253], [12.4497004, 41.9022367], [12.4496944, 41.9022328], [12.4496747, 41.9022324], [12.4496671, 41.9022373], [12.4496666, 41.9022514], [12.4496737, 41.9022572]]]}}, {"type": "Feature", "properties": {}, "geometry": {"type": "LineString", "coordinates": [[12.3724968, 41.8169279], [12.3720565, 41.8163537]]}}, {"type": "Feature", "properties": {}, "geometry": {"type": "LineString", "coordinates": [[12.4560784, 41.8108708], [12.4547074, 41.8130673]]}}, {"type": "Feature", "properties": {}, "geometry": {"type": "LineString", "coordinates": [[12.4545293, 41.8133527], [12.4542359, 41.8138228], [12.4540839, 41.8140663]]}}, {"type": "Feature", "properties": {}, "geometry": {"type": "LineString", "coordinates": [[12.4547074, 41.8130673], [12.4545293, 41.8133527]]}}, {"type": "Feature", "properties": {}, "geometry": {"type": "LineString", "coordinates": [[12.4540839, 41.8140663], [12.4536441, 41.8148091]]}}, {"type": "Feature", "properties": {}, "geometry": {"type": "LineString", "coordinates": [[12.4563074, 41.8105039], [12.4560784, 41.8108708]]}}, {"type": "Feature", "properties": {}, "geometry": {"type": "Polygon", "coordinates": [[[12.5895597, 41.7985331], [12.5895828, 41.7985467], [12.5896599, 41.7984733], [12.589658, 41.7984723], [12.5897677, 41.7983679], [12.5897689, 41.7983686], [12.589846, 41.7982953], [12.5898235, 41.7982822], [12.5895597, 41.7985331]]]}}, {"type": "Feature", "properties": {}, "geometry": {"type": "LineString", "coordinates": [[12.3643551, 41.8070909], [12.3645921, 41.8067622]]}}, {"type": "Feature", "properties": {}, "geometry": {"type": "LineString", "coordinates": [[12.3688607, 41.8165801], [12.3651051, 41.8162458]]}}, {"type": "Feature", "properties": {}, "geometry": {"type": "LineString", "coordinates": [[12.3629478, 41.8160474], [12.3651051, 41.8162458]]}}, {"type": "Feature", "properties": {}, "geometry": {"type": "LineString", "coordinates": [[12.3651921, 41.8156636], [12.3652814, 41.8156492]]}}, {"type": "Feature", "properties": {}, "geometry": {"type": "LineString", "coordinates": [[12.365168, 41.8157426], [12.3651767, 41.8156766], [12.3651921, 41.8156636]]}}, {"type": "Feature", "properties": {}, "geometry": {"type": "LineString", "coordinates": [[12.3651022, 41.8162073], [12.365168, 41.8157426]]}}, {"type": "Feature", "properties": {}, "geometry": {"type": "LineString", "coordinates": [[12.3651773, 41.8165666], [12.3651492, 41.8164377]]}}, {"type": "Feature", "properties": {}, "geometry": {"type": "LineString", "coordinates": [[12.3651492, 41.8164377], [12.3651063, 41.8162618], [12.3651051, 41.8162458], [12.3651022, 41.8162073]]}}, {"type": "Feature", "properties": {}, "geometry": {"type": "LineString", "coordinates": [[12.373926, 41.8164212], [12.3756641, 41.8165931], [12.3757039, 41.8165357]]}}, {"type": "Feature", "properties": {}, "geometry": {"type": "LineString", "coordinates": [[12.3737115, 41.8163972], [12.3721424, 41.8162373], [12.3720272, 41.8163181]]}}, {"type": "Feature", "properties": {}, "geometry": {"type": "LineString", "coordinates": [[12.3787312, 41.8177943], [12.3783208, 41.8176026], [12.3781509, 41.8175182]]}}, {"type": "Feature", "properties": {}, "geometry": {"type": "LineString", "coordinates": [[12.3761429, 41.8166941], [12.3760826, 41.8166723], [12.3757039, 41.8165357], [12.3751485, 41.8163354]]}}, {"type": "Feature", "properties": {}, "geometry": {"type": "LineString", "coordinates": [[12.3780261, 41.8174634], [12.3761429, 41.8166941]]}}, {"type": "Feature", "properties": {}, "geometry": {"type": "LineString", "coordinates": [[12.3781509, 41.8175182], [12.3780261, 41.8174634]]}}, {"type": "Feature", "properties": {}, "geometry": {"type": "Polygon", "coordinates": [[[12.510614, 41.9030411], [12.5107923, 41.9031007], [12.5107059, 41.903247], [12.5106094, 41.9032172], [12.5106531, 41.9031413], [12.5105721, 41.9031139], [12.510614, 41.9030411]]]}}, {"type": "Feature", "properties": {}, "geometry": {"type": "LineString", "coordinates": [[12.5058666, 41.8486392], [12.5055635, 41.848811]]}}, {"type": "Feature", "properties": {}, "geometry": {"type": "LineString", "coordinates": [[12.5106999, 41.8464133], [12.5104585, 41.8465692], [12.5099489, 41.8469868], [12.5094661, 41.8473464], [12.5092596, 41.8473844], [12.5088492, 41.8474044], [12.5083664, 41.8475542], [12.5082766, 41.8475841], [12.5081143, 41.8476381], [12.5075778, 41.847824], [12.5067115, 41.8481416], [12.506234, 41.8484254], [12.5058666, 41.8486392]]}}, {"type": "Feature", "properties": {}, "geometry": {"type": "LineString", "coordinates": [[12.5055635, 41.848811], [12.5052738, 41.8488909], [12.5047374, 41.8490447], [12.5044155, 41.8491546], [12.5036672, 41.8493804], [12.5025621, 41.8496701], [12.5024119, 41.849754], [12.5022134, 41.8500138], [12.5017709, 41.8499498], [12.5011486, 41.8504034], [12.5005907, 41.850739], [12.5001106, 41.850715], [12.4998853, 41.8508149], [12.4995634, 41.850751]]}}, {"type": "Feature", "properties": {}, "geometry": {"type": "LineString", "coordinates": [[12.3877243, 41.9141525], [12.3881325, 41.9146172], [12.3882496, 41.9148608], [12.3882441, 41.9149778], [12.3883825, 41.9151748], [12.3886549, 41.9154263], [12.3887684, 41.9155783], [12.3889878, 41.9158485], [12.3891669, 41.9160343], [12.3893611, 41.9161338], [12.3895956, 41.9162633], [12.3898529, 41.9164509], [12.3900874, 41.9166668], [12.3905187, 41.9170215], [12.3907759, 41.9172316], [12.3909878, 41.9173536], [12.3911038, 41.9174962], [12.3913131, 41.9178209], [12.3915401, 41.9181549], [12.3916661, 41.9182255]]}}, {"type": "Feature", "properties": {}, "geometry": {"type": "LineString", "coordinates": [[12.3916661, 41.9182255], [12.3918553, 41.9183315]]}}, {"type": "Feature", "properties": {}, "geometry": {"type": "Polygon", "coordinates": [[[12.4675539, 41.8760144], [12.4675572, 41.8760212], [12.4675602, 41.8760265], [12.4675643, 41.8760294], [12.4675679, 41.8760288], [12.4675693, 41.8760251], [12.4675691, 41.8760191], [12.4675685, 41.8760129], [12.4675651, 41.8760019], [12.4675617, 41.875994], [12.4675587, 41.8759891], [12.467556, 41.8759866], [12.4675521, 41.8759861], [12.4675488, 41.8759876], [12.4675481, 41.8759911], [12.4675487, 41.8759964], [12.4675505, 41.8760043], [12.4675539, 41.8760144]]]}}, {"type": "Feature", "properties": {}, "geometry": {"type": "Polygon", "coordinates": [[[12.3852325, 41.9119883], [12.3852317, 41.9120156], [12.3851661, 41.9120519], [12.3851239, 41.9120175], [12.3851018, 41.9119906], [12.3850877, 41.9119756], [12.3850716, 41.9119681], [12.3850513, 41.9118633], [12.3850372, 41.9117832], [12.3850181, 41.9116732], [12.385003, 41.9115811], [12.3849889, 41.911522], [12.3849749, 41.911492], [12.3849648, 41.9114726], [12.3849598, 41.9114269], [12.3849477, 41.9114], [12.3849356, 41.9113872], [12.3849065, 41.9113416], [12.3848874, 41.9113064], [12.3848451, 41.9112331], [12.3848109, 41.9111687], [12.3847838, 41.9111402], [12.3847003, 41.9110527], [12.3846631, 41.9110227], [12.3846218, 41.9110033], [12.3845494, 41.9109733], [12.3845152, 41.9109606], [12.3844941, 41.9109284], [12.3844166, 41.9109], [12.3843945, 41.9108872], [12.3843895, 41.9108798], [12.3843995, 41.9108783], [12.3844307, 41.9108872], [12.384478, 41.9109045], [12.3845243, 41.9109164], [12.3845645, 41.9109359], [12.3846138, 41.9109501], [12.3846439, 41.9109771], [12.3846741, 41.9110003], [12.3847103, 41.9110205], [12.3847465, 41.9110444], [12.3847767, 41.9110669], [12.3848129, 41.9110946], [12.384829, 41.9111245], [12.3848491, 41.9111387], [12.3848904, 41.9111919], [12.3849165, 41.9112308], [12.3849568, 41.9112869], [12.3849829, 41.9113483], [12.3850131, 41.9113955], [12.3850423, 41.9114396], [12.3850674, 41.9114913], [12.3850583, 41.9115152], [12.3850744, 41.9115377], [12.3851308, 41.9115482], [12.3851489, 41.9116185], [12.3851599, 41.9117129], [12.385172, 41.9118326], [12.3851941, 41.9119247], [12.3852032, 41.9119801], [12.3852325, 41.9119883]]]}}, {"type": "Feature", "properties": {}, "geometry": {"type": "Polygon", "coordinates": [[[12.3832151, 41.909443], [12.3831749, 41.9093891], [12.3831286, 41.9093337], [12.3831099, 41.9093105], [12.3830928, 41.9093], [12.3830837, 41.9092881], [12.3830897, 41.9092731], [12.3830907, 41.9092454], [12.3830978, 41.9092267], [12.3831038, 41.9092065], [12.3831159, 41.9091728], [12.3831259, 41.9091488], [12.383138, 41.9091189], [12.3831672, 41.9090762], [12.3831843, 41.9090485], [12.3832124, 41.9090029], [12.3832265, 41.9089729], [12.3832476, 41.908952], [12.3832557, 41.9089288], [12.3832748, 41.9088913], [12.3832778, 41.9088666], [12.3832808, 41.9088442], [12.3832839, 41.9087955], [12.3832748, 41.9087596], [12.3832637, 41.9087386], [12.3832537, 41.9087229], [12.3832577, 41.9087057], [12.3832627, 41.9086915], [12.3832416, 41.9086743], [12.3832155, 41.9086518], [12.3831974, 41.9086473], [12.3831903, 41.9086196], [12.3831883, 41.9085852], [12.3831994, 41.9085672], [12.3832014, 41.9085545], [12.3831803, 41.9085425], [12.3831752, 41.9085043], [12.3831803, 41.9084819], [12.3831803, 41.9084549], [12.3831732, 41.9084295], [12.3831642, 41.9083958], [12.3831652, 41.9083801], [12.3831601, 41.9083494], [12.3831632, 41.9083179], [12.3831652, 41.9082865], [12.3831863, 41.9082596], [12.3832004, 41.9082349], [12.3831742, 41.9082146], [12.3831611, 41.9081944], [12.3831782, 41.9081652], [12.3831903, 41.9081495], [12.3831782, 41.9081323], [12.3831782, 41.9081054], [12.3831793, 41.9080829], [12.3831953, 41.9080447], [12.3831873, 41.9080215], [12.3831803, 41.9079714], [12.3831853, 41.9079542], [12.3831561, 41.9079294], [12.3831581, 41.9078958], [12.3831541, 41.9078658], [12.3831461, 41.9078449], [12.3831269, 41.9078037], [12.383129, 41.9077782], [12.3831259, 41.9077266], [12.383128, 41.9076981], [12.383136, 41.9076682], [12.383131, 41.907639], [12.383128, 41.9076151], [12.3831048, 41.9075604], [12.3830938, 41.9075327], [12.3830988, 41.9075103], [12.3831058, 41.9074766], [12.3831058, 41.9074496], [12.3831028, 41.9074055], [12.3831038, 41.9073733], [12.3830907, 41.9073373], [12.3830897, 41.9073022], [12.3830857, 41.907264], [12.3830787, 41.9072355], [12.3830686, 41.9071906], [12.3830646, 41.9071607], [12.3830696, 41.9071375], [12.3830565, 41.9071068], [12.3830555, 41.9070686], [12.3830415, 41.9070402], [12.3830404, 41.9070132], [12.3830485, 41.9069885], [12.3830495, 41.9069713], [12.3830384, 41.9069518], [12.3830153, 41.9069428], [12.3829831, 41.9069466], [12.382961, 41.9069608], [12.3829871, 41.9070184], [12.3829952, 41.9070671], [12.3830052, 41.9071277], [12.3830173, 41.9071846], [12.3830254, 41.9072445], [12.3830384, 41.9073373], [12.3830505, 41.9074137], [12.3830515, 41.9074998], [12.3830596, 41.9075679], [12.3830746, 41.907627], [12.3830777, 41.9076757], [12.3830656, 41.9077505], [12.3830797, 41.9077865], [12.3830777, 41.9078366], [12.3830948, 41.9078778], [12.3830958, 41.9079227], [12.3831259, 41.9079579], [12.383132, 41.9079848], [12.383135, 41.908026], [12.3831491, 41.9080679], [12.383141, 41.9081158], [12.383132, 41.9081593], [12.3831139, 41.9081899], [12.3831239, 41.9082154], [12.383135, 41.9082551], [12.38313, 41.9082962], [12.383133, 41.9083561], [12.383134, 41.9083913], [12.3831481, 41.9084609], [12.3831491, 41.9085515], [12.383131, 41.9085605], [12.383144, 41.9085859], [12.3831581, 41.9086024], [12.3831642, 41.9086361], [12.3831853, 41.9086787], [12.3831893, 41.9087087], [12.3832114, 41.9087304], [12.3832235, 41.9087521], [12.3832285, 41.9087611], [12.3832456, 41.9088322], [12.3832386, 41.9088636], [12.3832326, 41.9089086], [12.3832114, 41.9089437], [12.3831953, 41.9089639], [12.3831843, 41.9089954], [12.3831481, 41.9090381], [12.383128, 41.9090815], [12.3830948, 41.9091309], [12.3830837, 41.909169], [12.3830696, 41.9091848], [12.3830706, 41.9092005], [12.3830606, 41.909214], [12.3830525, 41.9092409], [12.3830415, 41.9092536], [12.3830515, 41.9092716], [12.3830586, 41.9092941], [12.3830686, 41.909312], [12.3830887, 41.9093345], [12.3831209, 41.9093756], [12.3831451, 41.9094228], [12.3831682, 41.9094423], [12.3831873, 41.909452], [12.3832175, 41.909467], [12.3832151, 41.909443]]]}}, {"type": "Feature", "properties": {}, "geometry": {"type": "Polygon", "coordinates": [[[12.383139, 41.9062459], [12.3831732, 41.9062437], [12.3831853, 41.906207], [12.3832265, 41.9061703], [12.3832476, 41.9061389], [12.383301, 41.9060932], [12.3833191, 41.9060648], [12.3833372, 41.9059907], [12.3833432, 41.905963], [12.3833372, 41.9059442], [12.3833211, 41.905918], [12.3833221, 41.9058836], [12.3832959, 41.9058634], [12.3832959, 41.9058155], [12.3832728, 41.9057833], [12.3832527, 41.9057264], [12.3832275, 41.9056912], [12.3832014, 41.9056396], [12.3831762, 41.9056081], [12.3831712, 41.9055587], [12.3831692, 41.9054951], [12.3831662, 41.9054547], [12.3831611, 41.9053903], [12.3831692, 41.9053589], [12.3831712, 41.9052967], [12.3831762, 41.9052338], [12.3831672, 41.9051979], [12.3831551, 41.9051575], [12.3831551, 41.9051403], [12.3831541, 41.9051126], [12.3831531, 41.9050632], [12.3831551, 41.9050355], [12.383139, 41.9049958], [12.383136, 41.9049741], [12.3831239, 41.9049531], [12.3831239, 41.9049157], [12.3831259, 41.9048872], [12.383129, 41.9048663], [12.383129, 41.9048251], [12.3831159, 41.9048101], [12.3831159, 41.9047899], [12.3831119, 41.9047712], [12.3831109, 41.9047293], [12.3831109, 41.9046978], [12.3831058, 41.9046567], [12.3831018, 41.904626], [12.3830958, 41.9045968], [12.3830897, 41.9045743], [12.3830767, 41.9045414], [12.3830555, 41.9045287], [12.3830606, 41.904507], [12.3830575, 41.9044628], [12.3830455, 41.9044231], [12.3830525, 41.9043819], [12.3830586, 41.904361], [12.3830626, 41.9043385], [12.3830676, 41.9043033], [12.3830887, 41.9042801], [12.3831028, 41.9042614], [12.3831068, 41.9042262], [12.3830807, 41.9042], [12.3830746, 41.9041791], [12.3830847, 41.9041349], [12.3830636, 41.9041094], [12.3830545, 41.9040585], [12.3830505, 41.9040249], [12.3830465, 41.9039732], [12.3830384, 41.9039403], [12.3830364, 41.9038894], [12.3830344, 41.9038609], [12.3830213, 41.9038362], [12.3829902, 41.903804], [12.382968, 41.9037494], [12.3829399, 41.9037329], [12.3829248, 41.9037389], [12.3829258, 41.9037554], [12.3829499, 41.9037853], [12.382967, 41.9038265], [12.382963, 41.9038497], [12.382955, 41.9038744], [12.382969, 41.9039178], [12.3829791, 41.903962], [12.3829871, 41.9040106], [12.3830052, 41.9040473], [12.3830183, 41.9041147], [12.3830223, 41.9041544], [12.3830213, 41.9042008], [12.3830354, 41.9042412], [12.3830314, 41.9042786], [12.3830274, 41.9043123], [12.3830153, 41.9043557], [12.3830103, 41.9043879], [12.3830113, 41.9044321], [12.3830163, 41.9044852], [12.3830062, 41.9045092], [12.3830143, 41.9045526], [12.3830304, 41.9045923], [12.3830384, 41.9046148], [12.3830425, 41.904641], [12.3830586, 41.9046821], [12.3830616, 41.9047181], [12.3830676, 41.904751], [12.3830726, 41.9047907], [12.3830777, 41.9048551], [12.3830777, 41.9048842], [12.3830837, 41.9049262], [12.3830988, 41.9049561], [12.3831078, 41.9050138], [12.3831209, 41.9050609], [12.3831159, 41.9050946], [12.3831179, 41.905141], [12.3831179, 41.905171], [12.3831149, 41.9052219], [12.3831109, 41.905269], [12.3831119, 41.9053117], [12.3831179, 41.9053618], [12.3831199, 41.9053948], [12.3831249, 41.9054375], [12.3831219, 41.9054801], [12.3831199, 41.9055176], [12.3831249, 41.9055692], [12.3831269, 41.9055977], [12.38313, 41.9056366], [12.3831501, 41.9056822], [12.3831622, 41.9057234], [12.3831782, 41.9057601], [12.3831933, 41.9057908], [12.3832205, 41.9058462], [12.3832466, 41.9058776], [12.3832668, 41.9059128], [12.3832748, 41.9059427], [12.3832768, 41.9059645], [12.3832879, 41.9059959], [12.3832678, 41.9060386], [12.3832547, 41.9060723], [12.3832366, 41.9061022], [12.3832104, 41.9061404], [12.3831682, 41.9061778], [12.3831514, 41.9061981], [12.383139, 41.9062459]]]}}, {"type": "Feature", "properties": {}, "geometry": {"type": "Polygon", "coordinates": [[[12.3819307, 41.9033163], [12.3819136, 41.9032826], [12.3819307, 41.9032706], [12.3819438, 41.9032661], [12.3819649, 41.9032624], [12.381983, 41.9032594], [12.3819981, 41.9032594], [12.3820202, 41.9032594], [12.3820363, 41.9032684], [12.3820494, 41.9032781], [12.3820363, 41.9032864], [12.3820162, 41.9032856], [12.381993, 41.9032923], [12.3819699, 41.9032976], [12.3819578, 41.9033073], [12.3819307, 41.9033163]]]}}, {"type": "Feature", "properties": {}, "geometry": {"type": "Polygon", "coordinates": [[[12.3828592, 41.9026668], [12.3829889, 41.902651], [12.3829839, 41.9026361], [12.3828934, 41.9026473], [12.3828531, 41.902651], [12.3828592, 41.9026668]]]}}, {"type": "Feature", "properties": {}, "geometry": {"type": "LineString", "coordinates": [[12.3828063, 41.9008173], [12.3827869, 41.9008055], [12.3827668, 41.9007845], [12.3827507, 41.9007531], [12.3827145, 41.9006797], [12.3826561, 41.9005614], [12.3826179, 41.9004836], [12.3825576, 41.9003249], [12.3825354, 41.900244], [12.382467, 41.9000524], [12.3823705, 41.8998173], [12.3823323, 41.8996915], [12.3822397, 41.8994744], [12.3821633, 41.8992558], [12.382107, 41.8990911], [12.3820707, 41.8989788], [12.3820386, 41.8988815], [12.3820084, 41.8987797], [12.3819682, 41.8986718], [12.381881, 41.8984405], [12.3818508, 41.8983522], [12.3818116, 41.8982481], [12.3817703, 41.8981388], [12.3817532, 41.8980984], [12.3817301, 41.8980355], [12.381716, 41.8979988], [12.3816858, 41.8979127], [12.3816537, 41.8978124], [12.3816215, 41.8977203], [12.3815822, 41.8976042], [12.381542, 41.8974912], [12.3815299, 41.8974508], [12.3815088, 41.8973834], [12.3814978, 41.8973459], [12.3814706, 41.8972636], [12.3814545, 41.8972104], [12.3814243, 41.8971153], [12.3814032, 41.8970502], [12.3813807, 41.8969768], [12.3813737, 41.896954], [12.3813707, 41.8969241], [12.3813772, 41.8969035], [12.3813898, 41.8968806], [12.3814064, 41.8968499], [12.381419, 41.8968327], [12.3814341, 41.8968211], [12.3814446, 41.8968196], [12.3814517, 41.8968256], [12.3814567, 41.8968361], [12.3814676, 41.8968735], [12.3814786, 41.8969102], [12.3815028, 41.8969881], [12.3815189, 41.8970382], [12.381543, 41.8971258], [12.3815682, 41.8972022], [12.3815812, 41.8972456], [12.3816064, 41.8973295], [12.3816255, 41.8973759], [12.3816506, 41.8974418], [12.3816828, 41.8975361], [12.381715, 41.8976492], [12.3817542, 41.8977457], [12.3817985, 41.8978805], [12.3818488, 41.8980138], [12.381881, 41.8981133], [12.3819202, 41.8982092], [12.3819343, 41.8982436], [12.3819584, 41.898323], [12.3819775, 41.8983739], [12.3819977, 41.8984405], [12.3820137, 41.8984787], [12.3820399, 41.8985483], [12.382055, 41.8985887], [12.3820671, 41.8986292], [12.3821656, 41.8989159], [12.3822421, 41.8991076], [12.3823145, 41.8993322], [12.3824151, 41.8995657], [12.3824915, 41.8997634], [12.3825639, 41.899976], [12.3826444, 41.9001916], [12.3827168, 41.9004282], [12.382741, 41.900557], [12.3827611, 41.9006505], [12.3827852, 41.9007411], [12.3828023, 41.900804], [12.3828063, 41.9008173], [12.3828179, 41.9008559], [12.3828234, 41.9008744], [12.3828436, 41.9009418], [12.3828496, 41.9009724], [12.3828546, 41.9009822], [12.3828637, 41.9009852], [12.3828788, 41.9009859], [12.3828878, 41.9009844], [12.3829039, 41.9009822]]}}, {"type": "Feature", "properties": {}, "geometry": {"type": "LineString", "coordinates": [[12.3813097, 41.8970098], [12.3813046, 41.897054], [12.3813056, 41.8970951], [12.3813117, 41.8971438], [12.3813147, 41.8972074], [12.3813248, 41.897295], [12.3813264, 41.8973632], [12.3813445, 41.897432], [12.3813727, 41.8975264], [12.3814149, 41.8976507], [12.3814652, 41.8977839], [12.3815055, 41.8978812], [12.3815397, 41.8979292], [12.381592, 41.898007], [12.3816201, 41.8980729], [12.3816664, 41.8981822], [12.3816966, 41.898275], [12.3817207, 41.8983245], [12.381769, 41.8984457], [12.3818092, 41.8985236], [12.3818575, 41.8986284], [12.3818917, 41.8987272], [12.3819601, 41.8988845], [12.3819923, 41.8989668], [12.3820345, 41.8990881], [12.3820667, 41.8991929], [12.3820929, 41.8992902], [12.3821251, 41.899395], [12.3821552, 41.8994879], [12.3821894, 41.8995942], [12.3822417, 41.89972], [12.382286, 41.8998128], [12.3823282, 41.8999296], [12.3823604, 41.9000224], [12.3824168, 41.9001602], [12.3824469, 41.900262], [12.3824811, 41.9003563], [12.3825234, 41.9004581], [12.3825636, 41.900557], [12.3825998, 41.9006213], [12.3826581, 41.9007022], [12.3826923, 41.9007486], [12.3827286, 41.90078], [12.3827869, 41.9008295], [12.3828179, 41.9008559]]}}, {"type": "Feature", "properties": {}, "geometry": {"type": "LineString", "coordinates": [[12.3816549, 41.8938718], [12.381675, 41.8941915], [12.3816871, 41.8943742], [12.3816992, 41.8945808], [12.3817032, 41.8947905], [12.3817273, 41.8949911], [12.3817434, 41.8951498], [12.3817595, 41.8953385], [12.3817796, 41.8954793], [12.3817998, 41.895629], [12.3818199, 41.8957488], [12.38184, 41.8958925], [12.3818601, 41.8959974], [12.3818722, 41.8960483], [12.3818963, 41.8961202], [12.3819406, 41.896219], [12.3819768, 41.8962699], [12.382009, 41.8963058], [12.3820371, 41.8963478], [12.3820613, 41.8963897], [12.3820935, 41.8964646], [12.3821458, 41.8966203], [12.382186, 41.8967491], [12.3822142, 41.8968389], [12.3824113, 41.8974588], [12.3824556, 41.8975666], [12.382524, 41.8977493], [12.3826004, 41.8979439], [12.3827332, 41.8984441], [12.3827459, 41.8986896]]}}, {"type": "Feature", "properties": {}, "geometry": {"type": "Polygon", "coordinates": [[[12.463299, 41.8902928], [12.4633047, 41.8903147], [12.4633011, 41.8903451], [12.4632822, 41.8903838], [12.4632481, 41.8904142], [12.4632203, 41.8904337], [12.463191, 41.8904442], [12.4631643, 41.8904431], [12.4631595, 41.8904224], [12.46318, 41.8904017], [12.4632062, 41.8903721], [12.4632366, 41.8903549], [12.4632633, 41.890344], [12.4632727, 41.8903198], [12.4632717, 41.8902991], [12.4632832, 41.8902901], [12.463299, 41.8902928]]]}}, {"type": "Feature", "properties": {}, "geometry": {"type": "Polygon", "coordinates": [[[12.4630078, 41.8903325], [12.46303, 41.8903379], [12.4630619, 41.8903394], [12.4630801, 41.8903283], [12.4630926, 41.8903118], [12.4630982, 41.8902895], [12.4631063, 41.8902721], [12.4630886, 41.8902667], [12.4630724, 41.8902787], [12.4630518, 41.8902871], [12.4630288, 41.890301], [12.4630086, 41.8903121], [12.4630046, 41.890321], [12.4630078, 41.8903325]]]}}, {"type": "Feature", "properties": {}, "geometry": {"type": "Polygon", "coordinates": [[[12.4650563, 41.8928979], [12.465063, 41.8929001], [12.4650703, 41.8929005], [12.4650773, 41.892899], [12.4650832, 41.8928958], [12.4650873, 41.8928913], [12.465089, 41.8928866], [12.4650887, 41.8928817], [12.4650864, 41.8928771], [12.4650822, 41.8928733], [12.4650767, 41.8928706], [12.4650704, 41.8928693], [12.4650638, 41.8928696], [12.4650576, 41.8928713], [12.4650525, 41.8928744], [12.4650489, 41.8928785], [12.4650471, 41.8928838], [12.4650479, 41.8928892], [12.4650511, 41.8928941], [12.4650563, 41.8928979]]]}}, {"type": "Feature", "properties": {}, "geometry": {"type": "LineString", "coordinates": [[12.5615771, 41.8242601], [12.561742, 41.8242151]]}}, {"type": "Feature", "properties": {}, "geometry": {"type": "LineString", "coordinates": [[12.5607985, 41.824232], [12.5609273, 41.8242182]]}}, {"type": "Feature", "properties": {}, "geometry": {"type": "LineString", "coordinates": [[12.5609273, 41.8242182], [12.5612439, 41.824247], [12.5614625, 41.8242738], [12.5615771, 41.8242601]]}}, {"type": "Feature", "properties": {}, "geometry": {"type": "LineString", "coordinates": [[12.5577194, 41.8252915], [12.5578751, 41.8252241], [12.5580218, 41.8251541], [12.5583082, 41.8249919], [12.5585745, 41.824888], [12.5586507, 41.8247538], [12.5588913, 41.8245955], [12.5592102, 41.8245904], [12.5595923, 41.8246416], [12.5597858, 41.8246192], [12.5600806, 41.8245006], [12.5601513, 41.824408], [12.5603467, 41.8243079], [12.5607985, 41.824232]]}}, {"type": "Feature", "properties": {}, "geometry": {"type": "LineString", "coordinates": [[12.5574536, 41.8253784], [12.5577194, 41.8252915]]}}, {"type": "Feature", "properties": {}, "geometry": {"type": "LineString", "coordinates": [[12.561742, 41.8242151], [12.5623906, 41.823637]]}}, {"type": "Feature", "properties": {}, "geometry": {"type": "LineString", "coordinates": [[12.5677773, 41.8107698], [12.5682088, 41.8109854], [12.5689006, 41.8113078], [12.569585, 41.8116303], [12.5701008, 41.8118845], [12.5706999, 41.8121229], [12.5709344, 41.8122516], [12.5711731, 41.8126265], [12.5713351, 41.8130937], [12.5713948, 41.8135258], [12.5713714, 41.8136768], [12.5711838, 41.8138976], [12.5709536, 41.8141693], [12.5707894, 41.8143123], [12.5705506, 41.8145745], [12.5703076, 41.8148271], [12.5700646, 41.8153514], [12.5698536, 41.8158281], [12.5695807, 41.8163603], [12.5692076, 41.8169545], [12.5690755, 41.8171754], [12.5689944, 41.8174995], [12.5687727, 41.8177997], [12.5684977, 41.8180921], [12.568178, 41.8185099], [12.5678561, 41.8189071], [12.5676983, 41.8191819], [12.5675406, 41.8193011]]}}, {"type": "Feature", "properties": {}, "geometry": {"type": "LineString", "coordinates": [[12.5675406, 41.8193011], [12.5623906, 41.823637]]}}, {"type": "Feature", "properties": {}, "geometry": {"type": "Polygon", "coordinates": [[[12.5113144, 41.9144668], [12.5113178, 41.9144704], [12.5113194, 41.9144746], [12.511319, 41.9144789], [12.5113166, 41.9144829], [12.5113125, 41.9144861], [12.5113073, 41.914488], [12.5113014, 41.9144885], [12.5112962, 41.9144877], [12.5112915, 41.9144856], [12.511288, 41.9144826], [12.5112859, 41.9144789], [12.5112854, 41.9144749], [12.5112866, 41.914471], [12.5112895, 41.9144676], [12.5112936, 41.914465], [12.5112986, 41.9144635], [12.5113039, 41.9144632], [12.5113096, 41.9144643], [12.5113144, 41.9144668]]]}}, {"type": "Feature", "properties": {}, "geometry": {"type": "Polygon", "coordinates": [[[12.5114386, 41.9144777], [12.511442, 41.9144813], [12.5114436, 41.9144855], [12.5114431, 41.9144898], [12.5114408, 41.9144938], [12.5114367, 41.9144969], [12.5114315, 41.9144989], [12.5114256, 41.9144994], [12.5114204, 41.9144985], [12.5114157, 41.9144965], [12.5114122, 41.9144935], [12.5114101, 41.9144898], [12.5114096, 41.9144858], [12.5114108, 41.9144819], [12.5114137, 41.9144785], [12.5114178, 41.9144759], [12.5114228, 41.9144744], [12.5114281, 41.9144741], [12.5114338, 41.9144752], [12.5114386, 41.9144777]]]}}, {"type": "Feature", "properties": {}, "geometry": {"type": "Polygon", "coordinates": [[[12.5113047, 41.9143885], [12.5113362, 41.9141783], [12.5114794, 41.9141901], [12.5114479, 41.9144003], [12.5113047, 41.9143885]]]}}, {"type": "Feature", "properties": {}, "geometry": {"type": "Polygon", "coordinates": [[[12.5118492, 41.9132422], [12.5118452, 41.9132465], [12.5118374, 41.9132504], [12.5118272, 41.9132519], [12.511816, 41.9132515], [12.5118039, 41.9132502], [12.5117907, 41.9132466], [12.5117811, 41.9132422], [12.5117727, 41.9132376], [12.511765, 41.9132315], [12.5117559, 41.9132222], [12.5117512, 41.9132154], [12.5117485, 41.9132077], [12.5117497, 41.9132002], [12.5117543, 41.9131941], [12.5117604, 41.9131885], [12.5117685, 41.9131859], [12.5117796, 41.9131847], [12.5117907, 41.9131852], [12.5117997, 41.9131872], [12.5118093, 41.9131907], [12.5118209, 41.9131956], [12.5118295, 41.9132004], [12.5118381, 41.9132065], [12.5118457, 41.913214], [12.5118508, 41.913221], [12.5118536, 41.9132291], [12.5118533, 41.9132355], [12.5118492, 41.9132422]]]}}, {"type": "Feature", "properties": {}, "geometry": {"type": "Polygon", "coordinates": [[[12.5116455, 41.9080701], [12.5116577, 41.9080699], [12.5116692, 41.9080728], [12.5116787, 41.9080784], [12.5116851, 41.9080861], [12.5116876, 41.9080949], [12.5116858, 41.9081039], [12.5116801, 41.9081119], [12.5116711, 41.9081179], [12.5116599, 41.9081213], [12.5116477, 41.9081217], [12.5116362, 41.9081189], [12.5116291, 41.9081153], [12.5116234, 41.9081104], [12.5116195, 41.9081047], [12.5116175, 41.9080985], [12.5116177, 41.9080921], [12.5116199, 41.9080859], [12.5116242, 41.9080803], [12.5116301, 41.9080756], [12.5116374, 41.9080722], [12.5116455, 41.9080701]]]}}, {"type": "Feature", "properties": {}, "geometry": {"type": "Polygon", "coordinates": [[[12.4990186, 41.9033728], [12.4990296, 41.9033764], [12.4990385, 41.9033825], [12.4990444, 41.9033903], [12.4990466, 41.9033991], [12.499045, 41.903408], [12.4990397, 41.903416], [12.4990312, 41.9034224], [12.4990205, 41.9034265], [12.4990086, 41.9034278], [12.4989959, 41.903426], [12.4989848, 41.9034212], [12.4989765, 41.9034138], [12.4989721, 41.9034047], [12.4989721, 41.9033951], [12.4989764, 41.9033861], [12.4989846, 41.9033787], [12.4989948, 41.903374], [12.4990066, 41.903372], [12.4990186, 41.9033728]]]}}, {"type": "Feature", "properties": {}, "geometry": {"type": "Polygon", "coordinates": [[[12.5368835, 41.8515638], [12.5369316, 41.8515001], [12.5369399, 41.8514642], [12.5369316, 41.8514299], [12.5369268, 41.8514198], [12.5369145, 41.8514142], [12.5368855, 41.8514097], [12.5368544, 41.8514136], [12.5367992, 41.8514251], [12.5367773, 41.8514382], [12.5367654, 41.8514548], [12.5367487, 41.8515063], [12.5367606, 41.8515258], [12.5367725, 41.8515371], [12.5368338, 41.8515667], [12.5368513, 41.8515703], [12.5368719, 41.8515694], [12.5368835, 41.8515638]]]}}, {"type": "Feature", "properties": {}, "geometry": {"type": "LineString", "coordinates": [[12.5365117, 41.8522504], [12.536384, 41.8522761], [12.5361492, 41.8523276], [12.5359639, 41.8523747], [12.5358224, 41.8524321], [12.5357591, 41.852463], [12.5357085, 41.8524767], [12.5354346, 41.8525024], [12.5351894, 41.8525461], [12.5348822, 41.8525933], [12.5346647, 41.8526241], [12.5343263, 41.8526542], [12.5341894, 41.8526533], [12.534133, 41.8526293]]}}, {"type": "Feature", "properties": {}, "geometry": {"type": "LineString", "coordinates": [[12.5354892, 41.8526654], [12.5354453, 41.8526822], [12.5349329, 41.8527065], [12.534859, 41.8527111], [12.5348202, 41.8527158]]}}, {"type": "Feature", "properties": {}, "geometry": {"type": "LineString", "coordinates": [[12.3905311, 41.8181051], [12.3905321, 41.8180939], [12.3905321, 41.8180744], [12.3905221, 41.8180519], [12.3904909, 41.8180302], [12.3904587, 41.8180047], [12.3904185, 41.8179852], [12.3903863, 41.8179732], [12.3903491, 41.8179635], [12.3903008, 41.8179537], [12.3902445, 41.817947], [12.390159, 41.8179402], [12.3901057, 41.817932], [12.3900393, 41.8179267], [12.3899699, 41.81792], [12.3898854, 41.817914], [12.389812, 41.8179072], [12.3897235, 41.8178997], [12.3896631, 41.8178945], [12.3895967, 41.8178757], [12.3895283, 41.8178578], [12.3894629, 41.8178375], [12.3894086, 41.8178165], [12.3893754, 41.8177783], [12.3893241, 41.8177056], [12.389303, 41.8176749], [12.3893201, 41.8176074], [12.3893563, 41.8175437], [12.3893855, 41.8175107], [12.3894147, 41.8174792], [12.389466, 41.8174462], [12.3895454, 41.8174042], [12.3895917, 41.8173728], [12.3896883, 41.817324], [12.3897255, 41.8172985], [12.3898281, 41.8172461], [12.3898824, 41.8172138], [12.3899689, 41.8171704], [12.3900433, 41.8171306], [12.3901198, 41.8170961], [12.3901982, 41.8170579], [12.3902837, 41.8170227], [12.3903601, 41.8169949], [12.3904869, 41.8169635], [12.3905271, 41.8169522], [12.3906126, 41.8169627], [12.3907162, 41.8169747], [12.3907574, 41.8169815], [12.3908419, 41.8170287], [12.3908661, 41.8170459], [12.3908719, 41.8170628], [12.3908852, 41.8171014], [12.3908993, 41.8171576], [12.3909134, 41.8172236], [12.3909284, 41.8172753], [12.3909486, 41.817336], [12.3909083, 41.8174252], [12.3908641, 41.8175204], [12.3908138, 41.8176141], [12.3907796, 41.8176719], [12.3907393, 41.8177438], [12.3906911, 41.8178345], [12.3906569, 41.8178922], [12.3906042, 41.8179894]]}}, {"type": "Feature", "properties": {}, "geometry": {"type": "LineString", "coordinates": [[12.3915698, 41.8181049], [12.391596, 41.8181004], [12.3916805, 41.8180929], [12.391771, 41.8181049], [12.3919058, 41.8181214], [12.3920546, 41.8181409], [12.3921733, 41.8181484], [12.3923161, 41.8181514], [12.392465, 41.8181618], [12.3925515, 41.8181633], [12.39263, 41.8181514], [12.3926984, 41.8181334], [12.3927849, 41.8180944], [12.3928352, 41.8180554], [12.3928754, 41.8180149], [12.3928915, 41.8179789], [12.3929015, 41.817922], [12.3929076, 41.8178575], [12.3929015, 41.8178155], [12.3928811, 41.8177819], [12.3928533, 41.8177361], [12.392823, 41.8176844], [12.3927989, 41.8176431], [12.3927627, 41.8175891], [12.3927576, 41.8175817], [12.3927305, 41.8175427], [12.3926883, 41.8175007], [12.3926775, 41.8174882], [12.3926521, 41.8174587], [12.3926159, 41.8174377], [12.3925716, 41.8174107], [12.3925374, 41.8173882], [12.3924851, 41.8173703], [12.3924047, 41.8173613], [12.3923403, 41.8173613], [12.392296, 41.8173643], [12.3922256, 41.8173897], [12.3921733, 41.8174137], [12.3921311, 41.8174272], [12.3920969, 41.8174422], [12.3920446, 41.8174677], [12.3920204, 41.8174917], [12.3919862, 41.8175217], [12.391952, 41.8175547], [12.3919038, 41.8176026], [12.3918494, 41.8176596], [12.3918213, 41.8176971], [12.3917871, 41.8177496], [12.3917328, 41.8178275], [12.3916966, 41.8178875], [12.3916483, 41.8179595], [12.3916241, 41.8179984], [12.3916096, 41.818019]]}}, {"type": "Feature", "properties": {}, "geometry": {"type": "LineString", "coordinates": [[12.3916096, 41.818019], [12.3915593, 41.8180899]]}}, {"type": "Feature", "properties": {}, "geometry": {"type": "LineString", "coordinates": [[12.388867, 41.8188106], [12.3888771, 41.8188624], [12.3889052, 41.8189448], [12.3889263, 41.8189928], [12.3889636, 41.8190632], [12.3889927, 41.8191105], [12.389044, 41.8191742], [12.3891064, 41.8192379], [12.3891426, 41.8192724], [12.3892412, 41.8193436], [12.3893136, 41.8193878], [12.3893719, 41.8194253], [12.3894333, 41.8194358], [12.3895369, 41.819444], [12.3896354, 41.8194545], [12.3897169, 41.8194148], [12.3897793, 41.8193818], [12.3898447, 41.8193466], [12.3898728, 41.8193054], [12.3899241, 41.8192431], [12.3899603, 41.8191952], [12.3900146, 41.8191322], [12.3900579, 41.8190557], [12.39008, 41.8190115], [12.3901011, 41.818977]]}}, {"type": "Feature", "properties": {}, "geometry": {"type": "LineString", "coordinates": [[12.3901333, 41.8189081], [12.3901702, 41.8188234], [12.3902205, 41.8187199], [12.390241, 41.8186847], [12.390256, 41.8186667], [12.3902671, 41.818654], [12.3902711, 41.8186435], [12.3902601, 41.8186412], [12.3902239, 41.818645], [12.3901514, 41.8186442], [12.3900559, 41.818639], [12.3899845, 41.818633], [12.389908, 41.8186217], [12.3898185, 41.818609], [12.3897028, 41.8186], [12.3895942, 41.818582], [12.3894765, 41.818573], [12.38938, 41.8185693], [12.3892381, 41.818567], [12.3891537, 41.81857], [12.3890641, 41.8185962], [12.3890028, 41.818621], [12.3889525, 41.8186427], [12.3889173, 41.8186937], [12.3888771, 41.8187814], [12.388867, 41.8188106]]}}, {"type": "Feature", "properties": {}, "geometry": {"type": "LineString", "coordinates": [[12.3901011, 41.818977], [12.3901333, 41.8189081]]}}, {"type": "Feature", "properties": {}, "geometry": {"type": "LineString", "coordinates": [[12.3912015, 41.8187357], [12.3912196, 41.8186997], [12.3912307, 41.8186727], [12.3912367, 41.818657], [12.3912307, 41.8186345]]}}, {"type": "Feature", "properties": {}, "geometry": {"type": "LineString", "coordinates": [[12.3909988, 41.8194796], [12.3909807, 41.8194632], [12.3909767, 41.8194459], [12.3909747, 41.8193859], [12.3909757, 41.8193417], [12.3909777, 41.819296], [12.3909838, 41.819254], [12.3909958, 41.8191948], [12.3910079, 41.8191611], [12.3910371, 41.8191011], [12.3910522, 41.8190531], [12.3910733, 41.8190007], [12.3910924, 41.8189534], [12.3911216, 41.818898], [12.3911588, 41.818835], [12.3911764, 41.8187979]]}}, {"type": "Feature", "properties": {}, "geometry": {"type": "LineString", "coordinates": [[12.3911764, 41.8187979], [12.3912015, 41.8187357]]}}, {"type": "Feature", "properties": {}, "geometry": {"type": "LineString", "coordinates": [[12.3924583, 41.8191536], [12.3923889, 41.819215], [12.3923597, 41.819242], [12.3922923, 41.8192855], [12.3922421, 41.819311], [12.3921767, 41.8193462], [12.3921183, 41.8193732], [12.3920469, 41.8194092], [12.3920057, 41.8194279], [12.3919624, 41.8194489], [12.3919041, 41.8194766], [12.3918538, 41.8195014], [12.3917834, 41.8195351], [12.3917381, 41.8195524], [12.3916728, 41.8195726], [12.3916205, 41.8195906], [12.3915742, 41.8196086], [12.3915199, 41.8196273], [12.3914766, 41.8196401], [12.3914273, 41.8196453], [12.3913509, 41.8196483], [12.3913086, 41.8196476], [12.3912805, 41.8196468], [12.3912473, 41.8196393], [12.3912171, 41.8196288], [12.3911698, 41.8196078], [12.3911366, 41.8195861], [12.3910994, 41.8195606], [12.3910733, 41.8195351], [12.3910391, 41.8195141]]}}, {"type": "Feature", "properties": {}, "geometry": {"type": "LineString", "coordinates": [[12.3910391, 41.8195141], [12.3909988, 41.8194796]]}}, {"type": "Feature", "properties": {}, "geometry": {"type": "LineString", "coordinates": [[12.3925217, 41.8186701], [12.3925217, 41.8186971]]}}, {"type": "Feature", "properties": {}, "geometry": {"type": "LineString", "coordinates": [[12.3924845, 41.8186948], [12.3925217, 41.8186971], [12.3925971, 41.8187083], [12.3927118, 41.8187226], [12.3928013, 41.8187353], [12.3929089, 41.818751], [12.3929803, 41.818763], [12.3930769, 41.8187848], [12.3931553, 41.8188028], [12.3932821, 41.8188387]]}}, {"type": "Feature", "properties": {}, "geometry": {"type": "LineString", "coordinates": [[12.3933394, 41.8188043], [12.3932821, 41.8188387], [12.3932318, 41.8188837]]}}, {"type": "Feature", "properties": {}, "geometry": {"type": "LineString", "coordinates": [[12.3906146, 41.8199924], [12.3906106, 41.8200276], [12.3906056, 41.8200658], [12.3906046, 41.8201115], [12.3906086, 41.8201625], [12.3906287, 41.820233]]}}, {"type": "Feature", "properties": {}, "geometry": {"type": "LineString", "coordinates": [[12.3905291, 41.8200538], [12.3905814, 41.8200628], [12.3906056, 41.8200658]]}}, {"type": "Feature", "properties": {}, "geometry": {"type": "LineString", "coordinates": [[12.3908411, 41.8195224], [12.3908134, 41.8195355], [12.3907913, 41.8195494], [12.3907702, 41.819576], [12.3907395, 41.8196431], [12.3907199, 41.8196787], [12.3907028, 41.8197146], [12.3906882, 41.8197502], [12.3906857, 41.81976], [12.390674, 41.8197997], [12.3906609, 41.8198507], [12.3906538, 41.8198852]]}}, {"type": "Feature", "properties": {}, "geometry": {"type": "LineString", "coordinates": [[12.3909636, 41.8194692], [12.3908411, 41.8195224]]}}, {"type": "Feature", "properties": {}, "geometry": {"type": "LineString", "coordinates": [[12.3909807, 41.8194632], [12.3909636, 41.8194692]]}}, {"type": "Feature", "properties": {}, "geometry": {"type": "LineString", "coordinates": [[12.3906538, 41.8198852], [12.3906146, 41.8199924]]}}, {"type": "Feature", "properties": {}, "geometry": {"type": "LineString", "coordinates": [[12.3906168, 41.8198417], [12.39065, 41.8198466], [12.3906609, 41.8198507]]}}, {"type": "Feature", "properties": {}, "geometry": {"type": "LineString", "coordinates": [[12.3925751, 41.816636], [12.392562, 41.8167168], [12.392556, 41.8167857], [12.3925459, 41.8168592], [12.3925358, 41.8169312], [12.3925258, 41.8170121], [12.3925097, 41.8170983], [12.3925016, 41.8172228], [12.3925117, 41.8172513]]}}, {"type": "Feature", "properties": {}, "geometry": {"type": "LineString", "coordinates": [[12.3925316, 41.8173719], [12.3925374, 41.8173882]]}}, {"type": "Feature", "properties": {}, "geometry": {"type": "LineString", "coordinates": [[12.3925117, 41.8172513], [12.3925316, 41.8173719]]}}, {"type": "Feature", "properties": {}, "geometry": {"type": "LineString", "coordinates": [[12.3922601, 41.8173168], [12.3922686, 41.8173255], [12.3922757, 41.8173371], [12.3922817, 41.8173487], [12.3922892, 41.8173581], [12.392296, 41.8173643]]}}, {"type": "Feature", "properties": {}, "geometry": {"type": "LineString", "coordinates": [[12.3927613, 41.8174173], [12.3927352, 41.817436], [12.392707, 41.81746], [12.3926859, 41.817481], [12.3926775, 41.8174882]]}}, {"type": "Feature", "properties": {}, "geometry": {"type": "LineString", "coordinates": [[12.3928971, 41.8175132], [12.3928629, 41.8175305], [12.3928267, 41.81755], [12.3927915, 41.8175642], [12.3927673, 41.817577], [12.3927576, 41.8175817]]}}, {"type": "Feature", "properties": {}, "geometry": {"type": "LineString", "coordinates": [[12.3929856, 41.8176174], [12.3929534, 41.8176317], [12.3929192, 41.8176467], [12.392873, 41.8176639], [12.3928468, 41.8176759], [12.3928337, 41.8176804], [12.392823, 41.8176844]]}}, {"type": "Feature", "properties": {}, "geometry": {"type": "LineString", "coordinates": [[12.393048, 41.8177509], [12.3930098, 41.8177584], [12.3929595, 41.8177689], [12.3929102, 41.8177764], [12.3928911, 41.8177809], [12.3928811, 41.8177819]]}}, {"type": "Feature", "properties": {}, "geometry": {"type": "LineString", "coordinates": [[12.3913521, 41.816436], [12.3913743, 41.816481], [12.3914105, 41.8165515], [12.3913451, 41.8166377], [12.3913109, 41.8166812], [12.3912546, 41.8167554], [12.3911832, 41.8168476], [12.391153, 41.8168873], [12.3910906, 41.81696]]}}, {"type": "Feature", "properties": {}, "geometry": {"type": "LineString", "coordinates": [[12.3910906, 41.81696], [12.3909076, 41.8170455]]}}, {"type": "Feature", "properties": {}, "geometry": {"type": "LineString", "coordinates": [[12.3909076, 41.8170455], [12.3908719, 41.8170628]]}}, {"type": "Feature", "properties": {}, "geometry": {"type": "LineString", "coordinates": [[12.3956486, 41.8185725], [12.3956073, 41.8185635], [12.3954032, 41.8185118], [12.3952452, 41.8184863], [12.3950169, 41.8184338], [12.3948272, 41.8183589], [12.3946723, 41.8182989], [12.3946079, 41.8182659], [12.3945033, 41.8181955], [12.3943806, 41.818131], [12.394276, 41.8180575], [12.3941874, 41.8180036], [12.3940708, 41.8179016], [12.3940205, 41.8178521], [12.3939279, 41.8177502], [12.3938797, 41.8176917], [12.3938193, 41.8175973], [12.3937831, 41.8175328], [12.3937348, 41.8174353], [12.3936986, 41.8173589], [12.3936825, 41.8173199], [12.3936322, 41.8171835], [12.3935638, 41.8170021], [12.3935135, 41.8168626], [12.3934713, 41.8167322], [12.3934331, 41.8165943], [12.393419, 41.8165388], [12.3934049, 41.8164338], [12.3933989, 41.8163664], [12.3934029, 41.8162494], [12.3934089, 41.8161655], [12.393425, 41.8160485], [12.3934431, 41.8159751], [12.3934673, 41.8158956], [12.3935035, 41.8158266], [12.3935658, 41.8157007], [12.3936, 41.8156272], [12.3936202, 41.8155793], [12.3936564, 41.8155193], [12.3936644, 41.8155043], [12.3936725, 41.8154938], [12.3936805, 41.8154833], [12.3936946, 41.8154683], [12.3937046, 41.8154533], [12.3937811, 41.8153799], [12.3938374, 41.8153244], [12.39394, 41.8152224], [12.3940225, 41.815158], [12.3941231, 41.8150725], [12.3942055, 41.8149766], [12.3942458, 41.8149226], [12.3943705, 41.8147861], [12.3944349, 41.8147097], [12.3945294, 41.8146227], [12.3946139, 41.8145553], [12.3947447, 41.8144413], [12.394809, 41.8144023], [12.3949378, 41.8142899], [12.3949733, 41.8142659]]}}, {"type": "Feature", "properties": {}, "geometry": {"type": "LineString", "coordinates": [[12.3957626, 41.8185845], [12.3956999, 41.818577]]}}, {"type": "Feature", "properties": {}, "geometry": {"type": "LineString", "coordinates": [[12.3956999, 41.818577], [12.3956486, 41.8185725]]}}, {"type": "Feature", "properties": {}, "geometry": {"type": "LineString", "coordinates": [[12.3951926, 41.8140987], [12.3952017, 41.8140905], [12.3952147, 41.8140815], [12.3952268, 41.8140747], [12.3952338, 41.8140687]]}}, {"type": "Feature", "properties": {}, "geometry": {"type": "LineString", "coordinates": [[12.3949733, 41.8142659], [12.3951926, 41.8140987]]}}, {"type": "Feature", "properties": {}, "geometry": {"type": "LineString", "coordinates": [[12.3974049, 41.8130192], [12.3973416, 41.8129832], [12.3972329, 41.8129322], [12.3971887, 41.8129142], [12.3971515, 41.8129067], [12.3970569, 41.812924], [12.3969694, 41.8129622], [12.3968638, 41.8130222], [12.3967562, 41.8130837], [12.3966586, 41.8131406], [12.396553, 41.8132029], [12.3964856, 41.8132396], [12.3964472, 41.8132531], [12.3965558, 41.8132816]]}}, {"type": "Feature", "properties": {}, "geometry": {"type": "LineString", "coordinates": [[12.3965558, 41.8132816], [12.3966041, 41.8133086], [12.3966155, 41.8133167], [12.3966866, 41.813367], [12.3967349, 41.8133985], [12.3967872, 41.8134225], [12.3968656, 41.813448], [12.3969139, 41.813469], [12.3969642, 41.8134825], [12.3970728, 41.813481], [12.3971976, 41.8134765], [12.3972861, 41.8134165], [12.3973846, 41.813361], [12.3974249, 41.8132891], [12.3974752, 41.8131961], [12.3974349, 41.8130912]]}}, {"type": "Feature", "properties": {}, "geometry": {"type": "LineString", "coordinates": [[12.3974349, 41.8130912], [12.3974049, 41.8130192]]}}, {"type": "Feature", "properties": {}, "geometry": {"type": "LineString", "coordinates": [[12.3963126, 41.8135132], [12.3963675, 41.8134857], [12.3964725, 41.813433]]}}, {"type": "Feature", "properties": {}, "geometry": {"type": "LineString", "coordinates": [[12.3964725, 41.813433], [12.3965248, 41.8133948], [12.3965852, 41.8133513], [12.3966053, 41.8133273], [12.3966155, 41.8133167]]}}, {"type": "Feature", "properties": {}, "geometry": {"type": "LineString", "coordinates": [[12.3962694, 41.8135372], [12.3963126, 41.8135132]]}}, {"type": "Feature", "properties": {}, "geometry": {"type": "LineString", "coordinates": [[12.3960298, 41.8134937], [12.3957483, 41.8132885]]}}, {"type": "Feature", "properties": {}, "geometry": {"type": "LineString", "coordinates": [[12.3954375, 41.8130619], [12.3954285, 41.8130537]]}}, {"type": "Feature", "properties": {}, "geometry": {"type": "LineString", "coordinates": [[12.3967037, 41.8137081], [12.3966474, 41.8137006], [12.3965609, 41.8136827], [12.3964281, 41.8136362], [12.3963899, 41.8136152], [12.3963315, 41.8135807], [12.3962694, 41.8135372], [12.3961968, 41.8134922], [12.3961505, 41.8134503], [12.3961324, 41.8134368], [12.3960298, 41.8134937]]}}, {"type": "Feature", "properties": {}, "geometry": {"type": "LineString", "coordinates": [[12.3956002, 41.8131806], [12.3954791, 41.8130922], [12.3954375, 41.8130619]]}}, {"type": "Feature", "properties": {}, "geometry": {"type": "LineString", "coordinates": [[12.3957483, 41.8132885], [12.3956002, 41.8131806]]}}, {"type": "Feature", "properties": {}, "geometry": {"type": "LineString", "coordinates": [[12.3956737, 41.812927], [12.3955772, 41.812957], [12.3954285, 41.8130537]]}}, {"type": "Feature", "properties": {}, "geometry": {"type": "LineString", "coordinates": [[12.3959676, 41.8127291], [12.3959465, 41.8127426], [12.3959314, 41.8127546], [12.3959163, 41.8127673], [12.3959083, 41.8127786], [12.3959052, 41.8127883], [12.3958912, 41.8127965], [12.395866, 41.8128145], [12.3958358, 41.8128363]]}}, {"type": "Feature", "properties": {}, "geometry": {"type": "LineString", "coordinates": [[12.3958358, 41.8128363], [12.3956737, 41.812927]]}}, {"type": "Feature", "properties": {}, "geometry": {"type": "LineString", "coordinates": [[12.3954285, 41.8130537], [12.3953539, 41.8131047], [12.3952352, 41.8131811], [12.3951145, 41.8132546]]}}, {"type": "Feature", "properties": {}, "geometry": {"type": "LineString", "coordinates": [[12.3963599, 41.8124722], [12.3961788, 41.8125741], [12.3960712, 41.8126514], [12.3959676, 41.8127291]]}}, {"type": "Feature", "properties": {}, "geometry": {"type": "LineString", "coordinates": [[12.394999, 41.8120711], [12.3950131, 41.8120576], [12.3950835, 41.8119849]]}}, {"type": "Feature", "properties": {}, "geometry": {"type": "LineString", "coordinates": [[12.3951408, 41.8121446], [12.3951569, 41.8121251], [12.3952183, 41.8120546]]}}, {"type": "Feature", "properties": {}, "geometry": {"type": "LineString", "coordinates": [[12.3947333, 41.8117967], [12.3949143, 41.8118927], [12.3950592, 41.8119722], [12.3950835, 41.8119849], [12.3952183, 41.8120546], [12.3953026, 41.8120921], [12.3953469, 41.8121043], [12.3954937, 41.8121446], [12.3956566, 41.8121716], [12.3957877, 41.8121944], [12.395898, 41.8122136], [12.3959716, 41.812215], [12.3960469, 41.8122165], [12.3961345, 41.8122126], [12.3962802, 41.8122061], [12.3962984, 41.8122041], [12.3964472, 41.8121881], [12.3966262, 41.8121566], [12.3968214, 41.8120906], [12.3969099, 41.8120576], [12.3970206, 41.8120118], [12.3970728, 41.8119901], [12.3971815, 41.8119572], [12.3973122, 41.8118807], [12.3973374, 41.8118707], [12.397441, 41.8118297], [12.3975918, 41.8117472], [12.3976994, 41.8117028], [12.3978674, 41.8116333], [12.3979115, 41.8116163], [12.3979801, 41.8115898], [12.3981712, 41.8115163], [12.398318, 41.8114624], [12.3985071, 41.8113784], [12.3986138, 41.8113394], [12.3988613, 41.8112485], [12.3988914, 41.8112375], [12.3989859, 41.8112], [12.3992132, 41.8110995], [12.3992619, 41.8110804], [12.3994385, 41.8110111], [12.3995472, 41.8109691], [12.399649, 41.8109273], [12.399686, 41.8109121], [12.3997765, 41.8108641], [12.3999636, 41.8108281], [12.4000601, 41.8107861], [12.4002191, 41.8107202], [12.4002834, 41.8106947], [12.4005087, 41.8106407], [12.4007743, 41.8105669], [12.4008326, 41.8105507], [12.4009795, 41.8105118], [12.4011565, 41.8104548], [12.4012913, 41.8104098], [12.4015508, 41.8103483], [12.4016454, 41.8103277], [12.4016815, 41.8103198], [12.4019129, 41.8102509], [12.4020718, 41.8102089], [12.4021028, 41.8102019], [12.4023112, 41.8101549], [12.4024782, 41.8101159], [12.4027155, 41.8100604], [12.4028724, 41.8100305], [12.4030394, 41.8100065], [12.403146, 41.8100035], [12.4033774, 41.8099975], [12.403488, 41.809975], [12.403657, 41.809936], [12.4039366, 41.8098775], [12.4040372, 41.8098565], [12.4042585, 41.8098055], [12.4043953, 41.8097756], [12.4046266, 41.8097306], [12.4047393, 41.8097081], [12.4049887, 41.8096526], [12.4051597, 41.8096226], [12.4054534, 41.8095626], [12.4055962, 41.8095386], [12.4058618, 41.8094802], [12.4060086, 41.8094502], [12.406256, 41.8093962], [12.406419, 41.8093677], [12.4067227, 41.8093017], [12.4068877, 41.8092657], [12.4070708, 41.8092283], [12.4072619, 41.8091863], [12.4076039, 41.8091128], [12.4077708, 41.8090798], [12.4080444, 41.8090183], [12.4081973, 41.8089884], [12.4084729, 41.8089344], [12.4086338, 41.8089029], [12.4089376, 41.8088459], [12.4091347, 41.8088114], [12.4093419, 41.8087709], [12.4095672, 41.8087349], [12.4098006, 41.8086885], [12.4099997, 41.80866], [12.410225, 41.8086225], [12.4103578, 41.808594], [12.4105489, 41.8085475], [12.4106938, 41.808525], [12.4110176, 41.8084665], [12.4111766, 41.8084426], [12.4114119, 41.8084006], [12.4117861, 41.8083421], [12.4119933, 41.8083046], [12.4122669, 41.8082641], [12.4127054, 41.8081922], [12.4130816, 41.8081367], [12.4132787, 41.8081052], [12.4135624, 41.8080647], [12.4138561, 41.8080122], [12.4140693, 41.8079807], [12.4141298, 41.8079625], [12.4142383, 41.8079297], [12.4143248, 41.8078923], [12.4143469, 41.8078518], [12.4143691, 41.8077888], [12.4143952, 41.8077003], [12.4143912, 41.8076269], [12.4143831, 41.8074994], [12.4143751, 41.8074139], [12.4143691, 41.8072835], [12.414367, 41.807219], [12.414357, 41.807105], [12.4143248, 41.8069551], [12.4143168, 41.8068081], [12.4143027, 41.8067362], [12.4142826, 41.8066042], [12.4142182, 41.8064843], [12.414186, 41.8064243]]}}, {"type": "Feature", "properties": {}, "geometry": {"type": "LineString", "coordinates": [[12.4141357, 41.8063373], [12.4140995, 41.8062653], [12.4140633, 41.8062009], [12.4139989, 41.8061019]]}}, {"type": "Feature", "properties": {}, "geometry": {"type": "LineString", "coordinates": [[12.414186, 41.8064243], [12.4141459, 41.8063549], [12.4141357, 41.8063373]]}}, {"type": "Feature", "properties": {}, "geometry": {"type": "LineString", "coordinates": [[12.3952877, 41.8122046], [12.3953058, 41.8121783], [12.3953219, 41.8121513], [12.3953469, 41.8121043]]}}, {"type": "Feature", "properties": {}, "geometry": {"type": "LineString", "coordinates": [[12.3954476, 41.8122563], [12.3954587, 41.8122353], [12.3954727, 41.8122038], [12.3954908, 41.8121588], [12.3954937, 41.8121446]]}}, {"type": "Feature", "properties": {}, "geometry": {"type": "LineString", "coordinates": [[12.3956226, 41.8122945], [12.3956327, 41.8122615], [12.3956377, 41.8122368], [12.3956508, 41.8121933], [12.3956566, 41.8121716]]}}, {"type": "Feature", "properties": {}, "geometry": {"type": "LineString", "coordinates": [[12.3957795, 41.8123178], [12.3957835, 41.8122945], [12.3957886, 41.8122585], [12.3957896, 41.8122083], [12.3957877, 41.8121944]]}}, {"type": "Feature", "properties": {}, "geometry": {"type": "LineString", "coordinates": [[12.3959586, 41.8123342], [12.3959626, 41.8123103], [12.3959676, 41.8122713], [12.3959716, 41.8122263], [12.3959716, 41.812215]]}}, {"type": "Feature", "properties": {}, "geometry": {"type": "LineString", "coordinates": [[12.3961416, 41.8123342], [12.3961416, 41.8123058], [12.3961396, 41.8122615], [12.3961376, 41.8122368], [12.3961345, 41.8122126]]}}, {"type": "Feature", "properties": {}, "geometry": {"type": "LineString", "coordinates": [[12.3963106, 41.812323], [12.3963076, 41.8122983], [12.3963056, 41.8122653], [12.3962995, 41.8122188], [12.3962984, 41.8122041]]}}, {"type": "Feature", "properties": {}, "geometry": {"type": "LineString", "coordinates": [[12.3970851, 41.8121018], [12.397075, 41.8120884], [12.3970559, 41.8120621], [12.3970206, 41.8120118]]}}, {"type": "Feature", "properties": {}, "geometry": {"type": "LineString", "coordinates": [[12.3975035, 41.8118919], [12.3974794, 41.8118657], [12.397441, 41.8118297]]}}, {"type": "Feature", "properties": {}, "geometry": {"type": "LineString", "coordinates": [[12.397761, 41.8117675], [12.3977409, 41.8117487], [12.3977178, 41.8117225], [12.3976994, 41.8117028]]}}, {"type": "Feature", "properties": {}, "geometry": {"type": "LineString", "coordinates": [[12.3979773, 41.8116805], [12.3979501, 41.8116528], [12.397929, 41.8116363], [12.3979115, 41.8116163]]}}, {"type": "Feature", "properties": {}, "geometry": {"type": "LineString", "coordinates": [[12.3989036, 41.8113244], [12.3988875, 41.8112959], [12.3988734, 41.8112719], [12.3988613, 41.8112485]]}}, {"type": "Feature", "properties": {}, "geometry": {"type": "LineString", "coordinates": [[12.4141771, 41.8081267], [12.414163, 41.8080817], [12.4141409, 41.8080165], [12.4141298, 41.8079625]]}}, {"type": "Feature", "properties": {}, "geometry": {"type": "LineString", "coordinates": [[12.3951145, 41.8132546], [12.394863, 41.8132335]]}}, {"type": "Feature", "properties": {}, "geometry": {"type": "LineString", "coordinates": [[12.394863, 41.8132335], [12.3948429, 41.8132305]]}}, {"type": "Feature", "properties": {}, "geometry": {"type": "LineString", "coordinates": [[12.394688, 41.8123084], [12.3948147, 41.8123893], [12.3948711, 41.8124463], [12.3949093, 41.8125018], [12.3949455, 41.8125843], [12.3949455, 41.8126637], [12.3949475, 41.8127597], [12.3949475, 41.8128332], [12.3949314, 41.8129366], [12.3949153, 41.8130011], [12.3948771, 41.8131465], [12.394859, 41.81319], [12.3948429, 41.8132305], [12.3948308, 41.813259], [12.3947926, 41.8133339], [12.3947343, 41.8134359], [12.3946176, 41.8135618], [12.3945271, 41.8136473], [12.3943903, 41.8137552], [12.394336, 41.8137912], [12.3941509, 41.8139367], [12.3939759, 41.8140746], [12.3937747, 41.8142395], [12.3935977, 41.814394], [12.3934126, 41.8145544], [12.3932718, 41.8146848], [12.3931129, 41.8148198], [12.3929077, 41.8150132], [12.3927085, 41.8152021], [12.3925054, 41.815382], [12.392272, 41.8155844], [12.392095, 41.8157223], [12.3918838, 41.8158902], [12.3916162, 41.8160687], [12.3913909, 41.8161946], [12.3911354, 41.8163175], [12.3908799, 41.816424], [12.3906667, 41.8165289], [12.3904495, 41.8166174], [12.3901276, 41.8167568], [12.3898097, 41.8169067], [12.3894999, 41.8170327], [12.3891419, 41.8171856], [12.3888763, 41.817301], [12.3886772, 41.817367], [12.38847, 41.8174315], [12.3882749, 41.8174779], [12.388136, 41.8175109], [12.3879832, 41.8175394], [12.3878504, 41.8175559], [12.3876874, 41.8175739], [12.3875486, 41.8175769], [12.3873716, 41.8175829], [12.3871081, 41.8175889], [12.3869773, 41.8175919], [12.3868144, 41.8175904], [12.3866414, 41.8175874], [12.3864402, 41.8175709], [12.3862652, 41.8175619], [12.3860942, 41.8175544], [12.3859715, 41.8175424], [12.3858407, 41.8175319], [12.3856295, 41.8175154], [12.3854766, 41.8175079], [12.3853056, 41.8174914], [12.3849536, 41.8174779], [12.3847484, 41.8174705], [12.3846277, 41.81746], [12.3844708, 41.817445], [12.3844064, 41.8174375], [12.3842857, 41.817418], [12.3841831, 41.817397], [12.3841127, 41.8173835], [12.3840021, 41.8173715], [12.3838412, 41.817358], [12.3837044, 41.817343], [12.3834791, 41.817316], [12.3832779, 41.8172965], [12.3827991, 41.8172696], [12.3823666, 41.8172336]]}}, {"type": "Feature", "properties": {}, "geometry": {"type": "LineString", "coordinates": [[12.3822761, 41.8172261], [12.3816364, 41.8171256], [12.3814714, 41.8170941], [12.3812602, 41.8170851], [12.381055, 41.8170582], [12.380882, 41.8170432], [12.3805521, 41.8170102], [12.3802685, 41.8169967], [12.3800633, 41.8169772], [12.3799124, 41.8169607], [12.3796428, 41.8169337], [12.3793994, 41.8169112], [12.3792888, 41.8169082], [12.3791359, 41.8168872], [12.3788804, 41.8168648], [12.3785646, 41.8168408], [12.3782689, 41.8168078], [12.3779772, 41.8167793], [12.3776734, 41.8167523], [12.3774039, 41.8167268], [12.377078, 41.8166938], [12.3767702, 41.8166729], [12.3764704, 41.8166504], [12.3761727, 41.8166264], [12.3761224, 41.8166324], [12.3761043, 41.8166489], [12.3760826, 41.8166723]]}}, {"type": "Feature", "properties": {}, "geometry": {"type": "LineString", "coordinates": [[12.3823666, 41.8172336], [12.3822761, 41.8172261]]}}, {"type": "Feature", "properties": {}, "geometry": {"type": "LineString", "coordinates": [[12.4027863, 41.8155003], [12.4027662, 41.8155108], [12.4027521, 41.8155131], [12.402731, 41.8155168], [12.4027068, 41.8155228], [12.4026736, 41.8155326], [12.4026434, 41.8155438], [12.4026153, 41.8155566], [12.4025932, 41.8155641], [12.402569, 41.8155731], [12.4025318, 41.8155798], [12.4024916, 41.8155843], [12.4024674, 41.8155881], [12.4024292, 41.8155933], [12.4024071, 41.8155978], [12.402387, 41.8156001], [12.4023608, 41.815609], [12.4023367, 41.8156165], [12.4023166, 41.8156278], [12.4022984, 41.8156398], [12.4022813, 41.8156518], [12.4022632, 41.8156675], [12.4022492, 41.8156825], [12.4022311, 41.8157013], [12.402217, 41.8157155], [12.4021979, 41.8157305]]}}, {"type": "Feature", "properties": {}, "geometry": {"type": "LineString", "coordinates": [[12.4018529, 41.8160813], [12.4018428, 41.8160926]]}}, {"type": "Feature", "properties": {}, "geometry": {"type": "LineString", "coordinates": [[12.4019907, 41.8159351], [12.4018529, 41.8160813]]}}, {"type": "Feature", "properties": {}, "geometry": {"type": "LineString", "coordinates": [[12.4020933, 41.8158055], [12.4020792, 41.8158167], [12.4020651, 41.8158272], [12.402053, 41.8158437], [12.4020389, 41.8158624], [12.4020229, 41.8158894], [12.4020118, 41.8159089], [12.4019907, 41.8159351]]}}, {"type": "Feature", "properties": {}, "geometry": {"type": "LineString", "coordinates": [[12.4021979, 41.8157305], [12.4020933, 41.8158055]]}}, {"type": "Feature", "properties": {}, "geometry": {"type": "LineString", "coordinates": [[12.402919, 41.8152395], [12.402912, 41.8152575], [12.402909, 41.81528], [12.402907, 41.8153039], [12.402908, 41.8153219], [12.402907, 41.8153534], [12.402905, 41.8153722], [12.402905, 41.8153894], [12.4029019, 41.8154081], [12.4028949, 41.8154179], [12.4028788, 41.8154299], [12.4028647, 41.8154434], [12.4028496, 41.8154524]]}}, {"type": "Feature", "properties": {}, "geometry": {"type": "LineString", "coordinates": [[12.4028496, 41.8154524], [12.4027863, 41.8155003]]}}, {"type": "Feature", "properties": {}, "geometry": {"type": "LineString", "coordinates": [[12.4029784, 41.815145], [12.402919, 41.8152395]]}}, {"type": "Feature", "properties": {}, "geometry": {"type": "LineString", "coordinates": [[12.4030484, 41.8150652], [12.4030277, 41.815088], [12.4030076, 41.8151075], [12.4029965, 41.8151225], [12.4029784, 41.815145]]}}, {"type": "Feature", "properties": {}, "geometry": {"type": "Polygon", "coordinates": [[[12.5007585, 41.9345139], [12.5007629, 41.9344811], [12.5008014, 41.9344926], [12.5008642, 41.934504], [12.5008958, 41.9345033], [12.5008839, 41.9344767], [12.5008218, 41.9344549], [12.5008378, 41.9344295], [12.5008774, 41.9344221], [12.5009391, 41.9344893], [12.5009446, 41.9345221], [12.500873, 41.9345262], [12.5007959, 41.9345696], [12.5007486, 41.9345573], [12.5007585, 41.9345139]]]}}, {"type": "Feature", "properties": {}, "geometry": {"type": "LineString", "coordinates": [[12.3896504, 41.8229557], [12.3896554, 41.8229939], [12.3896594, 41.8230269], [12.3896735, 41.8231033], [12.3896846, 41.8231176], [12.3897409, 41.8231918], [12.3897761, 41.8232143], [12.3898113, 41.8232277], [12.3898646, 41.823251], [12.3899018, 41.823263], [12.389942, 41.8232712], [12.3899863, 41.8232817], [12.3900185, 41.8232832], [12.3900557, 41.823281], [12.390103, 41.8232742], [12.3901482, 41.8232615], [12.3901844, 41.8232435], [12.3902197, 41.823224], [12.3902438, 41.8232083], [12.390278, 41.8231835], [12.3903011, 41.8231633], [12.3903273, 41.8231348], [12.3903564, 41.8231011], [12.3903776, 41.8230688]]}}, {"type": "Feature", "properties": {}, "geometry": {"type": "LineString", "coordinates": [[12.3903896, 41.8229954], [12.3903927, 41.8229579], [12.3903916, 41.8229459], [12.3903846, 41.8229407], [12.3903172, 41.8229137], [12.390287, 41.8229009], [12.3901663, 41.822877], [12.3900668, 41.8228597], [12.3899893, 41.8228455], [12.389934, 41.8228327], [12.3898555, 41.8228125], [12.3897902, 41.8227998], [12.3897248, 41.822793], [12.3897037, 41.8227923], [12.3896926, 41.8228065], [12.3896544, 41.8228942]]}}, {"type": "Feature", "properties": {}, "geometry": {"type": "LineString", "coordinates": [[12.3903776, 41.8230688], [12.3903896, 41.8229954]]}}, {"type": "Feature", "properties": {}, "geometry": {"type": "LineString", "coordinates": [[12.3896544, 41.8228942], [12.3896504, 41.8229557]]}}, {"type": "Feature", "properties": {}, "geometry": {"type": "LineString", "coordinates": [[12.3804447, 41.8856064], [12.3804266, 41.8855907], [12.3804014, 41.8855667], [12.3803833, 41.885545], [12.3803682, 41.8855263], [12.3803481, 41.8854941], [12.380334, 41.8854649], [12.380331, 41.8854416], [12.380328, 41.8854117], [12.380323, 41.885384], [12.380323, 41.8853608], [12.380322, 41.8853271], [12.380327, 41.8852994], [12.380335, 41.8852694], [12.3803471, 41.8852342], [12.3803662, 41.8851908], [12.3803833, 41.8851668], [12.3804014, 41.8851369], [12.3804266, 41.8850964], [12.3804497, 41.885062], [12.3804728, 41.8850238], [12.3804919, 41.8849909], [12.3805171, 41.8849489], [12.3805382, 41.8849145], [12.3805523, 41.884892], [12.3805624, 41.8848763], [12.3805771, 41.8848708]]}}, {"type": "Feature", "properties": {}, "geometry": {"type": "LineString", "coordinates": [[12.3801275, 41.8852456], [12.3801366, 41.8852448], [12.3801491, 41.8852422], [12.3801511, 41.8852388], [12.3801526, 41.8852306], [12.3801651, 41.88519], [12.3801751, 41.8851571], [12.3801942, 41.8851099], [12.3802019, 41.8850931], [12.3802073, 41.8850815], [12.3802304, 41.8850343], [12.3802485, 41.8850028], [12.3802737, 41.8849572], [12.3802868, 41.8849309], [12.3803029, 41.8848943], [12.3803052, 41.8848893], [12.3803169, 41.8848643], [12.380335, 41.8848291], [12.3803451, 41.8848051], [12.3803541, 41.8847759], [12.3803632, 41.884731], [12.3803713, 41.8846822], [12.3803723, 41.8846763], [12.3803803, 41.8846374], [12.3803803, 41.8845745], [12.3803823, 41.8845243], [12.3803813, 41.8844899], [12.3803816, 41.8844824], [12.3803833, 41.8844412], [12.3804135, 41.8843648], [12.3804306, 41.8843296], [12.3804427, 41.8843072], [12.3804444, 41.884301], [12.3804487, 41.8842862], [12.3804658, 41.8842285], [12.3804759, 41.8842001], [12.3804819, 41.8841746], [12.3804819, 41.8841559], [12.3804779, 41.8841484], [12.3804688, 41.8841417], [12.3804044, 41.8840982], [12.3803753, 41.8840795], [12.3803541, 41.8840668], [12.3803391, 41.8840593], [12.3803491, 41.8840458]]}}, {"type": "Feature", "properties": {}, "geometry": {"type": "LineString", "coordinates": [[12.3805161, 41.8843244], [12.3804444, 41.884301]]}}, {"type": "Feature", "properties": {}, "geometry": {"type": "LineString", "coordinates": [[12.380507, 41.8844742], [12.3803816, 41.8844824]]}}, {"type": "Feature", "properties": {}, "geometry": {"type": "LineString", "coordinates": [[12.380502, 41.8847018], [12.3803713, 41.8846822]]}}, {"type": "Feature", "properties": {}, "geometry": {"type": "LineString", "coordinates": [[12.3803894, 41.884919], [12.3803052, 41.8848893]]}}, {"type": "Feature", "properties": {}, "geometry": {"type": "LineString", "coordinates": [[12.3802626, 41.8851122], [12.3802019, 41.8850931]]}}, {"type": "Feature", "properties": {}, "geometry": {"type": "LineString", "coordinates": [[12.3799755, 41.885126], [12.3799775, 41.8850751], [12.3799805, 41.8850451], [12.3799775, 41.884968], [12.3799744, 41.8848939], [12.3799734, 41.8848287], [12.3799704, 41.8847816], [12.3799704, 41.8847538], [12.3799654, 41.8847089], [12.3799664, 41.8846767], [12.3799634, 41.8846251], [12.3799604, 41.8845943], [12.3799594, 41.8845809], [12.3799573, 41.8845374], [12.3799563, 41.8845015], [12.3799543, 41.8844416], [12.3799533, 41.8844071], [12.3799503, 41.8843787], [12.3799503, 41.8843427], [12.3799423, 41.8843135], [12.3799382, 41.8842866]]}}, {"type": "Feature", "properties": {}, "geometry": {"type": "LineString", "coordinates": [[12.3804879, 41.8856423], [12.3804588, 41.8856184]]}}, {"type": "Feature", "properties": {}, "geometry": {"type": "LineString", "coordinates": [[12.3804588, 41.8856184], [12.3804447, 41.8856064]]}}, {"type": "Feature", "properties": {}, "geometry": {"type": "LineString", "coordinates": [[12.3815477, 41.886104], [12.3815564, 41.8860458], [12.381587, 41.8859322]]}}, {"type": "Feature", "properties": {}, "geometry": {"type": "LineString", "coordinates": [[12.3815337, 41.8861983], [12.3815477, 41.886104]]}}, {"type": "Feature", "properties": {}, "geometry": {"type": "LineString", "coordinates": [[12.3820808, 41.8853611], [12.3820969, 41.8853387], [12.382115, 41.8852848], [12.382115, 41.8852323], [12.382107, 41.8852039], [12.38205, 41.8850646], [12.3820097, 41.8849957], [12.3819776, 41.8849628], [12.3817844, 41.884849], [12.3816255, 41.8847591]]}}, {"type": "Feature", "properties": {}, "geometry": {"type": "LineString", "coordinates": [[12.381429, 41.8855049], [12.381425, 41.8854735], [12.381427, 41.8854405], [12.381427, 41.8853986], [12.3814391, 41.8853671], [12.3814391, 41.8853432], [12.3814492, 41.8852952], [12.3814673, 41.8852473], [12.3814793, 41.8852069], [12.3814733, 41.8851515], [12.3814411, 41.8851065], [12.381425, 41.8850841], [12.3814143, 41.8850287]]}}, {"type": "Feature", "properties": {}, "geometry": {"type": "LineString", "coordinates": [[12.3813288, 41.8852548], [12.3814414, 41.8852518], [12.3814673, 41.8852473]]}}, {"type": "Feature", "properties": {}, "geometry": {"type": "LineString", "coordinates": [[12.3805644, 41.8853282], [12.3806056, 41.885326]]}}, {"type": "Feature", "properties": {}, "geometry": {"type": "LineString", "coordinates": [[12.3806056, 41.885326], [12.3813288, 41.8852548]]}}, {"type": "Feature", "properties": {}, "geometry": {"type": "LineString", "coordinates": [[12.3821053, 41.8837774], [12.3819534, 41.8837931], [12.381875, 41.8837998], [12.3818267, 41.8838036]]}}, {"type": "Feature", "properties": {}, "geometry": {"type": "LineString", "coordinates": [[12.3823799, 41.8846827], [12.3823437, 41.884667], [12.3822823, 41.884634], [12.382229, 41.8846026], [12.3821576, 41.8845629], [12.3821053, 41.8845352], [12.3820399, 41.8844933], [12.3819926, 41.8844626], [12.3819413, 41.8844274], [12.3819112, 41.8843989], [12.3818729, 41.884354], [12.3818508, 41.8843308], [12.3818398, 41.8843008], [12.3818317, 41.8842746], [12.3818277, 41.8842304], [12.3818307, 41.8841952], [12.3818317, 41.8841413], [12.3818327, 41.8841106], [12.3818297, 41.8840372], [12.3818287, 41.8839496], [12.3818317, 41.8839077], [12.3818277, 41.8838365], [12.3818267, 41.8838036]]}}, {"type": "Feature", "properties": {}, "geometry": {"type": "LineString", "coordinates": [[12.3818153, 41.8833333], [12.3818274, 41.8833737], [12.3818334, 41.8834187], [12.3818334, 41.8835055], [12.3818354, 41.8835714], [12.3818314, 41.8836523], [12.3818274, 41.8837077], [12.3818253, 41.8837796], [12.3818267, 41.8838036]]}}, {"type": "Feature", "properties": {}, "geometry": {"type": "LineString", "coordinates": [[12.3818776, 41.8842574], [12.3818776, 41.8842214], [12.3818797, 41.8841645], [12.3818776, 41.8841151], [12.3818756, 41.8840387], [12.3818756, 41.8839878], [12.3818736, 41.8839084], [12.3818756, 41.883856], [12.381875, 41.8837998]]}}, {"type": "Feature", "properties": {}, "geometry": {"type": "LineString", "coordinates": [[12.3818267, 41.8838036], [12.3818153, 41.8838051]]}}, {"type": "Feature", "properties": {}, "geometry": {"type": "LineString", "coordinates": [[12.3815874, 41.8838162], [12.3813566, 41.8838275]]}}, {"type": "Feature", "properties": {}, "geometry": {"type": "LineString", "coordinates": [[12.3813566, 41.8838275], [12.38134, 41.8838275]]}}, {"type": "Feature", "properties": {}, "geometry": {"type": "LineString", "coordinates": [[12.3814894, 41.8829619], [12.3815055, 41.8830068], [12.3815135, 41.8830383], [12.3815316, 41.8830862], [12.3815558, 41.8831491], [12.3815759, 41.8831985], [12.3816081, 41.8832674], [12.3816202, 41.8833213], [12.3816202, 41.8833573], [12.3816202, 41.8834262], [12.3816121, 41.8834771], [12.3816, 41.8835684], [12.381594, 41.8836239], [12.3815874, 41.8838162]]}}, {"type": "Feature", "properties": {}, "geometry": {"type": "LineString", "coordinates": [[12.3813647, 41.8834217], [12.3814109, 41.8834217], [12.3815176, 41.8834262], [12.3816202, 41.8834262]]}}, {"type": "Feature", "properties": {}, "geometry": {"type": "LineString", "coordinates": [[12.3818153, 41.8838051], [12.3816101, 41.8838151]]}}, {"type": "Feature", "properties": {}, "geometry": {"type": "LineString", "coordinates": [[12.3816101, 41.8838151], [12.3815874, 41.8838162]]}}, {"type": "Feature", "properties": {}, "geometry": {"type": "LineString", "coordinates": [[12.3816725, 41.8843412], [12.3816584, 41.8843218], [12.3816161, 41.8842439], [12.3816, 41.8842124], [12.381586, 41.884154], [12.381586, 41.8841181], [12.3815839, 41.8840836], [12.381586, 41.8840133], [12.3815819, 41.8839773], [12.3815874, 41.8838162]]}}, {"type": "Feature", "properties": {}, "geometry": {"type": "LineString", "coordinates": [[12.3813328, 41.884184], [12.3813305, 41.8840479], [12.38134, 41.8838275], [12.381344, 41.8837346], [12.3812979, 41.8835689]]}}, {"type": "Feature", "properties": {}, "geometry": {"type": "LineString", "coordinates": [[12.3813386, 41.8845369], [12.3813328, 41.884184]]}}, {"type": "Feature", "properties": {}, "geometry": {"type": "LineString", "coordinates": [[12.3811885, 41.8833236], [12.3812227, 41.8833243], [12.3812297, 41.8833228], [12.3812368, 41.8833101], [12.3812579, 41.8832704], [12.38128, 41.8832157], [12.3812931, 41.8831686], [12.3813112, 41.8831116], [12.3813213, 41.883063], [12.3813283, 41.8830061], [12.3813313, 41.8829686], [12.3813263, 41.8829192], [12.381318, 41.8828884], [12.3813172, 41.8828855], [12.3813122, 41.8828623], [12.3812971, 41.8828286], [12.38127, 41.8827844], [12.3812549, 41.8827657], [12.3812327, 41.8827395]]}}, {"type": "Feature", "properties": {}, "geometry": {"type": "LineString", "coordinates": [[12.3811855, 41.882893], [12.3812408, 41.8828915], [12.381284, 41.8828907], [12.381318, 41.8828884]]}}, {"type": "Feature", "properties": {}, "geometry": {"type": "LineString", "coordinates": [[12.3804145, 41.8820678], [12.3803923, 41.8820513], [12.3803762, 41.8820318], [12.3803722, 41.8820049], [12.3803581, 41.8818356], [12.3803541, 41.8817667], [12.3803501, 41.8817173], [12.3803481, 41.8816649], [12.38033, 41.881578], [12.3803199, 41.8815406], [12.3803078, 41.8815106], [12.3803078, 41.8814732], [12.3802958, 41.8813548], [12.3802877, 41.8813039], [12.3802716, 41.8811991], [12.3802535, 41.8810688], [12.3802495, 41.8810179], [12.3802435, 41.880934], [12.3802193, 41.8808411], [12.3802153, 41.8807947], [12.3802133, 41.8807153], [12.3802093, 41.8806389], [12.3802073, 41.880591], [12.3802053, 41.8805296], [12.3802032, 41.8804817], [12.3802012, 41.8804143]]}}, {"type": "Feature", "properties": {}, "geometry": {"type": "LineString", "coordinates": [[12.3803078, 41.8815106], [12.3802596, 41.8815001], [12.380155, 41.8814822], [12.3800664, 41.8814702], [12.3799739, 41.8814552], [12.3800021, 41.8814058], [12.3800323, 41.8813504], [12.3801127, 41.8811826], [12.3801469, 41.8810927], [12.3801731, 41.8810268], [12.3802032, 41.8809385], [12.3802193, 41.8808411]]}}, {"type": "Feature", "properties": {}, "geometry": {"type": "LineString", "coordinates": [[12.3798814, 41.8811182], [12.3799116, 41.8810538], [12.3799357, 41.8809894], [12.3800041, 41.8807872], [12.3800202, 41.8807048], [12.3800282, 41.8806269], [12.3800383, 41.8805041], [12.3800383, 41.8803858], [12.3800383, 41.8803169], [12.3800222, 41.8801746], [12.3800141, 41.8801117], [12.379988, 41.8799619], [12.3799799, 41.8799125], [12.3799357, 41.8797807], [12.3798934, 41.8796489], [12.3798633, 41.87958], [12.379817, 41.8794407], [12.3797868, 41.8793673], [12.3797385, 41.879234], [12.3797204, 41.8791666], [12.3796762, 41.8790138], [12.3796279, 41.8788701], [12.3795877, 41.8787472], [12.3795273, 41.8786094], [12.3794469, 41.8784417], [12.3793986, 41.8782889], [12.3793342, 41.8780882], [12.3792819, 41.8779384], [12.3792276, 41.8777826], [12.3791793, 41.8776269], [12.3791632, 41.8775759], [12.3791511, 41.8775205]]}}, {"type": "Feature", "properties": {}, "geometry": {"type": "LineString", "coordinates": [[12.3809831, 41.8779204], [12.380969, 41.8779422], [12.3809237, 41.8779347], [12.3807809, 41.877907], [12.3806099, 41.8778613], [12.3805446, 41.8778463], [12.3804138, 41.8778156], [12.3802297, 41.8777677], [12.3801261, 41.8777407], [12.3800346, 41.877707], [12.3799843, 41.87768], [12.3799753, 41.8776606], [12.37993, 41.8775939], [12.3799139, 41.8775692]]}}, {"type": "Feature", "properties": {}, "geometry": {"type": "LineString", "coordinates": [[12.3799139, 41.8775692], [12.3798284, 41.8774247]]}}, {"type": "Feature", "properties": {}, "geometry": {"type": "LineString", "coordinates": [[12.3798284, 41.8774247], [12.3798254, 41.8774097], [12.3798234, 41.8773955], [12.3798264, 41.877382]]}}, {"type": "Feature", "properties": {}, "geometry": {"type": "LineString", "coordinates": [[12.3798264, 41.877382], [12.3798234, 41.8773648]]}}, {"type": "Feature", "properties": {}, "geometry": {"type": "LineString", "coordinates": [[12.3798234, 41.8773648], [12.3798234, 41.8773438], [12.3798194, 41.8773146], [12.3798093, 41.8772936], [12.3797952, 41.8772779], [12.379766, 41.8772726]]}}, {"type": "Feature", "properties": {}, "geometry": {"type": "LineString", "coordinates": [[12.3753028, 41.8765484], [12.3753169, 41.876505]]}}, {"type": "Feature", "properties": {}, "geometry": {"type": "LineString", "coordinates": [[12.3753169, 41.876505], [12.3753727, 41.8764081], [12.3753773, 41.8764001]]}}, {"type": "Feature", "properties": {}, "geometry": {"type": "LineString", "coordinates": [[12.3753773, 41.8764001], [12.3753853, 41.8763792], [12.3754316, 41.8763792], [12.3755463, 41.8763777], [12.3756106, 41.8763799], [12.3757233, 41.8763837], [12.3757414, 41.8763843], [12.375846, 41.8763882], [12.376013, 41.8764076], [12.3761296, 41.8764211], [12.3762906, 41.8764481], [12.3763111, 41.8764506], [12.3764113, 41.8764631], [12.3765493, 41.8764838], [12.3766205, 41.8764945], [12.3767452, 41.8765155], [12.3767942, 41.8765257], [12.3769182, 41.8765514], [12.3770314, 41.8765707], [12.3770852, 41.8765799], [12.3772589, 41.8766136], [12.3772702, 41.8766158], [12.3773809, 41.8766323], [12.37753, 41.8766616], [12.3775941, 41.8766742], [12.3777229, 41.8766996], [12.377739, 41.8767027], [12.3779019, 41.8767357], [12.3779653, 41.8767514], [12.3779924, 41.8767581], [12.3781131, 41.8767791], [12.3782741, 41.8768091], [12.3783375, 41.8768212]]}}, {"type": "Feature", "properties": {}, "geometry": {"type": "LineString", "coordinates": [[12.3778959, 41.8769139], [12.3779653, 41.8767514]]}}, {"type": "Feature", "properties": {}, "geometry": {"type": "LineString", "coordinates": [[12.3776665, 41.8768645], [12.3777229, 41.8766996]]}}, {"type": "Feature", "properties": {}, "geometry": {"type": "LineString", "coordinates": [[12.3774734, 41.8768195], [12.37753, 41.8766616]]}}, {"type": "Feature", "properties": {}, "geometry": {"type": "LineString", "coordinates": [[12.3771978, 41.8767686], [12.3772589, 41.8766136]]}}, {"type": "Feature", "properties": {}, "geometry": {"type": "LineString", "coordinates": [[12.3769705, 41.8767222], [12.3770314, 41.8765707]]}}, {"type": "Feature", "properties": {}, "geometry": {"type": "LineString", "coordinates": [[12.3767372, 41.8766742], [12.3767942, 41.8765257]]}}, {"type": "Feature", "properties": {}, "geometry": {"type": "LineString", "coordinates": [[12.3764998, 41.8766278], [12.3765493, 41.8764838]]}}, {"type": "Feature", "properties": {}, "geometry": {"type": "LineString", "coordinates": [[12.3762684, 41.8765814], [12.3763111, 41.8764506]]}}, {"type": "Feature", "properties": {}, "geometry": {"type": "LineString", "coordinates": [[12.3757152, 41.876472], [12.3757414, 41.8763843]]}}, {"type": "Feature", "properties": {}, "geometry": {"type": "LineString", "coordinates": [[12.3755945, 41.8764481], [12.3756106, 41.8763799]]}}, {"type": "Feature", "properties": {}, "geometry": {"type": "LineString", "coordinates": [[12.3717581, 41.875737], [12.3717471, 41.8757684], [12.371728, 41.8758141], [12.3716676, 41.8757954], [12.3715992, 41.8757692], [12.3715892, 41.8757654], [12.3715741, 41.8757549], [12.3715198, 41.875743], [12.3713518, 41.8757078], [12.3713468, 41.875722], [12.3713367, 41.8757445], [12.3712572, 41.8757572], [12.3711546, 41.8757669], [12.3711084, 41.8757707], [12.3710873, 41.8757714]]}}, {"type": "Feature", "properties": {}, "geometry": {"type": "LineString", "coordinates": [[12.3709826, 41.8757549], [12.371036, 41.8757632], [12.3710691, 41.8757662], [12.3710873, 41.8757714]]}}, {"type": "Feature", "properties": {}, "geometry": {"type": "LineString", "coordinates": [[12.3710832, 41.8757759], [12.3710873, 41.8757714], [12.3710913, 41.8757564], [12.3710983, 41.8757362]]}}, {"type": "Feature", "properties": {}, "geometry": {"type": "LineString", "coordinates": [[12.3710983, 41.8757362], [12.3711798, 41.8755108]]}}, {"type": "Feature", "properties": {}, "geometry": {"type": "LineString", "coordinates": [[12.3711798, 41.8755108], [12.3711929, 41.8754726], [12.371208, 41.8754441]]}}, {"type": "Feature", "properties": {}, "geometry": {"type": "LineString", "coordinates": [[12.3717581, 41.875737], [12.3717692, 41.8757048], [12.3717843, 41.8756591], [12.3717702, 41.8756561], [12.3716314, 41.8756508], [12.3716284, 41.8756576]]}}, {"type": "Feature", "properties": {}, "geometry": {"type": "LineString", "coordinates": [[12.3716284, 41.8756576], [12.3715922, 41.8757587]]}}, {"type": "Feature", "properties": {}, "geometry": {"type": "LineString", "coordinates": [[12.3715922, 41.8757587], [12.3715892, 41.8757654]]}}, {"type": "Feature", "properties": {}, "geometry": {"type": "LineString", "coordinates": [[12.3750026, 41.8763848], [12.3749744, 41.8764619], [12.3749835, 41.8764642], [12.3751344, 41.8764709], [12.3751384, 41.8764657]]}}, {"type": "Feature", "properties": {}, "geometry": {"type": "LineString", "coordinates": [[12.3750026, 41.8763848], [12.3750328, 41.8763062], [12.3750449, 41.8763084], [12.3751756, 41.8763586], [12.3751726, 41.8763676]]}}, {"type": "Feature", "properties": {}, "geometry": {"type": "LineString", "coordinates": [[12.3751384, 41.8764657], [12.3751726, 41.8763676]]}}, {"type": "Feature", "properties": {}, "geometry": {"type": "LineString", "coordinates": [[12.3751726, 41.8763676], [12.3752105, 41.8763758], [12.3752738, 41.8763885], [12.3753727, 41.8764081]]}}, {"type": "Feature", "properties": {}, "geometry": {"type": "LineString", "coordinates": [[12.4551507, 41.8010048], [12.4552231, 41.8010205], [12.4552955, 41.8010475], [12.4553558, 41.8010842], [12.4553854, 41.8011046], [12.4553971, 41.8011127], [12.4554323, 41.8011442], [12.4554705, 41.8011885], [12.4555027, 41.8012305], [12.4555198, 41.8012657], [12.4555271, 41.8012843], [12.4555399, 41.8013167], [12.455547, 41.8013617], [12.4555349, 41.8014164], [12.4555218, 41.8014577], [12.4555099, 41.8014804], [12.4554997, 41.8014996], [12.4554715, 41.8015431], [12.4554333, 41.8015979], [12.4553941, 41.8016399], [12.4553706, 41.8016649], [12.4553468, 41.8016901], [12.4553066, 41.8017343], [12.4552512, 41.8017906], [12.45521, 41.8018333], [12.4551922, 41.8018524], [12.4551577, 41.8018895], [12.4551285, 41.8019165], [12.4550883, 41.8019458], [12.455044, 41.8019833], [12.4549867, 41.8020143], [12.4549636, 41.8020268], [12.4549193, 41.8020485], [12.4548368, 41.802074], [12.4547735, 41.8020882], [12.4547353, 41.802095], [12.4547199, 41.8020962], [12.454698, 41.802098], [12.4546206, 41.8020957], [12.4545462, 41.8020905], [12.4544969, 41.8020845], [12.4544456, 41.802077], [12.4543983, 41.8020672], [12.4543561, 41.8020552], [12.4543088, 41.8020327], [12.4542655, 41.8020095], [12.4542374, 41.8019893], [12.4542213, 41.801981], [12.4542152, 41.8019825], [12.4542132, 41.8019885], [12.4542203, 41.8019945]]}}, {"type": "Feature", "properties": {}, "geometry": {"type": "LineString", "coordinates": [[12.4542132, 41.8019885], [12.4542092, 41.8019855], [12.4541951, 41.8019683], [12.454173, 41.8019345], [12.4541539, 41.8019098], [12.4541277, 41.8018835], [12.4541096, 41.8018573], [12.4540976, 41.8018296], [12.4540815, 41.8017823], [12.4540644, 41.8017478], [12.4540352, 41.8016953], [12.4540191, 41.8016646], [12.453999, 41.8016241], [12.4539879, 41.8015836], [12.4539809, 41.8015499], [12.4539638, 41.8014539], [12.4539457, 41.8013572], [12.4539396, 41.8013399], [12.4539246, 41.8012754], [12.4539175, 41.8012455], [12.4539085, 41.8012125]]}}, {"type": "Feature", "properties": {}, "geometry": {"type": "LineString", "coordinates": [[12.4541614, 41.8024378], [12.4543465, 41.8030196]]}}, {"type": "Feature", "properties": {}, "geometry": {"type": "LineString", "coordinates": [[12.4543465, 41.8030196], [12.4543646, 41.8030706], [12.4543747, 41.8031051], [12.4544038, 41.8031891], [12.4544179, 41.8032378]]}}, {"type": "Feature", "properties": {}, "geometry": {"type": "LineString", "coordinates": [[12.454093, 41.8021753], [12.4541081, 41.8022346], [12.4541202, 41.8022826], [12.4541323, 41.8023313], [12.4541463, 41.8023845], [12.4541614, 41.8024378]]}}, {"type": "Feature", "properties": {}, "geometry": {"type": "LineString", "coordinates": [[12.4569056, 41.8075724], [12.4567152, 41.8077687]]}}, {"type": "Feature", "properties": {}, "geometry": {"type": "LineString", "coordinates": [[12.4533106, 41.8013051], [12.4532241, 41.8006948]]}}, {"type": "Feature", "properties": {}, "geometry": {"type": "LineString", "coordinates": [[12.4525304, 41.8008327], [12.4525384, 41.8007758]]}}, {"type": "Feature", "properties": {}, "geometry": {"type": "LineString", "coordinates": [[12.4527124, 41.8008335], [12.4527074, 41.8007983], [12.4527024, 41.8007563]]}}, {"type": "Feature", "properties": {}, "geometry": {"type": "LineString", "coordinates": [[12.4528905, 41.8008245], [12.4528784, 41.8007743], [12.4528653, 41.800715]]}}, {"type": "Feature", "properties": {}, "geometry": {"type": "LineString", "coordinates": [[12.4530705, 41.8008073], [12.4530514, 41.8007383], [12.4530373, 41.8006805]]}}, {"type": "Feature", "properties": {}, "geometry": {"type": "LineString", "coordinates": [[12.4532566, 41.8007855], [12.4532445, 41.8007203], [12.4532334, 41.800667]]}}, {"type": "Feature", "properties": {}, "geometry": {"type": "LineString", "coordinates": [[12.4534346, 41.8007608], [12.4534346, 41.8007495], [12.4534296, 41.8007353], [12.4534115, 41.8006948], [12.4534004, 41.8006625], [12.4533954, 41.800652]]}}, {"type": "Feature", "properties": {}, "geometry": {"type": "LineString", "coordinates": [[12.4523513, 41.800787], [12.4523755, 41.8007488]]}}, {"type": "Feature", "properties": {}, "geometry": {"type": "LineString", "coordinates": [[12.4522045, 41.8007068], [12.4522447, 41.8006775]]}}, {"type": "Feature", "properties": {}, "geometry": {"type": "LineString", "coordinates": [[12.4521019, 41.8005951], [12.4521532, 41.8005763]]}}, {"type": "Feature", "properties": {}, "geometry": {"type": "LineString", "coordinates": [[12.4520727, 41.8003221], [12.452116, 41.8003319]]}}, {"type": "Feature", "properties": {}, "geometry": {"type": "LineString", "coordinates": [[12.4521441, 41.8002029], [12.4521944, 41.8002239]]}}, {"type": "Feature", "properties": {}, "geometry": {"type": "LineString", "coordinates": [[12.4522507, 41.8000919], [12.4522819, 41.8001084]]}}, {"type": "Feature", "properties": {}, "geometry": {"type": "LineString", "coordinates": [[12.4523584, 41.7999847], [12.4523835, 41.799999]]}}, {"type": "Feature", "properties": {}, "geometry": {"type": "LineString", "coordinates": [[12.452469, 41.799876], [12.4525052, 41.7998985]]}}, {"type": "Feature", "properties": {}, "geometry": {"type": "LineString", "coordinates": [[12.4526199, 41.7997793], [12.452644, 41.79981]]}}, {"type": "Feature", "properties": {}, "geometry": {"type": "LineString", "coordinates": [[12.452805, 41.7997328], [12.452811, 41.799771]]}}, {"type": "Feature", "properties": {}, "geometry": {"type": "LineString", "coordinates": [[12.4529951, 41.7997455], [12.452985, 41.79978]]}}, {"type": "Feature", "properties": {}, "geometry": {"type": "LineString", "coordinates": [[12.453162, 41.7998085], [12.4531319, 41.7998392]]}}, {"type": "Feature", "properties": {}, "geometry": {"type": "LineString", "coordinates": [[12.4521944, 41.8002239], [12.4522155, 41.8001894], [12.4522477, 41.8001437], [12.4522819, 41.8001084], [12.4523091, 41.8000769], [12.4523423, 41.8000409], [12.4523835, 41.799999], [12.4524026, 41.7999757], [12.4524338, 41.7999517], [12.452474, 41.799924], [12.4525052, 41.7998985], [12.4525374, 41.7998752], [12.4525666, 41.799855], [12.4526038, 41.7998332], [12.452644, 41.79981], [12.4526662, 41.7997995], [12.4526953, 41.7997898], [12.4527476, 41.79978], [12.452811, 41.799771], [12.4528482, 41.7997673], [12.4528894, 41.799765], [12.4529377, 41.7997688], [12.452985, 41.79978], [12.4530252, 41.7997928], [12.4530625, 41.7998085], [12.4531319, 41.7998392], [12.4531671, 41.7998647], [12.4532153, 41.7999105], [12.4532465, 41.7999457], [12.4532767, 41.799981], [12.453323, 41.8000484], [12.4533411, 41.8000582], [12.4533562, 41.8001302], [12.4533662, 41.8001767], [12.4533813, 41.8002284], [12.453386, 41.8002523], [12.4533934, 41.8002906], [12.4534064, 41.8003529], [12.4534256, 41.8004556], [12.4534366, 41.8005111], [12.4534457, 41.8005546], [12.4534598, 41.8006108], [12.4534687, 41.8006458], [12.4534738, 41.8006655]]}}, {"type": "Feature", "properties": {}, "geometry": {"type": "LineString", "coordinates": [[12.4532241, 41.8006948], [12.4532182, 41.8006678]]}}, {"type": "Feature", "properties": {}, "geometry": {"type": "LineString", "coordinates": [[12.4520576, 41.8004593], [12.4520983, 41.8004608]]}}, {"type": "Feature", "properties": {}, "geometry": {"type": "LineString", "coordinates": [[12.4528734, 41.7999247], [12.4528884, 41.7999412], [12.4529468, 41.7999772], [12.4530071, 41.8000139], [12.4530745, 41.8000544], [12.453152, 41.8001017], [12.4532093, 41.8001347], [12.4532586, 41.8001692], [12.4533028, 41.8001992], [12.453327, 41.8002186], [12.4533501, 41.8002366], [12.4533722, 41.8002479], [12.453386, 41.8002523]]}}, {"type": "Feature", "properties": {}, "geometry": {"type": "LineString", "coordinates": [[12.4533431, 41.8021104], [12.4533441, 41.8020729], [12.4533431, 41.8020062], [12.4533411, 41.8019402], [12.453336, 41.8018525], [12.453333, 41.8017977], [12.453333, 41.8017205], [12.453326, 41.801632], [12.453324, 41.8015623], [12.453322, 41.8015023], [12.4533146, 41.8013966], [12.4533106, 41.8013051]]}}, {"type": "Feature", "properties": {}, "geometry": {"type": "LineString", "coordinates": [[12.4533471, 41.8021089], [12.4533672, 41.8020894], [12.4534004, 41.8020639], [12.4534316, 41.8020437], [12.4534718, 41.8020219], [12.453494, 41.8020062], [12.4535211, 41.8019837], [12.4535684, 41.8019455], [12.4535935, 41.801932], [12.4536187, 41.80192], [12.4536267, 41.8019155], [12.4536317, 41.8019027], [12.4536488, 41.8018457], [12.4536599, 41.8018172], [12.453667, 41.8017715], [12.4536629, 41.8017033], [12.4536519, 41.8016223], [12.4536428, 41.8015653], [12.4536267, 41.8014851], [12.4536147, 41.8014078], [12.4536046, 41.8013374], [12.4535925, 41.8012834], [12.4535825, 41.8012429]]}}, {"type": "Feature", "properties": {}, "geometry": {"type": "LineString", "coordinates": [[12.4533391, 41.8021104], [12.4532938, 41.8021164], [12.4532324, 41.8021247], [12.4531842, 41.8021277], [12.4531429, 41.8021247], [12.4530846, 41.8021172], [12.4530242, 41.8021007], [12.4529699, 41.8020819], [12.4528985, 41.8020429], [12.4528271, 41.8020047], [12.4527698, 41.8019642], [12.4526883, 41.8019155], [12.4526279, 41.8018735], [12.4525797, 41.8018375], [12.4525324, 41.801791], [12.4524911, 41.8017475], [12.45247, 41.8017175], [12.4524549, 41.8016688], [12.4524459, 41.8016388], [12.4524378, 41.8015998], [12.4524378, 41.8015548], [12.4524469, 41.8015113], [12.452464, 41.8014708], [12.4524709, 41.801458], [12.4524841, 41.8014333], [12.4525545, 41.8013809], [12.4525937, 41.8013546], [12.452632, 41.8013329], [12.4526893, 41.8013179], [12.4527527, 41.8012999], [12.4528241, 41.8012894], [12.4529257, 41.8012759], [12.452993, 41.8012669], [12.4530685, 41.8012579], [12.45315, 41.8012474], [12.4532334, 41.8012406], [12.4532948, 41.8012331]]}}, {"type": "Feature", "properties": {}, "geometry": {"type": "LineString", "coordinates": [[12.4521944, 41.8002239], [12.4521542, 41.8002681], [12.452128, 41.8003071], [12.452116, 41.8003319], [12.4520989, 41.8003641], [12.4520918, 41.8003986], [12.4520989, 41.8004451], [12.4520983, 41.8004608], [12.4520999, 41.8004781], [12.4521129, 41.8005223], [12.45213, 41.8005538], [12.4521532, 41.8005763], [12.4521834, 41.8006093], [12.4522095, 41.8006393], [12.4522447, 41.8006775], [12.4522759, 41.8006978], [12.4523212, 41.8007285], [12.4523584, 41.8007428], [12.4523755, 41.8007488], [12.4524288, 41.8007675], [12.4524841, 41.8007795], [12.4525384, 41.8007758], [12.4525877, 41.800775], [12.4526561, 41.8007668], [12.4527024, 41.8007563], [12.4527687, 41.8007398], [12.452816, 41.8007293], [12.4528653, 41.800715], [12.4529599, 41.8006933], [12.4530373, 41.8006805], [12.4531017, 41.8006745], [12.4531902, 41.8006693], [12.4532182, 41.8006678], [12.4532334, 41.800667], [12.453324, 41.8006595], [12.4533954, 41.800652], [12.4534276, 41.8006498], [12.4534687, 41.8006458]]}}, {"type": "Feature", "properties": {}, "geometry": {"type": "LineString", "coordinates": [[12.4549715, 41.8001077], [12.4549534, 41.8000627], [12.4549293, 41.8000244], [12.454888, 41.7999855], [12.4548227, 41.7999367], [12.4547512, 41.799888], [12.4546828, 41.7998415], [12.4546124, 41.7998025], [12.4545491, 41.7997673], [12.4544666, 41.7997238], [12.4543932, 41.7996855], [12.4543167, 41.79966], [12.4542523, 41.7996413], [12.4541809, 41.7996285], [12.4541347, 41.7996278], [12.4540814, 41.7996338], [12.4540089, 41.7996495], [12.4539707, 41.7996585], [12.4539114, 41.7996885], [12.453844, 41.7997313], [12.4538268, 41.7997447], [12.4538027, 41.7997635], [12.4537826, 41.7997838], [12.4537635, 41.7998137], [12.4537612, 41.7998251], [12.4537585, 41.7998385], [12.4537555, 41.7998745], [12.4537535, 41.7999007], [12.4537524, 41.799957], [12.4537512, 41.7999659], [12.4537454, 41.8000087], [12.4537444, 41.8000522], [12.4537424, 41.8000717], [12.4537333, 41.8000987], [12.4537233, 41.8001182], [12.4537152, 41.8001309], [12.4537132, 41.8001504], [12.4537132, 41.8001722], [12.4537233, 41.8002112], [12.4537293, 41.8002486], [12.4537343, 41.8002786], [12.4537434, 41.8003266], [12.4537484, 41.8003521]]}}, {"type": "Feature", "properties": {}, "geometry": {"type": "LineString", "coordinates": [[12.4549715, 41.8001077], [12.4549886, 41.8001557], [12.4549997, 41.8002209], [12.454997, 41.8002418], [12.4549967, 41.8002449], [12.4549675, 41.8003124], [12.4549388, 41.8003561], [12.4549222, 41.8003814], [12.4548679, 41.8004263], [12.4548468, 41.8004458], [12.4548035, 41.8004713], [12.4547683, 41.8004871], [12.4547271, 41.8005058], [12.4546708, 41.8005246], [12.4546044, 41.8005441], [12.4545601, 41.8005516], [12.4544958, 41.8005673], [12.4543922, 41.8005793], [12.4543891, 41.8005796], [12.4543137, 41.8005876], [12.4542523, 41.8005928], [12.4542101, 41.8005898], [12.4541538, 41.8005846], [12.4540894, 41.8005741], [12.4540273, 41.8005662], [12.4539405, 41.8005553], [12.4538299, 41.8005576], [12.4537866, 41.8005598]]}}, {"type": "Feature", "properties": {}, "geometry": {"type": "LineString", "coordinates": [[12.4537655, 41.8004473], [12.4537726, 41.8004796], [12.4537866, 41.8005598], [12.4537877, 41.8005726]]}}, {"type": "Feature", "properties": {}, "geometry": {"type": "LineString", "coordinates": [[12.4537484, 41.8003521], [12.4537655, 41.8004473]]}}, {"type": "Feature", "properties": {}, "geometry": {"type": "LineString", "coordinates": [[12.4540519, 41.8006843], [12.4540273, 41.8005662]]}}, {"type": "Feature", "properties": {}, "geometry": {"type": "LineString", "coordinates": [[12.4542272, 41.8006648], [12.4542101, 41.8005898]]}}, {"type": "Feature", "properties": {}, "geometry": {"type": "LineString", "coordinates": [[12.4544062, 41.80064], [12.4543891, 41.8005796]]}}, {"type": "Feature", "properties": {}, "geometry": {"type": "LineString", "coordinates": [[12.4545802, 41.8006048], [12.4545601, 41.8005516]]}}, {"type": "Feature", "properties": {}, "geometry": {"type": "LineString", "coordinates": [[12.4547532, 41.8005658], [12.4547271, 41.8005058]]}}, {"type": "Feature", "properties": {}, "geometry": {"type": "LineString", "coordinates": [[12.4549021, 41.8004863], [12.4548468, 41.8004458]]}}, {"type": "Feature", "properties": {}, "geometry": {"type": "LineString", "coordinates": [[12.4550077, 41.8003776], [12.4549388, 41.8003561]]}}, {"type": "Feature", "properties": {}, "geometry": {"type": "LineString", "coordinates": [[12.455056, 41.8002456], [12.454997, 41.8002418]]}}, {"type": "Feature", "properties": {}, "geometry": {"type": "LineString", "coordinates": [[12.4550379, 41.8000957], [12.4549715, 41.8001077]]}}, {"type": "Feature", "properties": {}, "geometry": {"type": "LineString", "coordinates": [[12.4549323, 41.7999585], [12.454888, 41.7999855]]}}, {"type": "Feature", "properties": {}, "geometry": {"type": "LineString", "coordinates": [[12.4547764, 41.7998617], [12.4547512, 41.799888]]}}, {"type": "Feature", "properties": {}, "geometry": {"type": "LineString", "coordinates": [[12.4546295, 41.7997838], [12.4546124, 41.7998025]]}}, {"type": "Feature", "properties": {}, "geometry": {"type": "LineString", "coordinates": [[12.4544827, 41.7997095], [12.4544666, 41.7997238]]}}, {"type": "Feature", "properties": {}, "geometry": {"type": "LineString", "coordinates": [[12.4543278, 41.7996383], [12.4543167, 41.79966]]}}, {"type": "Feature", "properties": {}, "geometry": {"type": "LineString", "coordinates": [[12.4541347, 41.7996083], [12.4541347, 41.7996278]]}}, {"type": "Feature", "properties": {}, "geometry": {"type": "LineString", "coordinates": [[12.4539546, 41.7996375], [12.4539707, 41.7996585]]}}, {"type": "Feature", "properties": {}, "geometry": {"type": "LineString", "coordinates": [[12.4537977, 41.7997245], [12.4538268, 41.7997447]]}}, {"type": "Feature", "properties": {}, "geometry": {"type": "LineString", "coordinates": [[12.4537233, 41.799816], [12.4537612, 41.7998251]]}}, {"type": "Feature", "properties": {}, "geometry": {"type": "LineString", "coordinates": [[12.453673, 41.799945], [12.4537512, 41.7999659]]}}, {"type": "Feature", "properties": {}, "geometry": {"type": "LineString", "coordinates": [[12.453671, 41.8000612], [12.4537424, 41.8000717]]}}, {"type": "Feature", "properties": {}, "geometry": {"type": "LineString", "coordinates": [[12.4536941, 41.8002127], [12.4537233, 41.8002112]]}}, {"type": "Feature", "properties": {}, "geometry": {"type": "LineString", "coordinates": [[12.4537072, 41.8002801], [12.4537343, 41.8002786]]}}, {"type": "Feature", "properties": {}, "geometry": {"type": "LineString", "coordinates": [[12.4529538, 41.8021089], [12.4529699, 41.8020819]]}}, {"type": "Feature", "properties": {}, "geometry": {"type": "LineString", "coordinates": [[12.4528029, 41.8020347], [12.4528271, 41.8020047]]}}, {"type": "Feature", "properties": {}, "geometry": {"type": "LineString", "coordinates": [[12.4526551, 41.8019507], [12.4526883, 41.8019155]]}}, {"type": "Feature", "properties": {}, "geometry": {"type": "LineString", "coordinates": [[12.4525334, 41.8018795], [12.4525797, 41.8018375]]}}, {"type": "Feature", "properties": {}, "geometry": {"type": "LineString", "coordinates": [[12.4524197, 41.8017895], [12.4524911, 41.8017475]]}}, {"type": "Feature", "properties": {}, "geometry": {"type": "LineString", "coordinates": [[12.4523191, 41.8015496], [12.4524378, 41.8015548]]}}, {"type": "Feature", "properties": {}, "geometry": {"type": "LineString", "coordinates": [[12.4523574, 41.8014176], [12.4524709, 41.801458]]}}, {"type": "Feature", "properties": {}, "geometry": {"type": "LineString", "coordinates": [[12.4524519, 41.8013059], [12.4525545, 41.8013809]]}}, {"type": "Feature", "properties": {}, "geometry": {"type": "LineString", "coordinates": [[12.4541125, 41.8009857], [12.4541226, 41.8010457]]}}, {"type": "Feature", "properties": {}, "geometry": {"type": "LineString", "coordinates": [[12.4546496, 41.8009302], [12.4546456, 41.8009985]]}}, {"type": "Feature", "properties": {}, "geometry": {"type": "LineString", "coordinates": [[12.4551757, 41.8009497], [12.4551507, 41.8010048]]}}, {"type": "Feature", "properties": {}, "geometry": {"type": "LineString", "coordinates": [[12.4541226, 41.8010457], [12.4542161, 41.8010352], [12.4544072, 41.8010105], [12.4546456, 41.8009985], [12.4547653, 41.8009955], [12.4548518, 41.8009947], [12.4549967, 41.800994], [12.4551507, 41.8010048]]}}, {"type": "Feature", "properties": {}, "geometry": {"type": "LineString", "coordinates": [[12.4554221, 41.8010749], [12.4553854, 41.8011046]]}}, {"type": "Feature", "properties": {}, "geometry": {"type": "LineString", "coordinates": [[12.45557, 41.8012781], [12.4555271, 41.8012843]]}}, {"type": "Feature", "properties": {}, "geometry": {"type": "LineString", "coordinates": [[12.4555378, 41.8014888], [12.4555099, 41.8014804]]}}, {"type": "Feature", "properties": {}, "geometry": {"type": "LineString", "coordinates": [[12.455395, 41.80168], [12.4553706, 41.8016649]]}}, {"type": "Feature", "properties": {}, "geometry": {"type": "LineString", "coordinates": [[12.4552139, 41.8018652], [12.4551922, 41.8018524]]}}, {"type": "Feature", "properties": {}, "geometry": {"type": "LineString", "coordinates": [[12.4550077, 41.8020317], [12.4549867, 41.8020143]]}}, {"type": "Feature", "properties": {}, "geometry": {"type": "LineString", "coordinates": [[12.4547221, 41.8021164], [12.4547199, 41.8020962]]}}, {"type": "Feature", "properties": {}, "geometry": {"type": "LineString", "coordinates": [[12.3839106, 41.9150312], [12.3839622, 41.9149279], [12.3841517, 41.9146459], [12.3844661, 41.9143574], [12.3849113, 41.9139227], [12.3850231, 41.9136651], [12.3850214, 41.9133478], [12.3850375, 41.9131421], [12.3851779, 41.9129448], [12.3852461, 41.9127955], [12.385201, 41.912129]]}}, {"type": "Feature", "properties": {}, "geometry": {"type": "LineString", "coordinates": [[12.3838493, 41.9151539], [12.3839106, 41.9150312]]}}, {"type": "Feature", "properties": {}, "geometry": {"type": "LineString", "coordinates": [[12.3796243, 41.9274571], [12.3793482, 41.9272573]]}}, {"type": "Feature", "properties": {}, "geometry": {"type": "LineString", "coordinates": [[12.3801341, 41.9278253], [12.3796243, 41.9274571]]}}, {"type": "Feature", "properties": {}, "geometry": {"type": "LineString", "coordinates": [[12.3808153, 41.9283401], [12.3801341, 41.9278253]]}}, {"type": "Feature", "properties": {}, "geometry": {"type": "LineString", "coordinates": [[12.3812534, 41.9286711], [12.3808153, 41.9283401]]}}, {"type": "Feature", "properties": {}, "geometry": {"type": "LineString", "coordinates": [[12.3817745, 41.9290023], [12.3812534, 41.9286711]]}}, {"type": "Feature", "properties": {}, "geometry": {"type": "LineString", "coordinates": [[12.3822127, 41.9294971], [12.3821149, 41.929374], [12.3817745, 41.9290023]]}}, {"type": "Feature", "properties": {}, "geometry": {"type": "LineString", "coordinates": [[12.3824017, 41.9296396], [12.3822127, 41.9294971]]}}, {"type": "Feature", "properties": {}, "geometry": {"type": "LineString", "coordinates": [[12.3850696, 41.9041803], [12.3850525, 41.9042012], [12.3850334, 41.9042274], [12.3850213, 41.9042507], [12.3850083, 41.9042821], [12.3850022, 41.9043038], [12.3849922, 41.9043412], [12.3849871, 41.9043727], [12.3849861, 41.9043989], [12.3849851, 41.9044281], [12.3849851, 41.9044663], [12.3849861, 41.9044969], [12.3849861, 41.9045261], [12.3849841, 41.9045561], [12.3849841, 41.904586], [12.3849821, 41.9046205], [12.3849821, 41.9046527], [12.3849811, 41.9046871], [12.3849821, 41.9047268], [12.3849851, 41.9047672], [12.3849831, 41.9048054], [12.3849821, 41.904842], [12.3849811, 41.9048802], [12.3849791, 41.9049229], [12.3849781, 41.9049618], [12.3849791, 41.9050067], [12.3849801, 41.9050367], [12.3849751, 41.9050853], [12.3849751, 41.9051235], [12.3849761, 41.9051654], [12.3849811, 41.9052081], [12.3849851, 41.9052328], [12.3849901, 41.9052807], [12.3849962, 41.9053301], [12.3849992, 41.9053518], [12.3850093, 41.905384], [12.3850183, 41.905411], [12.3850254, 41.9054387], [12.3850354, 41.9054739], [12.3850475, 41.905506], [12.3850595, 41.9055412], [12.3850686, 41.9055809], [12.3850736, 41.9056056], [12.3850847, 41.9056528], [12.3850887, 41.9056894], [12.3850958, 41.9057336], [12.3851018, 41.9057643], [12.3851098, 41.9057935], [12.3851219, 41.9058399], [12.3851259, 41.9058758], [12.385132, 41.9058998], [12.38514, 41.9059447], [12.385144, 41.9059747], [12.3851521, 41.9060278], [12.3851611, 41.9060727], [12.3851642, 41.9060974], [12.3851692, 41.9061371], [12.3851762, 41.9061723], [12.3851843, 41.9062075], [12.3851923, 41.9062374], [12.3851984, 41.9062651], [12.3852034, 41.906295], [12.3852104, 41.9063235], [12.3852205, 41.9063609], [12.3852265, 41.9063946], [12.3852336, 41.906432], [12.3852416, 41.9064665], [12.3852466, 41.9064912], [12.3852567, 41.9065271], [12.3852657, 41.9065645], [12.3852678, 41.9065967], [12.3852738, 41.9066357], [12.3852758, 41.9066648], [12.3852828, 41.9067015], [12.3852849, 41.9067322], [12.3852889, 41.9067607], [12.3852909, 41.9067981], [12.3852959, 41.9068363], [12.3852939, 41.9068804], [12.3852899, 41.9069201], [12.3852879, 41.9069688], [12.3852808, 41.9070159], [12.3852738, 41.9070736], [12.3852708, 41.9071072], [12.3852667, 41.9071582], [12.3852637, 41.907221], [12.3852667, 41.9072555], [12.3852738, 41.9072921], [12.3852758, 41.9073326], [12.3852758, 41.907379], [12.3852758, 41.9074104], [12.3852738, 41.9074568], [12.3852748, 41.9074935], [12.3852708, 41.9075429], [12.3852728, 41.9075751]]}}, {"type": "Feature", "properties": {}, "geometry": {"type": "LineString", "coordinates": [[12.3865995, 41.9050359], [12.3865894, 41.9050045], [12.3865713, 41.9049536], [12.3865512, 41.9049199], [12.3865321, 41.9048802], [12.386516, 41.904854], [12.3864898, 41.9048196], [12.3864677, 41.9047926], [12.3864345, 41.9047492], [12.3864124, 41.9047163], [12.3863772, 41.9046789], [12.3863541, 41.9046527], [12.3863229, 41.9046062], [12.3863017, 41.90458], [12.3862665, 41.9045284], [12.3862464, 41.9045014], [12.3862082, 41.9044468], [12.3861861, 41.9044161], [12.3861559, 41.9043667], [12.3861408, 41.9043375], [12.3861207, 41.9042926], [12.3861046, 41.9042649], [12.3860754, 41.9042162], [12.3860543, 41.9041863], [12.3860211, 41.9041444], [12.386006, 41.9041241], [12.3859447, 41.9041152], [12.3859195, 41.9041107], [12.3858713, 41.9040837], [12.38583, 41.9040575], [12.3858029, 41.9040351], [12.3857707, 41.9040089], [12.3857596, 41.9039961]]}}, {"type": "Feature", "properties": {}, "geometry": {"type": "LineString", "coordinates": [[12.3849958, 41.9039829], [12.3849516, 41.9039814], [12.3849194, 41.9039769], [12.3848711, 41.9039709], [12.3848269, 41.9039619], [12.3847846, 41.903953], [12.3847524, 41.9039485], [12.3847202, 41.903941], [12.3846921, 41.903935]]}}, {"type": "Feature", "properties": {}, "geometry": {"type": "LineString", "coordinates": [[12.3848249, 41.9042883], [12.3848289, 41.9042509], [12.3848249, 41.904224], [12.3848249, 41.9041925], [12.3848289, 41.9041536], [12.3848208, 41.9041132], [12.3848068, 41.9040817], [12.3847786, 41.9040398], [12.3847524, 41.9040054], [12.3847323, 41.9039784], [12.3847082, 41.90395], [12.3846881, 41.9039365]]}}, {"type": "Feature", "properties": {}, "geometry": {"type": "LineString", "coordinates": [[12.3848094, 41.9037196], [12.3847622, 41.9037024], [12.3847179, 41.90368], [12.3846857, 41.9036635], [12.3846606, 41.9036508], [12.3846354, 41.9036351], [12.3845942, 41.9036096], [12.3845097, 41.9035482], [12.3844856, 41.9035243], [12.3844363, 41.9034636], [12.3844182, 41.9034374], [12.384393, 41.9033858], [12.3843799, 41.9033588], [12.3843498, 41.9032982], [12.3843387, 41.9032697], [12.3843226, 41.9032211], [12.3843126, 41.9031874], [12.3843035, 41.9031559], [12.3842965, 41.9031275], [12.3842914, 41.903102], [12.3842894, 41.9030818]]}}, {"type": "Feature", "properties": {}, "geometry": {"type": "LineString", "coordinates": [[12.383531, 41.903382], [12.3834747, 41.9033581], [12.3834133, 41.9033304], [12.3833771, 41.9033132], [12.383347, 41.9033012], [12.3832936, 41.903284], [12.3832504, 41.9032667], [12.3832182, 41.9032518], [12.3831569, 41.9032263], [12.3831126, 41.9032046], [12.3830341, 41.9031769], [12.3829869, 41.9031574], [12.3829064, 41.9031253], [12.3828571, 41.903111], [12.3828008, 41.9030856], [12.3827756, 41.9030781], [12.3828521, 41.9030624], [12.3828893, 41.9030534], [12.3829728, 41.9030264], [12.383013, 41.9030107], [12.3830704, 41.9029912], [12.3831046, 41.902974], [12.3831367, 41.9029583], [12.3831699, 41.9029314], [12.3831981, 41.9029111], [12.3832373, 41.9028797], [12.3832574, 41.902858], [12.3832947, 41.9028093], [12.3833168, 41.9027846], [12.383352, 41.9027405]]}}, {"type": "Feature", "properties": {}, "geometry": {"type": "LineString", "coordinates": [[12.3836695, 41.9052478], [12.3836655, 41.9052059], [12.3836594, 41.9051654], [12.3836433, 41.9051085], [12.3836333, 41.9050651], [12.3836192, 41.9049888], [12.3836132, 41.9049558], [12.3835971, 41.9048944], [12.3835931, 41.9048585], [12.383585, 41.9048166], [12.3835749, 41.9047747], [12.3835669, 41.9047313], [12.3835548, 41.9046624], [12.3835468, 41.904613], [12.3835407, 41.9045785], [12.3835307, 41.9045216], [12.3835166, 41.9044782], [12.3835066, 41.9044483], [12.3834864, 41.9043914], [12.3834724, 41.904345], [12.3834643, 41.9043061], [12.3834482, 41.9042357], [12.3834361, 41.9041818], [12.3834261, 41.9041384], [12.383406, 41.9040605], [12.3833919, 41.9040096], [12.3833798, 41.9039602], [12.3833677, 41.9039138], [12.3833577, 41.9038659], [12.3833396, 41.9037925], [12.3833335, 41.9037491], [12.3833315, 41.9037191], [12.3833255, 41.9036832], [12.3833315, 41.9036578], [12.3833416, 41.9036323], [12.3833597, 41.9036099]]}}, {"type": "Feature", "properties": {}, "geometry": {"type": "LineString", "coordinates": [[12.3840219, 41.9064647], [12.3840299, 41.9064423], [12.3840349, 41.9064176], [12.3840319, 41.9063831], [12.3840309, 41.906369], [12.3840299, 41.9063547], [12.3840239, 41.9063255], [12.3840158, 41.9062866], [12.3840088, 41.9062589], [12.3840034, 41.9062396], [12.3839957, 41.9062117], [12.3839887, 41.906172], [12.3839786, 41.9061151], [12.3839765, 41.9061049], [12.3839716, 41.9060815], [12.3839665, 41.9060612], [12.3839605, 41.9060448], [12.3839545, 41.9060156], [12.3839416, 41.9059711], [12.3839404, 41.9059669], [12.3839334, 41.9059355], [12.3839173, 41.9058666], [12.3839127, 41.9058375], [12.3839112, 41.9058284], [12.3839022, 41.905773], [12.3838941, 41.9057386], [12.3838849, 41.9057006], [12.3838841, 41.9056974], [12.38388, 41.9056682], [12.38387, 41.9056443], [12.3838619, 41.9055956], [12.3838603, 41.9055704], [12.3838599, 41.9055634], [12.3838509, 41.9055095], [12.3838479, 41.9054818], [12.3838376, 41.905425], [12.3838358, 41.9054152], [12.3838308, 41.9053815], [12.3838227, 41.9053291], [12.3838197, 41.9053059], [12.3838193, 41.9053008], [12.3838157, 41.9052513], [12.3838127, 41.9051891], [12.3838078, 41.9051595], [12.3838066, 41.9051525], [12.3837915, 41.9051285]]}}, {"type": "Feature", "properties": {}, "geometry": {"type": "LineString", "coordinates": [[12.3841764, 41.9078708], [12.3841221, 41.907763], [12.384098, 41.9077211], [12.3840738, 41.9076253], [12.3840417, 41.9075714], [12.3840115, 41.9074905], [12.3839954, 41.9074336], [12.3839712, 41.9073453], [12.3839531, 41.9072839], [12.383923, 41.9072031], [12.3839049, 41.9071477], [12.3838827, 41.9070683], [12.3838666, 41.9070159], [12.3838224, 41.9068303], [12.3838023, 41.90673], [12.3837902, 41.9066701], [12.3837681, 41.9065818], [12.383758, 41.9065234], [12.3837359, 41.906435]]}}, {"type": "Feature", "properties": {}, "geometry": {"type": "LineString", "coordinates": [[12.3849107, 41.9067315], [12.3849248, 41.9067105], [12.3849228, 41.9066656], [12.3849167, 41.9066012], [12.3849164, 41.9065972], [12.3849127, 41.9065548], [12.3849067, 41.9064919], [12.3848986, 41.906447], [12.3848886, 41.9063707], [12.3848785, 41.9063302], [12.3848766, 41.9063195], [12.3848644, 41.9062509], [12.3848523, 41.906194], [12.3848501, 41.9061824], [12.3848493, 41.9061782], [12.3848363, 41.9061102], [12.3848282, 41.9060578], [12.3848262, 41.9060411], [12.3848202, 41.9059919], [12.3848081, 41.9059335], [12.384796, 41.9058691], [12.3847941, 41.905851], [12.38479, 41.9058212], [12.3847779, 41.9057568], [12.3847759, 41.9057439], [12.3847699, 41.9057044], [12.3847578, 41.9056445], [12.3847498, 41.9056106], [12.3847457, 41.9055936], [12.3847337, 41.9055233], [12.3847241, 41.9054828], [12.3847216, 41.9054724], [12.3847115, 41.9053975]]}}, {"type": "Feature", "properties": {}, "geometry": {"type": "LineString", "coordinates": [[12.3846905, 41.9053215], [12.3846553, 41.9052227]]}}, {"type": "Feature", "properties": {}, "geometry": {"type": "LineString", "coordinates": [[12.3846391, 41.9051774], [12.384627, 41.9051385], [12.3846109, 41.9050921], [12.3846067, 41.9050813], [12.384604, 41.9050744], [12.3845908, 41.9050412], [12.3845548, 41.9049451], [12.3845526, 41.9049394], [12.3845365, 41.904893], [12.3845063, 41.9048121], [12.3844842, 41.9047642], [12.3844616, 41.904698], [12.3844581, 41.9046878], [12.38444, 41.9046354], [12.3844098, 41.9045546], [12.3843937, 41.9044977], [12.3843655, 41.9044213], [12.3843474, 41.9043704], [12.3843112, 41.9042656], [12.3842891, 41.9042087]]}}, {"type": "Feature", "properties": {}, "geometry": {"type": "LineString", "coordinates": [[12.3847337, 41.90486], [12.3847196, 41.9048091], [12.3846975, 41.9046863], [12.3846894, 41.9046414], [12.3846814, 41.904598], [12.3846653, 41.9045366], [12.3846472, 41.9044902], [12.384613, 41.9043764], [12.3845828, 41.9043016], [12.3845627, 41.9042432], [12.3845164, 41.9041399], [12.3844963, 41.9040964], [12.3844581, 41.9040096]]}}, {"type": "Feature", "properties": {}, "geometry": {"type": "LineString", "coordinates": [[12.3845157, 41.9046898], [12.3844616, 41.904698]]}}, {"type": "Feature", "properties": {}, "geometry": {"type": "LineString", "coordinates": [[12.384562, 41.9048051], [12.3845063, 41.9048121]]}}, {"type": "Feature", "properties": {}, "geometry": {"type": "LineString", "coordinates": [[12.3846616, 41.9050581], [12.384604, 41.9050744]]}}, {"type": "Feature", "properties": {}, "geometry": {"type": "LineString", "coordinates": [[12.3847008, 41.9051622], [12.3846391, 41.9051774]]}}, {"type": "Feature", "properties": {}, "geometry": {"type": "LineString", "coordinates": [[12.3847662, 41.9053269], [12.3846971, 41.9053422]]}}, {"type": "Feature", "properties": {}, "geometry": {"type": "LineString", "coordinates": [[12.3847115, 41.9053975], [12.3846971, 41.9053422]]}}, {"type": "Feature", "properties": {}, "geometry": {"type": "LineString", "coordinates": [[12.3846971, 41.9053422], [12.3846905, 41.9053215]]}}, {"type": "Feature", "properties": {}, "geometry": {"type": "LineString", "coordinates": [[12.3848155, 41.9054721], [12.3847241, 41.9054828]]}}, {"type": "Feature", "properties": {}, "geometry": {"type": "LineString", "coordinates": [[12.3848658, 41.9057341], [12.3847759, 41.9057439]]}}, {"type": "Feature", "properties": {}, "geometry": {"type": "LineString", "coordinates": [[12.3848879, 41.9058412], [12.3847941, 41.905851]]}}, {"type": "Feature", "properties": {}, "geometry": {"type": "LineString", "coordinates": [[12.3849241, 41.9060283], [12.3848262, 41.9060411]]}}, {"type": "Feature", "properties": {}, "geometry": {"type": "LineString", "coordinates": [[12.3849523, 41.9061668], [12.3848493, 41.9061782]]}}, {"type": "Feature", "properties": {}, "geometry": {"type": "LineString", "coordinates": [[12.3849784, 41.9063083], [12.3848766, 41.9063195]]}}, {"type": "Feature", "properties": {}, "geometry": {"type": "LineString", "coordinates": [[12.3846968, 41.9066227], [12.3847672, 41.9066122], [12.3848155, 41.906607], [12.3849164, 41.9065972]]}}, {"type": "Feature", "properties": {}, "geometry": {"type": "LineString", "coordinates": [[12.3846415, 41.9063405], [12.3847219, 41.9063337], [12.3847682, 41.90633], [12.3848766, 41.9063195]]}}, {"type": "Feature", "properties": {}, "geometry": {"type": "LineString", "coordinates": [[12.3846173, 41.9062012], [12.3846394, 41.9061982], [12.3846877, 41.906196], [12.3847642, 41.90619], [12.3848501, 41.9061824]]}}, {"type": "Feature", "properties": {}, "geometry": {"type": "LineString", "coordinates": [[12.3845902, 41.9060605], [12.3846616, 41.906056], [12.3847209, 41.9060538], [12.3848262, 41.9060411]]}}, {"type": "Feature", "properties": {}, "geometry": {"type": "LineString", "coordinates": [[12.384563, 41.9058674], [12.3846374, 41.9058629], [12.3846978, 41.9058599], [12.3847491, 41.9058554], [12.3847941, 41.905851]]}}, {"type": "Feature", "properties": {}, "geometry": {"type": "LineString", "coordinates": [[12.3845509, 41.9057618], [12.3846173, 41.9057573], [12.3846716, 41.9057521], [12.3847169, 41.9057513], [12.3847759, 41.9057439]]}}, {"type": "Feature", "properties": {}, "geometry": {"type": "LineString", "coordinates": [[12.3845268, 41.9056286], [12.3845801, 41.9056248], [12.3846445, 41.9056211], [12.3846948, 41.9056196], [12.3847498, 41.9056106]]}}, {"type": "Feature", "properties": {}, "geometry": {"type": "LineString", "coordinates": [[12.3845006, 41.9054923], [12.384562, 41.9054908], [12.3846213, 41.9054871], [12.3847241, 41.9054828]]}}, {"type": "Feature", "properties": {}, "geometry": {"type": "LineString", "coordinates": [[12.3844815, 41.9053598], [12.3845318, 41.9053546], [12.3845962, 41.9053516], [12.3846485, 41.9053478], [12.3846971, 41.9053422]]}}, {"type": "Feature", "properties": {}, "geometry": {"type": "LineString", "coordinates": [[12.3844493, 41.9052183], [12.3845037, 41.9052176], [12.384566, 41.9052176], [12.3846022, 41.9052146], [12.3846513, 41.9052115]]}}, {"type": "Feature", "properties": {}, "geometry": {"type": "LineString", "coordinates": [[12.3846486, 41.9052041], [12.3846391, 41.9051774]]}}, {"type": "Feature", "properties": {}, "geometry": {"type": "LineString", "coordinates": [[12.3846553, 41.9052227], [12.3846513, 41.9052115], [12.3846486, 41.9052041]]}}, {"type": "Feature", "properties": {}, "geometry": {"type": "LineString", "coordinates": [[12.3844292, 41.9050933], [12.3844906, 41.9050881], [12.3845499, 41.9050821], [12.3846067, 41.9050813]]}}, {"type": "Feature", "properties": {}, "geometry": {"type": "LineString", "coordinates": [[12.3844001, 41.9049586], [12.3844715, 41.9049533], [12.3845187, 41.9049473], [12.3845548, 41.9049451]]}}, {"type": "Feature", "properties": {}, "geometry": {"type": "LineString", "coordinates": [[12.3843749, 41.9048291], [12.3844433, 41.9048208], [12.3845063, 41.9048121]]}}, {"type": "Feature", "properties": {}, "geometry": {"type": "LineString", "coordinates": [[12.3843498, 41.9046928], [12.3844182, 41.9046951], [12.3844616, 41.904698]]}}, {"type": "Feature", "properties": {}, "geometry": {"type": "LineString", "coordinates": [[12.3843186, 41.9045551], [12.3843588, 41.9045551], [12.3844098, 41.9045546]]}}, {"type": "Feature", "properties": {}, "geometry": {"type": "LineString", "coordinates": [[12.3840582, 41.9066229], [12.3840542, 41.9066121], [12.3840502, 41.9065937], [12.3840467, 41.906581], [12.3840427, 41.9065623], [12.3840381, 41.9065402], [12.3840336, 41.9065245], [12.3840336, 41.9065192], [12.3840366, 41.906511], [12.3840417, 41.9065005], [12.3840477, 41.9064856]]}}, {"type": "Feature", "properties": {}, "geometry": {"type": "LineString", "coordinates": [[12.3841734, 41.9065597], [12.3841598, 41.9065518], [12.3841327, 41.9065361], [12.3841161, 41.9065256], [12.3840879, 41.9065099], [12.3840683, 41.9064975], [12.3840477, 41.9064856], [12.3840376, 41.9064792], [12.3840195, 41.9064702]]}}, {"type": "Feature", "properties": {}, "geometry": {"type": "LineString", "coordinates": [[12.384224, 41.9063503], [12.3841526, 41.9063563], [12.3840973, 41.906363], [12.384043, 41.9063683], [12.3840309, 41.906369]]}}, {"type": "Feature", "properties": {}, "geometry": {"type": "LineString", "coordinates": [[12.3842029, 41.9062163], [12.3841295, 41.9062261], [12.3840641, 41.9062328], [12.3840034, 41.9062396]]}}, {"type": "Feature", "properties": {}, "geometry": {"type": "LineString", "coordinates": [[12.3841778, 41.9060838], [12.3840983, 41.9060913], [12.384041, 41.906098], [12.3839765, 41.9061049]]}}, {"type": "Feature", "properties": {}, "geometry": {"type": "LineString", "coordinates": [[12.3841516, 41.9059491], [12.3840722, 41.9059588], [12.3840199, 41.9059633], [12.3839416, 41.9059711]]}}, {"type": "Feature", "properties": {}, "geometry": {"type": "LineString", "coordinates": [[12.3841265, 41.9058173], [12.384046, 41.9058241], [12.3839997, 41.9058286], [12.3839127, 41.9058375]]}}, {"type": "Feature", "properties": {}, "geometry": {"type": "LineString", "coordinates": [[12.3840993, 41.9056841], [12.3840148, 41.9056886], [12.3839746, 41.9056923], [12.3838849, 41.9057006]]}}, {"type": "Feature", "properties": {}, "geometry": {"type": "LineString", "coordinates": [[12.3840732, 41.9055486], [12.3839957, 41.9055583], [12.3839424, 41.9055636], [12.3838911, 41.9055681], [12.3838603, 41.9055704]]}}, {"type": "Feature", "properties": {}, "geometry": {"type": "LineString", "coordinates": [[12.38405, 41.9054176], [12.3839716, 41.9054228], [12.3839062, 41.9054243], [12.3838376, 41.905425]]}}, {"type": "Feature", "properties": {}, "geometry": {"type": "LineString", "coordinates": [[12.3840209, 41.9052813], [12.3839484, 41.9052888], [12.3838841, 41.9052941], [12.3838193, 41.9053008]]}}, {"type": "Feature", "properties": {}, "geometry": {"type": "LineString", "coordinates": [[12.3839977, 41.9051496], [12.3839153, 41.9051563], [12.383867, 41.9051586], [12.3838078, 41.9051595]]}}, {"type": "Feature", "properties": {}, "geometry": {"type": "LineString", "coordinates": [[12.3839665, 41.9050163], [12.3839062, 41.9050223], [12.383879, 41.9050216], [12.3838001, 41.9050193]]}}, {"type": "Feature", "properties": {}, "geometry": {"type": "LineString", "coordinates": [[12.3839466, 41.904882], [12.3838495, 41.9048895], [12.3837987, 41.9048932]]}}, {"type": "Feature", "properties": {}, "geometry": {"type": "LineString", "coordinates": [[12.3839215, 41.9047525], [12.383851, 41.9047573], [12.3837957, 41.9047603]]}}, {"type": "Feature", "properties": {}, "geometry": {"type": "LineString", "coordinates": [[12.3838968, 41.9046196], [12.3838415, 41.9046211], [12.3837952, 41.9046222]]}}, {"type": "Feature", "properties": {}, "geometry": {"type": "LineString", "coordinates": [[12.3838707, 41.9044841], [12.3837907, 41.9044923]]}}, {"type": "Feature", "properties": {}, "geometry": {"type": "LineString", "coordinates": [[12.383848, 41.9043505], [12.3837862, 41.904355]]}}, {"type": "Feature", "properties": {}, "geometry": {"type": "LineString", "coordinates": [[12.3838219, 41.904218], [12.3837902, 41.9042191], [12.3837821, 41.9042191]]}}, {"type": "Feature", "properties": {}, "geometry": {"type": "LineString", "coordinates": [[12.3837535, 41.9038912], [12.383757, 41.9039226], [12.3837585, 41.9039661], [12.383761, 41.9039949], [12.383762, 41.9040248], [12.383765, 41.904054], [12.383765, 41.9040843], [12.3837666, 41.9041135], [12.3837676, 41.9041487], [12.3837677, 41.9041588], [12.3837681, 41.9041843], [12.3837701, 41.9042172], [12.3837711, 41.9042561], [12.3837711, 41.9042604], [12.3837711, 41.904273], [12.3837731, 41.9043033], [12.3837751, 41.90434], [12.3837747, 41.9043711], [12.3837746, 41.9043842], [12.3837756, 41.9044205], [12.3837751, 41.9044594], [12.3837748, 41.9044762], [12.3837746, 41.9044837], [12.3837766, 41.9045245], [12.3837766, 41.9045605], [12.3837776, 41.9045852], [12.3837781, 41.9045994], [12.3837781, 41.9046304], [12.3837796, 41.9046716], [12.3837799, 41.9046945], [12.3837801, 41.9047053], [12.3837806, 41.9047431], [12.3837811, 41.9047802], [12.3837814, 41.9048026], [12.3837816, 41.9048135], [12.3837821, 41.9048569], [12.3837827, 41.9048954], [12.3837828, 41.9049029], [12.3837832, 41.9049411], [12.3837837, 41.904989], [12.3837853, 41.9050175], [12.3837847, 41.9050392], [12.3837867, 41.9050863], [12.3837872, 41.9051226]]}}, {"type": "Feature", "properties": {}, "geometry": {"type": "LineString", "coordinates": [[12.3837821, 41.9042191], [12.3837832, 41.9042599], [12.3837857, 41.9042921], [12.3837867, 41.90434], [12.3837862, 41.904355], [12.3837892, 41.9043946], [12.3837892, 41.9044354], [12.3837897, 41.9044762], [12.3837907, 41.9044923], [12.3837932, 41.9045253], [12.3837947, 41.9045676], [12.3837942, 41.904608], [12.3837952, 41.9046222], [12.3837952, 41.9046533], [12.3837957, 41.9046941], [12.3837972, 41.9047345], [12.3837957, 41.9047603], [12.3837977, 41.904776], [12.3837987, 41.904809], [12.3837982, 41.904849], [12.3837987, 41.9048932], [12.3838003, 41.9049355], [12.3838008, 41.9049726], [12.3838008, 41.9050074], [12.3838001, 41.9050193], [12.3838013, 41.905044], [12.3838023, 41.9050845], [12.3838018, 41.9051211], [12.3837972, 41.9051279]]}}, {"type": "Feature", "properties": {}, "geometry": {"type": "LineString", "coordinates": [[12.3834688, 41.9053229], [12.3834568, 41.905275], [12.3834346, 41.9051911], [12.3834145, 41.9050789], [12.3833864, 41.9049651], [12.3833562, 41.9048438], [12.3833341, 41.9047375], [12.3833039, 41.9046087], [12.3832657, 41.904465], [12.3832375, 41.9043183], [12.3832134, 41.9041686], [12.3831812, 41.9040353], [12.3831429, 41.9038766], [12.3831128, 41.9037553], [12.3830846, 41.903661], [12.3830745, 41.9036422], [12.3830524, 41.9036011], [12.3829659, 41.9034888], [12.3828472, 41.90339], [12.3827748, 41.9033511]]}}, {"type": "Feature", "properties": {}, "geometry": {"type": "LineString", "coordinates": [[12.3833294, 41.9034624], [12.3830839, 41.9033546], [12.3832318, 41.903526]]}}, {"type": "Feature", "properties": {}, "geometry": {"type": "LineString", "coordinates": [[12.3833324, 41.9034639], [12.3832318, 41.903526]]}}, {"type": "Feature", "properties": {}, "geometry": {"type": "LineString", "coordinates": [[12.3832318, 41.903526], [12.3830745, 41.9036422]]}}, {"type": "Feature", "properties": {}, "geometry": {"type": "LineString", "coordinates": [[12.3833597, 41.9036099], [12.3832318, 41.903526]]}}, {"type": "Feature", "properties": {}, "geometry": {"type": "LineString", "coordinates": [[12.3848461, 41.9074137], [12.3849337, 41.9074047], [12.385002, 41.9074002], [12.3850865, 41.9073979], [12.3850976, 41.9073972]]}}, {"type": "Feature", "properties": {}, "geometry": {"type": "LineString", "coordinates": [[12.3848703, 41.9075551], [12.3849719, 41.9075529], [12.3850755, 41.9075509], [12.3850865, 41.9075506]]}}, {"type": "Feature", "properties": {}, "geometry": {"type": "LineString", "coordinates": [[12.3850383, 41.9083269], [12.3850423, 41.9082595], [12.3850483, 41.9081802], [12.3850544, 41.9080919], [12.3850574, 41.9080382], [12.3850594, 41.9080088], [12.3850634, 41.9079369], [12.3850644, 41.907908], [12.3850684, 41.9078426], [12.3850735, 41.9077897], [12.3850765, 41.907749], [12.3850815, 41.9076697], [12.3850815, 41.9076437], [12.3850875, 41.9075626], [12.3850865, 41.9075506], [12.3850916, 41.9075127], [12.3850936, 41.9074571], [12.3850976, 41.9073972], [12.3851006, 41.9073802], [12.3851036, 41.9073313], [12.3851097, 41.9072827], [12.3851137, 41.9072445]]}}, {"type": "Feature", "properties": {}, "geometry": {"type": "LineString", "coordinates": [[12.3851238, 41.9069795], [12.3851268, 41.9069271], [12.3851238, 41.9068567], [12.3851217, 41.9068208], [12.3851197, 41.9067624], [12.3851167, 41.9067325], [12.3851046, 41.9067287]]}}, {"type": "Feature", "properties": {}, "geometry": {"type": "LineString", "coordinates": [[12.3851137, 41.9072445], [12.3851238, 41.9069795]]}}, {"type": "Feature", "properties": {}, "geometry": {"type": "LineString", "coordinates": [[12.3847727, 41.906972], [12.3847818, 41.9069693], [12.3847999, 41.9069615], [12.3848371, 41.9069466], [12.3849015, 41.9069144], [12.3849347, 41.9068919], [12.3849719, 41.9068615], [12.384999, 41.9068455], [12.3850463, 41.9067953], [12.3850511, 41.906788]]}}, {"type": "Feature", "properties": {}, "geometry": {"type": "LineString", "coordinates": [[12.3847798, 41.9070975], [12.3847908, 41.9070945], [12.3847868, 41.9070406], [12.3847788, 41.9069965], [12.3847767, 41.9069815]]}}, {"type": "Feature", "properties": {}, "geometry": {"type": "LineString", "coordinates": [[12.3847767, 41.9069815], [12.3847727, 41.906972]]}}, {"type": "Feature", "properties": {}, "geometry": {"type": "LineString", "coordinates": [[12.3847234, 41.9067884], [12.3847345, 41.9067861], [12.3847496, 41.9068505], [12.3847546, 41.906867]]}}, {"type": "Feature", "properties": {}, "geometry": {"type": "LineString", "coordinates": [[12.3850161, 41.9065695], [12.3850161, 41.9065965]]}}, {"type": "Feature", "properties": {}, "geometry": {"type": "LineString", "coordinates": [[12.3847546, 41.906867], [12.3847556, 41.9068742]]}}, {"type": "Feature", "properties": {}, "geometry": {"type": "LineString", "coordinates": [[12.3847556, 41.9068742], [12.3847979, 41.906857], [12.384825, 41.9068398], [12.3848783, 41.9068031], [12.3849035, 41.9067814], [12.3849344, 41.906748], [12.3849457, 41.9067357], [12.3849739, 41.9067005], [12.384985, 41.9066758], [12.3850061, 41.9066272], [12.3850161, 41.9065965]]}}, {"type": "Feature", "properties": {}, "geometry": {"type": "LineString", "coordinates": [[12.3851046, 41.9067287], [12.3850926, 41.9067295], [12.3850805, 41.9067437], [12.3850511, 41.906788]]}}, {"type": "Feature", "properties": {}, "geometry": {"type": "LineString", "coordinates": [[12.3847191, 41.9067452], [12.3847845, 41.9067407], [12.384887, 41.9067317], [12.3849107, 41.9067315]]}}, {"type": "Feature", "properties": {}, "geometry": {"type": "LineString", "coordinates": [[12.3849107, 41.9067315], [12.3849253, 41.9067414], [12.3849344, 41.906748]]}}, {"type": "Feature", "properties": {}, "geometry": {"type": "Polygon", "coordinates": [[[12.4759827, 41.8368744], [12.4760092, 41.836844], [12.4761051, 41.8368171], [12.476161, 41.8367978], [12.4761926, 41.8367823], [12.4762261, 41.8368113], [12.476124, 41.8368546], [12.4760709, 41.8369491], [12.4760532, 41.8369419], [12.4760389, 41.8369362], [12.4760608, 41.836911], [12.4760072, 41.8368851], [12.4759827, 41.8368744]]]}}, {"type": "Feature", "properties": {}, "geometry": {"type": "LineString", "coordinates": [[12.4760532, 41.8369419], [12.476033, 41.8369857], [12.4760559, 41.8370816]]}}, {"type": "Feature", "properties": {}, "geometry": {"type": "Polygon", "coordinates": [[[12.4757777, 41.8352897], [12.4759037, 41.8353659], [12.4759208, 41.8353554], [12.4759316, 41.8353099], [12.4758132, 41.8352453], [12.4757777, 41.8352897]]]}}, {"type": "Feature", "properties": {}, "geometry": {"type": "Polygon", "coordinates": [[[12.3754154, 41.9451711], [12.3754406, 41.9451673], [12.3754617, 41.9451561], [12.3754808, 41.9451449], [12.3754898, 41.9451292], [12.3754969, 41.945115], [12.3755029, 41.9450948], [12.375508, 41.9450731], [12.375511, 41.9450536], [12.3755069, 41.9450245], [12.3755009, 41.9449975], [12.3754929, 41.9449803], [12.3754727, 41.9449594], [12.3754556, 41.9449407], [12.3754396, 41.9449264], [12.3754255, 41.9449167], [12.3754054, 41.944907], [12.3753772, 41.9448965], [12.375346, 41.9448928], [12.3753199, 41.9448973], [12.3752997, 41.9449048], [12.3752847, 41.9449122], [12.3752706, 41.9449235], [12.3752595, 41.9449377], [12.3752575, 41.9449549], [12.3752575, 41.9449706], [12.3752625, 41.944987], [12.3752736, 41.9450043], [12.3752816, 41.9450185], [12.3752937, 41.9450349], [12.3753068, 41.9450476], [12.3753148, 41.9450634], [12.3753229, 41.9450768], [12.3753289, 41.9450925], [12.3753319, 41.9451052], [12.375336, 41.9451202], [12.37534, 41.9451314], [12.375346, 41.9451427], [12.3753541, 41.9451516], [12.3753641, 41.9451591], [12.3753772, 41.9451658], [12.3753943, 41.9451703], [12.3754154, 41.9451711]]]}}, {"type": "Feature", "properties": {}, "geometry": {"type": "LineString", "coordinates": [[12.5988221, 41.9360801], [12.5965349, 41.9345786], [12.5958198, 41.9341026], [12.5950903, 41.9337334], [12.5939997, 41.9330114], [12.5937581, 41.9328771], [12.5933691, 41.9325847], [12.5929319, 41.9323779], [12.5920679, 41.9320942], [12.5913171, 41.9319701], [12.5906588, 41.9319959], [12.5903132, 41.9320446], [12.5900875, 41.9320717], [12.5899491, 41.9320769], [12.5898407, 41.9320576], [12.5896815, 41.9320092], [12.5890796, 41.9319069], [12.5889086, 41.9318696], [12.5887507, 41.931817], [12.5886089, 41.9317476], [12.5884689, 41.9316638], [12.5884133, 41.9316091], [12.5883825, 41.9315481], [12.5883882, 41.9314646], [12.5884421, 41.931393], [12.5886387, 41.9312733], [12.5889962, 41.9311092], [12.5890499, 41.9308743], [12.5890737, 41.9306659], [12.5888949, 41.9305196], [12.5885374, 41.9303999], [12.5885612, 41.9301694], [12.5888474, 41.9298103], [12.5889017, 41.9296543], [12.5888171, 41.9294565], [12.5889676, 41.9291597]]}}, {"type": "Feature", "properties": {}, "geometry": {"type": "LineString", "coordinates": [[12.5991629, 41.9363038], [12.5990584, 41.9362352], [12.5988221, 41.9360801]]}}, {"type": "Feature", "properties": {}, "geometry": {"type": "LineString", "coordinates": [[12.6082264, 41.9241877], [12.607533, 41.9242569], [12.6062312, 41.9241908], [12.6053241, 41.9239715], [12.6050494, 41.9237269], [12.6045029, 41.9234183], [12.6041083, 41.9233094], [12.603582, 41.9232732], [12.6033037, 41.9232522], [12.6029118, 41.9231628], [12.6022451, 41.9230735], [12.6018561, 41.9228923], [12.6017105, 41.9228924], [12.601478, 41.9229791], [12.601427, 41.9230647], [12.601324, 41.9234223], [12.601384, 41.9241376], [12.6014439, 41.9247102], [12.6014956, 41.9251593], [12.6014098, 41.9255297], [12.6011008, 41.9258618], [12.6007575, 41.9260406], [12.6002682, 41.9261172], [12.599779, 41.9260661], [12.5992383, 41.9258618], [12.5986804, 41.9256574], [12.5981225, 41.9255425], [12.5976332, 41.9255297], [12.5970324, 41.9256191], [12.5963801, 41.9257979], [12.5955733, 41.9261811], [12.5945605, 41.9266153], [12.5937022, 41.9268835], [12.5927581, 41.9273178], [12.592183, 41.9275093], [12.5917024, 41.9274989], [12.5913079, 41.9274073], [12.5909842, 41.9273308], [12.5907354, 41.9272541], [12.5904922, 41.9272945], [12.590226, 41.927554], [12.5899686, 41.9280968], [12.5896681, 41.9285757], [12.5894965, 41.928927], [12.5893651, 41.9290894], [12.5892006, 41.9291492], [12.5889676, 41.9291597], [12.5882955, 41.9289003], [12.5877812, 41.9285661], [12.5873412, 41.9283913], [12.5868912, 41.9283702], [12.5867616, 41.9283853], [12.5865754, 41.9283842], [12.5865299, 41.9283857], [12.5862932, 41.9283441], [12.5860696, 41.9283823], [12.5859452, 41.9284802], [12.5858058, 41.9287673], [12.5855225, 41.9291951], [12.5852908, 41.9293612], [12.5850307, 41.9294285], [12.5847248, 41.929378], [12.584073, 41.9292096], [12.5835313, 41.928927], [12.5832856, 41.9287205], [12.5829412, 41.928621], [12.5827669, 41.9284009], [12.582359, 41.9282364], [12.5820745, 41.9282564], [12.581832, 41.9283764], [12.5816375, 41.9285707], [12.5816176, 41.9287567], [12.5816276, 41.928955], [12.5817561, 41.9294566], [12.5818737, 41.9298303], [12.5819434, 41.9300253], [12.5818318, 41.9301274], [12.5815743, 41.9301274], [12.5813683, 41.9300763], [12.5810422, 41.9299167], [12.5807418, 41.9296166], [12.5801264, 41.9289717], [12.5797854, 41.9284482], [12.5795807, 41.9280853], [12.5794284, 41.9273655], [12.5794155, 41.9268325], [12.579434, 41.926424], [12.5794498, 41.9258427], [12.5794587, 41.9256035], [12.5794542, 41.9252948], [12.5793609, 41.9244276], [12.5793038, 41.9239113], [12.5793253, 41.9233455], [12.5792763, 41.92325], [12.5791534, 41.9231636], [12.5788789, 41.9230521], [12.5784756, 41.9230266], [12.5775059, 41.9229242], [12.576991, 41.9229562], [12.5763901, 41.9230009], [12.5757464, 41.9230009], [12.575175, 41.9228516], [12.5747955, 41.9226954], [12.5742762, 41.9223798], [12.5739611, 41.9220812], [12.5737284, 41.9217252], [12.5733, 41.9212033], [12.5730739, 41.921004], [12.5728879, 41.9208968], [12.5722696, 41.9205069], [12.5719222, 41.9202612], [12.5715875, 41.9200634], [12.5712571, 41.9198685], [12.5708192, 41.9196959], [12.5704674, 41.919565], [12.5703087, 41.9194086], [12.5702056, 41.9191947], [12.5702013, 41.9188625], [12.5701412, 41.9185687], [12.5699267, 41.9184793], [12.5696696, 41.9185368], [12.5690213, 41.9187076], [12.568828, 41.918844], [12.5687934, 41.9189627], [12.5686757, 41.9193456], [12.568449, 41.9196234], [12.5679784, 41.9199227], [12.567738, 41.920159], [12.5675921, 41.9205422], [12.5675921, 41.9208168], [12.5676179, 41.9209764], [12.5678496, 41.9212], [12.5690187, 41.921929], [12.5691714, 41.922075], [12.5692057, 41.9222537], [12.5689999, 41.9225091], [12.5685707, 41.9227198], [12.5681853, 41.9228976], [12.5678997, 41.9230211], [12.5674373, 41.9231409], [12.5666913, 41.9234223], [12.5661763, 41.9235948], [12.565707, 41.9237053], [12.5651335, 41.9240835], [12.5645872, 41.9243924], [12.5640674, 41.9247524], [12.5638255, 41.9249156], [12.5635092, 41.9250907], [12.5632323, 41.925319], [12.5628749, 41.9253211], [12.5624249, 41.9253837], [12.562065, 41.9254276], [12.5616477, 41.9254049], [12.5613593, 41.9253029], [12.5610619, 41.9251385], [12.560775, 41.924882], [12.5606172, 41.924654], [12.5604419, 41.9244063], [12.560296, 41.9242212], [12.5600566, 41.9240226], [12.5597991, 41.9239779], [12.5593699, 41.9240226], [12.5589383, 41.9240974], [12.5584623, 41.9244316], [12.5581009, 41.9247658], [12.557839, 41.9251093], [12.5574874, 41.9254199], [12.5572232, 41.9255755], [12.5569667, 41.9257469], [12.5565547, 41.9258746], [12.5560568, 41.9258746], [12.5556964, 41.9258937], [12.5553492, 41.9260599], [12.5552395, 41.9262597], [12.5551732, 41.9264833], [12.5552318, 41.9267115], [12.5552748, 41.9269273], [12.5553454, 41.9271768], [12.5554161, 41.9274418], [12.5554437, 41.9275913], [12.5553665, 41.9277748], [12.5552085, 41.9279794], [12.5550097, 41.9282437], [12.5547694, 41.9283969], [12.5546152, 41.9284987], [12.5544208, 41.9285116], [12.5539558, 41.9284758], [12.5537117, 41.9284413], [12.5534727, 41.9283688], [12.5531386, 41.9282692], [12.5526751, 41.9283075], [12.5522202, 41.9283714], [12.551731, 41.9285438], [12.5512904, 41.9286528], [12.5511097, 41.9288579], [12.5508939, 41.9290415], [12.5503834, 41.9291632], [12.5495251, 41.9292909], [12.5488362, 41.9292443], [12.5480059, 41.9293229], [12.5474909, 41.9294186], [12.5470216, 41.929558], [12.5467832, 41.9298557], [12.5467087, 41.930242], [12.5466099, 41.9306339], [12.5464124, 41.9310124], [12.5463641, 41.9317609], [12.5463322, 41.9321031], [12.5462201, 41.9324189], [12.5458199, 41.9327748], [12.5452905, 41.9331891], [12.5448044, 41.9333903], [12.5443324, 41.9336202], [12.5438153, 41.9337674], [12.5434079, 41.9337431], [12.543078, 41.9336629], [12.542455, 41.9334107], [12.5418952, 41.9331099], [12.5414566, 41.932913], [12.5403772, 41.9325658], [12.5400517, 41.9324602], [12.5396141, 41.9323053], [12.5395221, 41.9321957], [12.5394849, 41.9321388], [12.5394692, 41.9320709], [12.5395398, 41.9319703], [12.5396159, 41.9318703], [12.5397731, 41.9317565], [12.5399756, 41.9316587], [12.5405301, 41.9315322], [12.5414141, 41.9312129], [12.5419634, 41.9310533], [12.5424184, 41.9308618], [12.5427617, 41.9305744], [12.5429539, 41.9302895], [12.5433845, 41.929595], [12.5435097, 41.9291708], [12.5435374, 41.9286525], [12.5433361, 41.9282249], [12.5430342, 41.9277964], [12.5424687, 41.9273035], [12.5417918, 41.9268197], [12.5408394, 41.9264947], [12.5403756, 41.9263599], [12.5399035, 41.9263407], [12.5393885, 41.9264876], [12.5387019, 41.9268516], [12.5377666, 41.9272189], [12.5369205, 41.9276863], [12.5363963, 41.9280806], [12.5361098, 41.9283459], [12.535612, 41.9285757], [12.5350627, 41.9286843], [12.5344361, 41.9287801], [12.5336207, 41.9287801], [12.5328911, 41.9287929], [12.532289, 41.9287648], [12.53162, 41.9286163], [12.5310977, 41.9283812], [12.5307824, 41.928179], [12.5305962, 41.9280243], [12.530411, 41.9278908], [12.5302612, 41.9277166], [12.5300924, 41.9275195], [12.5299644, 41.9274127], [12.5298318, 41.9273142], [12.5297128, 41.9272771], [12.5295384, 41.9272748], [12.5293933, 41.9273158], [12.5292657, 41.9274033], [12.5292003, 41.9274854], [12.5291606, 41.9276008], [12.5291358, 41.9283268], [12.5290545, 41.9296421], [12.5290888, 41.9301083], [12.5291575, 41.9305361], [12.5293292, 41.9310661], [12.5295008, 41.9313215], [12.5299128, 41.9316535], [12.5306183, 41.9322705], [12.5310815, 41.9325093], [12.5314739, 41.9327178], [12.5318519, 41.9329935], [12.5323621, 41.9334429], [12.5326668, 41.9339065], [12.5329629, 41.934299], [12.5331068, 41.9345571], [12.5331607, 41.9348518], [12.532878, 41.9351654], [12.5325498, 41.935442], [12.5314824, 41.9360423], [12.5309297, 41.9363832], [12.5304719, 41.936669], [12.530174, 41.936808], [12.5298635, 41.936947], [12.529463, 41.9370614], [12.5289172, 41.9372596], [12.5284709, 41.9374192], [12.5279702, 41.9376339], [12.5274888, 41.9377036], [12.52714, 41.9376167], [12.5268215, 41.9373919], [12.5264695, 41.9369233], [12.5262447, 41.9365732], [12.5260208, 41.9362365], [12.5259051, 41.9359025], [12.5259725, 41.9355461], [12.5263326, 41.9350666], [12.5265216, 41.9347776], [12.5266221, 41.9345178], [12.5266256, 41.9344532], [12.5266167, 41.9344025], [12.5265966, 41.9343451], [12.5265581, 41.9343067], [12.5265073, 41.934266], [12.5264544, 41.9342302], [12.5263799, 41.9341921], [12.5263258, 41.9341697], [12.5262425, 41.9341474], [12.526056, 41.9341271], [12.5258671, 41.9341246], [12.5256897, 41.9341448], [12.5255418, 41.9341795], [12.525363, 41.9342395], [12.5251964, 41.9343124], [12.5245676, 41.934684], [12.5239193, 41.9351343], [12.5232376, 41.9355682], [12.5229637, 41.9356521], [12.5225977, 41.9357562], [12.5222911, 41.9358039], [12.5218791, 41.9358166], [12.5214263, 41.9359316], [12.5211212, 41.936108], [12.520903, 41.9365233], [12.5207565, 41.9369675], [12.5207014, 41.9374107], [12.5207242, 41.9378422], [12.5207754, 41.9381887], [12.5207705, 41.9383746], [12.5206241, 41.9385146], [12.5204028, 41.9386898], [12.5197333, 41.9388813], [12.5184888, 41.9393027], [12.5178879, 41.9396474], [12.5170296, 41.9401135], [12.5158881, 41.940669], [12.5155448, 41.9409243], [12.5150813, 41.9414862], [12.5146865, 41.9419011], [12.5144559, 41.9420933], [12.5142401, 41.9421757], [12.5138539, 41.9421374], [12.5133303, 41.942099], [12.5130042, 41.9422267], [12.5127638, 41.9425587], [12.5125922, 41.9428013], [12.5123175, 41.9428268], [12.5120429, 41.9428013], [12.5116481, 41.9425906], [12.5113129, 41.9423918], [12.5107966, 41.94199], [12.5103726, 41.9415956], [12.5098732, 41.9412203], [12.5093239, 41.9407989], [12.5091045, 41.9405285], [12.5089019, 41.9401952], [12.508887, 41.9401627], [12.5088698, 41.9401252], [12.5086047, 41.939687], [12.5083737, 41.9395424], [12.508365, 41.939537], [12.5082511, 41.9394657], [12.5079235, 41.9392606], [12.5075336, 41.9389835], [12.5068024, 41.9387497], [12.5063265, 41.9387089], [12.5056142, 41.9387728], [12.5050683, 41.93899], [12.5046735, 41.9393857], [12.5045878, 41.9397968], [12.5046873, 41.9401621], [12.5047387, 41.94042], [12.504567, 41.9407264], [12.5043412, 41.9408735], [12.5040408, 41.9409565], [12.5037833, 41.9409693], [12.5034915, 41.9408863], [12.5030023, 41.9407586], [12.5023242, 41.9405607], [12.5019723, 41.9405926], [12.5016032, 41.9407586], [12.5013114, 41.9410012], [12.5011998, 41.9412566], [12.5011569, 41.9416588], [12.5011226, 41.9420035], [12.5006575, 41.9424944], [12.5003489, 41.942787]]}}, {"type": "Feature", "properties": {}, "geometry": {"type": "LineString", "coordinates": [[12.4252624, 41.8058029], [12.4253429, 41.8057534], [12.4256587, 41.8056169], [12.4259906, 41.805503], [12.4260811, 41.8054745], [12.4262763, 41.805443], [12.4265076, 41.8054145], [12.4268838, 41.8053725], [12.4269642, 41.805353], [12.4270829, 41.805311], [12.4272559, 41.8051491], [12.4278755, 41.8048222], [12.4280345, 41.8047607], [12.4284489, 41.8046737], [12.4287949, 41.8045943], [12.4289115, 41.8045868], [12.4292113, 41.8045673], [12.4294849, 41.8044578], [12.429678, 41.8043798], [12.4298087, 41.8043303], [12.4300381, 41.8042524], [12.4302774, 41.8041474], [12.4304967, 41.8040604], [12.4307623, 41.8039704], [12.4309735, 41.8038895], [12.4311485, 41.803834], [12.4313436, 41.8037695], [12.431404, 41.8037395], [12.4314824, 41.8036975], [12.4315267, 41.8036645]]}}, {"type": "Feature", "properties": {}, "geometry": {"type": "LineString", "coordinates": [[12.4351574, 41.8029492], [12.4352167, 41.802899], [12.4352972, 41.8028263], [12.4353616, 41.802806], [12.4354561, 41.8027978], [12.435607, 41.8027813], [12.435623, 41.8027795], [12.4357589, 41.802764], [12.4358614, 41.8027501], [12.4359792, 41.8027341], [12.4361894, 41.8027191], [12.4363332, 41.8026981]]}}, {"type": "Feature", "properties": {}, "geometry": {"type": "LineString", "coordinates": [[12.4358907, 41.8028833], [12.4358776, 41.8028368], [12.4358614, 41.8027501]]}}, {"type": "Feature", "properties": {}, "geometry": {"type": "LineString", "coordinates": [[12.4356513, 41.802917], [12.4356322, 41.8028285], [12.435623, 41.8027795]]}}, {"type": "Feature", "properties": {}, "geometry": {"type": "LineString", "coordinates": [[12.4037132, 41.8103754], [12.4036478, 41.8103957], [12.4035201, 41.8104279], [12.4033491, 41.8104737], [12.4031851, 41.8105119], [12.4030805, 41.8105374], [12.4029618, 41.8105674], [12.402758, 41.8106213], [12.4026888, 41.8106406], [12.4026071, 41.8106633], [12.4024603, 41.8107038], [12.4024459, 41.8107076], [12.4022973, 41.8107473]]}}, {"type": "Feature", "properties": {}, "geometry": {"type": "LineString", "coordinates": [[12.403503, 41.8103912], [12.4035201, 41.8104279]]}}, {"type": "Feature", "properties": {}, "geometry": {"type": "LineString", "coordinates": [[12.403169, 41.8104714], [12.4031851, 41.8105119]]}}, {"type": "Feature", "properties": {}, "geometry": {"type": "LineString", "coordinates": [[12.4029447, 41.8105284], [12.4029618, 41.8105674]]}}, {"type": "Feature", "properties": {}, "geometry": {"type": "LineString", "coordinates": [[12.4026702, 41.8105996], [12.4026888, 41.8106406]]}}, {"type": "Feature", "properties": {}, "geometry": {"type": "LineString", "coordinates": [[12.4024328, 41.8106641], [12.4024459, 41.8107076]]}}, {"type": "Feature", "properties": {}, "geometry": {"type": "LineString", "coordinates": [[12.4060256, 41.8098582], [12.4058576, 41.8098971], [12.4056806, 41.8099391], [12.4055126, 41.8099766], [12.4053797, 41.8100092], [12.4053748, 41.8100103]]}}, {"type": "Feature", "properties": {}, "geometry": {"type": "LineString", "coordinates": [[12.4060236, 41.8098439], [12.4060256, 41.8098582]]}}, {"type": "Feature", "properties": {}, "geometry": {"type": "LineString", "coordinates": [[12.4058516, 41.8098799], [12.4058576, 41.8098971]]}}, {"type": "Feature", "properties": {}, "geometry": {"type": "LineString", "coordinates": [[12.4056756, 41.8099174], [12.4056806, 41.8099391]]}}, {"type": "Feature", "properties": {}, "geometry": {"type": "LineString", "coordinates": [[12.4055046, 41.8099534], [12.4055126, 41.8099766]]}}, {"type": "Feature", "properties": {}, "geometry": {"type": "LineString", "coordinates": [[12.4053658, 41.8099834], [12.4053797, 41.8100092]]}}, {"type": "Feature", "properties": {}, "geometry": {"type": "LineString", "coordinates": [[12.412998, 41.8088805], [12.412996, 41.808891], [12.4129879, 41.8088993], [12.4129105, 41.8089038], [12.412823, 41.8089075], [12.4127465, 41.8089128], [12.4126429, 41.808915], [12.4125353, 41.8089188], [12.4124388, 41.808921], [12.4123673, 41.808927], [12.4122819, 41.8089315], [12.4122064, 41.8089338], [12.4121008, 41.8089398], [12.4120244, 41.8089428], [12.4119238, 41.8089488], [12.4118504, 41.8089525], [12.4117457, 41.8089652], [12.4116804, 41.8089727], [12.4115657, 41.8089855], [12.4114812, 41.808993], [12.4113836, 41.809002], [12.4113072, 41.809011], [12.4112076, 41.8090222], [12.4111402, 41.8090305], [12.4110296, 41.8090425], [12.4109602, 41.8090455], [12.410925, 41.809053], [12.4108425, 41.809068], [12.4107852, 41.8090747], [12.4106685, 41.8090807], [12.4106122, 41.8090815], [12.4105277, 41.8090912], [12.4103869, 41.8091069], [12.410243, 41.8091242], [12.410067, 41.8091482], [12.4099614, 41.8091647], [12.4098467, 41.8091834], [12.4097773, 41.8091962], [12.4096969, 41.8092044], [12.4095188, 41.8092276], [12.4093438, 41.8092569], [12.4091668, 41.8092854], [12.4089918, 41.8093161], [12.4088027, 41.8093469], [12.4086257, 41.8093738], [12.4084436, 41.8094008], [12.4082716, 41.8094346], [12.4080946, 41.8094676], [12.4079226, 41.8094938], [12.4077446, 41.8095253], [12.4076862, 41.809538], [12.407656, 41.809547], [12.4075726, 41.8095643], [12.4073945, 41.809601], [12.4072165, 41.809631], [12.4070425, 41.809661], [12.4068685, 41.8096917], [12.4066915, 41.8097225], [12.4065174, 41.8097554], [12.4063414, 41.8097922], [12.4062398, 41.8098131], [12.4062358, 41.8098139]]}}, {"type": "Feature", "properties": {}, "geometry": {"type": "LineString", "coordinates": [[12.412823, 41.8088873], [12.412823, 41.8089075]]}}, {"type": "Feature", "properties": {}, "geometry": {"type": "LineString", "coordinates": [[12.4126409, 41.8088925], [12.4126429, 41.808915]]}}, {"type": "Feature", "properties": {}, "geometry": {"type": "LineString", "coordinates": [[12.4124418, 41.8089008], [12.4124388, 41.808921]]}}, {"type": "Feature", "properties": {}, "geometry": {"type": "LineString", "coordinates": [[12.4122808, 41.8089068], [12.4122819, 41.8089315]]}}, {"type": "Feature", "properties": {}, "geometry": {"type": "LineString", "coordinates": [[12.4120988, 41.8089128], [12.4121008, 41.8089398]]}}, {"type": "Feature", "properties": {}, "geometry": {"type": "LineString", "coordinates": [[12.4119228, 41.8089263], [12.4119238, 41.8089488]]}}, {"type": "Feature", "properties": {}, "geometry": {"type": "LineString", "coordinates": [[12.4117427, 41.8089428], [12.4117457, 41.8089652]]}}, {"type": "Feature", "properties": {}, "geometry": {"type": "LineString", "coordinates": [[12.4115617, 41.8089593], [12.4115657, 41.8089855]]}}, {"type": "Feature", "properties": {}, "geometry": {"type": "LineString", "coordinates": [[12.4113816, 41.8089765], [12.4113836, 41.809002]]}}, {"type": "Feature", "properties": {}, "geometry": {"type": "LineString", "coordinates": [[12.4112026, 41.8089945], [12.4112076, 41.8090222]]}}, {"type": "Feature", "properties": {}, "geometry": {"type": "LineString", "coordinates": [[12.4110236, 41.8090125], [12.4110296, 41.8090425]]}}, {"type": "Feature", "properties": {}, "geometry": {"type": "LineString", "coordinates": [[12.4105237, 41.8090635], [12.4105277, 41.8090912]]}}, {"type": "Feature", "properties": {}, "geometry": {"type": "LineString", "coordinates": [[12.4103818, 41.80908], [12.4103869, 41.8091069]]}}, {"type": "Feature", "properties": {}, "geometry": {"type": "LineString", "coordinates": [[12.410238, 41.8090972], [12.410243, 41.8091242]]}}, {"type": "Feature", "properties": {}, "geometry": {"type": "LineString", "coordinates": [[12.410062, 41.8091204], [12.410067, 41.8091482]]}}, {"type": "Feature", "properties": {}, "geometry": {"type": "LineString", "coordinates": [[12.4096908, 41.8091744], [12.4096969, 41.8092044]]}}, {"type": "Feature", "properties": {}, "geometry": {"type": "LineString", "coordinates": [[12.4095108, 41.8092007], [12.4095188, 41.8092276]]}}, {"type": "Feature", "properties": {}, "geometry": {"type": "LineString", "coordinates": [[12.4093358, 41.8092284], [12.4093438, 41.8092569]]}}, {"type": "Feature", "properties": {}, "geometry": {"type": "LineString", "coordinates": [[12.4091598, 41.8092561], [12.4091668, 41.8092854]]}}, {"type": "Feature", "properties": {}, "geometry": {"type": "LineString", "coordinates": [[12.4089827, 41.8092854], [12.4089918, 41.8093161]]}}, {"type": "Feature", "properties": {}, "geometry": {"type": "LineString", "coordinates": [[12.4087906, 41.8093146], [12.4088027, 41.8093469]]}}, {"type": "Feature", "properties": {}, "geometry": {"type": "LineString", "coordinates": [[12.4086126, 41.8093454], [12.4086257, 41.8093738]]}}, {"type": "Feature", "properties": {}, "geometry": {"type": "LineString", "coordinates": [[12.4084356, 41.8093768], [12.4084436, 41.8094008]]}}, {"type": "Feature", "properties": {}, "geometry": {"type": "LineString", "coordinates": [[12.4082605, 41.8094083], [12.4082716, 41.8094346]]}}, {"type": "Feature", "properties": {}, "geometry": {"type": "LineString", "coordinates": [[12.4080835, 41.8094383], [12.4080946, 41.8094676]]}}, {"type": "Feature", "properties": {}, "geometry": {"type": "LineString", "coordinates": [[12.4079105, 41.8094698], [12.4079226, 41.8094938]]}}, {"type": "Feature", "properties": {}, "geometry": {"type": "LineString", "coordinates": [[12.4077315, 41.8095013], [12.4077446, 41.8095253]]}}, {"type": "Feature", "properties": {}, "geometry": {"type": "LineString", "coordinates": [[12.4075605, 41.8095328], [12.4075726, 41.8095643]]}}, {"type": "Feature", "properties": {}, "geometry": {"type": "LineString", "coordinates": [[12.4073855, 41.8095665], [12.4073945, 41.809601]]}}, {"type": "Feature", "properties": {}, "geometry": {"type": "LineString", "coordinates": [[12.4072105, 41.809601], [12.4072165, 41.809631]]}}, {"type": "Feature", "properties": {}, "geometry": {"type": "LineString", "coordinates": [[12.4070344, 41.8096355], [12.4070425, 41.809661]]}}, {"type": "Feature", "properties": {}, "geometry": {"type": "LineString", "coordinates": [[12.4068604, 41.8096707], [12.4068685, 41.8096917]]}}, {"type": "Feature", "properties": {}, "geometry": {"type": "LineString", "coordinates": [[12.4066844, 41.809706], [12.4066915, 41.8097225]]}}, {"type": "Feature", "properties": {}, "geometry": {"type": "LineString", "coordinates": [[12.4065134, 41.8097419], [12.4065174, 41.8097554]]}}, {"type": "Feature", "properties": {}, "geometry": {"type": "LineString", "coordinates": [[12.4063374, 41.8097772], [12.4063414, 41.8097922]]}}, {"type": "Feature", "properties": {}, "geometry": {"type": "LineString", "coordinates": [[12.4062338, 41.8098027], [12.4062398, 41.8098131]]}}, {"type": "Feature", "properties": {}, "geometry": {"type": "LineString", "coordinates": [[12.381134, 41.8923107], [12.3811665, 41.8923182], [12.3812131, 41.8923292], [12.381256, 41.8923342], [12.3812848, 41.8923379], [12.381316, 41.8923409], [12.3813623, 41.8923427], [12.381425, 41.8923492], [12.3814629, 41.8923512], [12.3814744, 41.8923538], [12.3814914, 41.8923576], [12.3815179, 41.8923731], [12.3815276, 41.8923836], [12.3815413, 41.8924068], [12.3815537, 41.8924285], [12.3815635, 41.8924472], [12.3815742, 41.8924652]]}}, {"type": "Feature", "properties": {}, "geometry": {"type": "LineString", "coordinates": [[12.3814744, 41.8923538], [12.3814749, 41.8923779], [12.3814783, 41.8924073], [12.3814776, 41.8924482], [12.381476, 41.892469], [12.3814733, 41.8924877], [12.3814679, 41.8925179], [12.3814589, 41.8925396], [12.3814535, 41.8925601], [12.3814468, 41.892575], [12.3814381, 41.8926042], [12.3814377, 41.8926304], [12.3814391, 41.8926609], [12.3814367, 41.8926896], [12.3814424, 41.8927195], [12.3814441, 41.892742], [12.3814444, 41.8927587], [12.3814428, 41.8927949], [12.3814468, 41.8928234], [12.3814488, 41.8928478], [12.3814468, 41.8928805], [12.3814491, 41.8929052], [12.3814538, 41.8929252], [12.3814552, 41.8929434], [12.3814535, 41.8929641], [12.3814572, 41.8929823], [12.3814622, 41.8930063], [12.3814656, 41.8930188], [12.3814719, 41.893031], [12.3814773, 41.8930425], [12.381492, 41.893061]]}}, {"type": "Feature", "properties": {}, "geometry": {"type": "LineString", "coordinates": [[12.3810887, 41.8922448], [12.3810776, 41.8922381], [12.3810626, 41.8922259], [12.3810542, 41.8922159], [12.3810441, 41.8922044], [12.3810223, 41.8921839], [12.3810059, 41.89217], [12.3809898, 41.89216], [12.3809764, 41.8921525]]}}, {"type": "Feature", "properties": {}, "geometry": {"type": "LineString", "coordinates": [[12.3809918, 41.8922211], [12.3809673, 41.8922129], [12.3809388, 41.8922019], [12.3809157, 41.8921922], [12.3808889, 41.8921797], [12.3808718, 41.8921695], [12.3808604, 41.8921547], [12.3808493, 41.8921398], [12.3808443, 41.8921283], [12.3808389, 41.8921151], [12.3808386, 41.8921028], [12.3808362, 41.8920893], [12.3808376, 41.8920711], [12.3808423, 41.8920564], [12.3808473, 41.8920412], [12.3808637, 41.8920027], [12.3808701, 41.891988], [12.3808788, 41.8919708]]}}, {"type": "Feature", "properties": {}, "geometry": {"type": "Polygon", "coordinates": [[[12.3652366, 41.9198626], [12.3652417, 41.9198672], [12.3652479, 41.9198709], [12.3652589, 41.9198725], [12.3652675, 41.9198765], [12.3652727, 41.9198718], [12.3652812, 41.9198614], [12.3652911, 41.9198586], [12.3652997, 41.919849], [12.3653032, 41.9198425], [12.3653126, 41.9198336], [12.3653129, 41.919826], [12.3653139, 41.9198181], [12.3653084, 41.9198115], [12.3652976, 41.9197997], [12.3652889, 41.9197928], [12.3652841, 41.9197861], [12.3652879, 41.9197735], [12.3652814, 41.9197646], [12.3652809, 41.9197576], [12.3652727, 41.919752], [12.3652623, 41.9197458], [12.3652544, 41.9197357], [12.3652417, 41.9197313], [12.3652301, 41.9197317], [12.365217, 41.9197372], [12.3652036, 41.9197404], [12.3651939, 41.9197428], [12.3651847, 41.9197428], [12.3651786, 41.9197434], [12.3651741, 41.919749], [12.3651756, 41.9197538], [12.3651702, 41.9197569], [12.3651597, 41.919757], [12.365155, 41.9197619], [12.3651528, 41.9197681], [12.3651489, 41.919776], [12.3651402, 41.9197805], [12.3651362, 41.9197873], [12.3651278, 41.9197941], [12.3651308, 41.9198001], [12.3651318, 41.9198034], [12.3651387, 41.9198038], [12.3651474, 41.9198041], [12.3651493, 41.9198089], [12.3651479, 41.9198133], [12.3651562, 41.9198158], [12.3651617, 41.9198144], [12.3651652, 41.9198152], [12.3651632, 41.9198206], [12.365163, 41.919825], [12.3651671, 41.9198254], [12.3651729, 41.9198292], [12.3651776, 41.9198344], [12.3651843, 41.91984], [12.36519, 41.9198403], [12.365194, 41.9198502], [12.3651992, 41.9198501], [12.365208, 41.9198491], [12.3652237, 41.9198528], [12.3652366, 41.9198626]]]}}, {"type": "Feature", "properties": {}, "geometry": {"type": "Polygon", "coordinates": [[[12.3646799, 41.9196968], [12.3646916, 41.9197016], [12.3647017, 41.9197023], [12.3647121, 41.9197053], [12.3647141, 41.9197113], [12.3647195, 41.9197178], [12.3647272, 41.9197213], [12.3647392, 41.9197215], [12.3647506, 41.91972], [12.3647557, 41.9197126], [12.3647563, 41.9197041], [12.364763, 41.9196988], [12.3647661, 41.9196906], [12.3647661, 41.9196809], [12.3647677, 41.9196699], [12.364762, 41.9196582], [12.364753, 41.919641], [12.364756, 41.9196123], [12.364747, 41.9195995], [12.3647436, 41.9195788], [12.3647302, 41.9195681], [12.3647154, 41.9195591], [12.3647034, 41.9195492], [12.3646916, 41.9195459], [12.3646782, 41.9195364], [12.3646581, 41.9195222], [12.3646387, 41.919508], [12.3646172, 41.9195047], [12.36459, 41.9194863], [12.3645703, 41.9194728], [12.3645451, 41.9194596], [12.3645381, 41.9194356], [12.3645109, 41.9194326], [12.3644942, 41.9194214], [12.3644737, 41.9194119], [12.3644638, 41.9193929], [12.3644472, 41.9193912], [12.3644345, 41.9193825], [12.3644077, 41.9193655], [12.3643818, 41.9193538], [12.364357, 41.9193481], [12.3643295, 41.9193361], [12.3643155, 41.9193241], [12.3643014, 41.9193102], [12.3642799, 41.919286], [12.3642628, 41.9192795], [12.3642407, 41.9192807], [12.3642266, 41.9192902], [12.3642142, 41.9192997], [12.3642018, 41.9193082], [12.3642041, 41.9193319], [12.3642095, 41.9193431], [12.3642159, 41.9193516], [12.3642303, 41.9193593], [12.3642497, 41.9193775], [12.3642635, 41.9193902], [12.3642813, 41.919394], [12.3642856, 41.9194079], [12.364299, 41.9194202], [12.3643134, 41.9194247], [12.3643151, 41.9194339], [12.3643336, 41.9194546], [12.364358, 41.9194591], [12.3643805, 41.9194646], [12.3644043, 41.9194711], [12.3644191, 41.9194753], [12.3644221, 41.919485], [12.3644224, 41.9194968], [12.3644335, 41.9195132], [12.3644502, 41.9195222], [12.3644703, 41.9195242], [12.3644921, 41.9195339], [12.3644995, 41.9195526], [12.3644801, 41.9195549], [12.364464, 41.9195584], [12.3644586, 41.9195684], [12.3644626, 41.9195833], [12.364471, 41.9195918], [12.3644871, 41.9195923], [12.3645076, 41.9195933], [12.3645133, 41.9196048], [12.3645045, 41.9196133], [12.3644972, 41.9196222], [12.3644901, 41.9196275], [12.3644972, 41.9196428], [12.3645123, 41.9196494], [12.3645347, 41.9196492], [12.3645532, 41.9196477], [12.3645672, 41.919641], [12.3645796, 41.9196407], [12.3645904, 41.9196472], [12.3646001, 41.9196592], [12.3646175, 41.9196724], [12.3646397, 41.9196814], [12.3646598, 41.9196871], [12.3646799, 41.9196968]]]}}, {"type": "Feature", "properties": {}, "geometry": {"type": "Polygon", "coordinates": [[[12.3647134, 41.919389], [12.364692, 41.9193835], [12.3646822, 41.919373], [12.3646826, 41.9193573], [12.3646702, 41.9193336], [12.36464, 41.9193316], [12.3646236, 41.9193319], [12.3646035, 41.9193448], [12.3645917, 41.9193538], [12.364583, 41.9193643], [12.3645756, 41.9193743], [12.364575, 41.9193875], [12.36458, 41.919401], [12.3645904, 41.9194104], [12.3646081, 41.9194164], [12.3646061, 41.9194214], [12.3646088, 41.9194464], [12.3646259, 41.9194603], [12.3646387, 41.9194706], [12.3646745, 41.9194808], [12.3646759, 41.9194983], [12.364701, 41.9195255], [12.3647262, 41.9195409], [12.3647449, 41.9195529], [12.3647664, 41.9195569], [12.3647815, 41.9195791], [12.3647949, 41.9195906], [12.3648033, 41.919605], [12.3648167, 41.919617], [12.3648291, 41.919608], [12.3648472, 41.9196168], [12.3648663, 41.9196165], [12.3648814, 41.9196317], [12.3648791, 41.91964], [12.3649065, 41.9196459], [12.3649203, 41.9196457], [12.3649394, 41.9196539], [12.3649666, 41.9196637], [12.3650028, 41.9196699], [12.3650179, 41.9196696], [12.3650474, 41.9196597], [12.3650624, 41.9196499], [12.3650725, 41.919636], [12.3650795, 41.9196332], [12.3650987, 41.919642], [12.3651131, 41.9196537], [12.3651107, 41.9196659], [12.365108, 41.9196789], [12.3651067, 41.9196904], [12.3651054, 41.9196981], [12.3651067, 41.9197155], [12.3651158, 41.919727], [12.3651258, 41.9197305], [12.3651419, 41.9197243], [12.3651593, 41.9197198], [12.3651637, 41.9197106], [12.3651749, 41.9197098], [12.3651831, 41.9197023], [12.3652066, 41.9197033], [12.365212, 41.9196943], [12.3652294, 41.9196931], [12.3652525, 41.9196854], [12.365276, 41.9196771], [12.3652961, 41.9196699], [12.3653287, 41.9196577], [12.3653484, 41.9196427], [12.3653531, 41.9196325], [12.3653474, 41.9196133], [12.3653441, 41.9196045], [12.3653474, 41.9195933], [12.3653461, 41.9195761], [12.365334, 41.9195561], [12.3653263, 41.9195427], [12.3653236, 41.9195317], [12.365327, 41.9195185], [12.365334, 41.9195067], [12.3653209, 41.9194978], [12.3652878, 41.919497], [12.3652797, 41.919492], [12.365268, 41.9194825], [12.3652479, 41.9194828], [12.3652304, 41.9194875], [12.3652173, 41.919501], [12.3652106, 41.919509], [12.3652029, 41.9195237], [12.3651888, 41.9195367], [12.3651842, 41.9195379], [12.3651546, 41.9195414], [12.3651302, 41.9195457], [12.3651117, 41.9195449], [12.3650987, 41.9195504], [12.3650772, 41.9195526], [12.3650645, 41.9195519], [12.3650527, 41.9195427], [12.365036, 41.9195407], [12.3650272, 41.9195337], [12.3650209, 41.9195264], [12.3650168, 41.9195172], [12.3650118, 41.9195067], [12.3650138, 41.9195], [12.3650058, 41.9194865], [12.3650014, 41.9194741], [12.3649998, 41.9194623], [12.3650041, 41.9194534], [12.3650088, 41.9194404], [12.3649971, 41.9194207], [12.3649793, 41.9194112], [12.3649531, 41.9194117], [12.364926, 41.9194104], [12.3649106, 41.9194015], [12.3648851, 41.919395], [12.3648599, 41.9193982], [12.3648254, 41.9194005], [12.3648046, 41.9193962], [12.3647952, 41.9194012], [12.3647778, 41.9194055], [12.3647563, 41.9194052], [12.3647369, 41.9194007], [12.3647312, 41.9193952], [12.3647134, 41.919389]]]}}, {"type": "Feature", "properties": {}, "geometry": {"type": "LineString", "coordinates": [[12.3788461, 41.8761043], [12.3789444, 41.8759805], [12.3789533, 41.8753705], [12.3792026, 41.8748466], [12.3792917, 41.8746742], [12.3792958, 41.8746617], [12.3792973, 41.8746513], [12.379296, 41.8746393], [12.3792894, 41.8746283], [12.3792797, 41.8746161], [12.3792661, 41.8746078], [12.3792483, 41.8746021], [12.3792293, 41.8746013], [12.3791626, 41.8746179], [12.3790958, 41.8746244], [12.3790307, 41.8746243], [12.3787128, 41.8745747], [12.3785382, 41.8744998], [12.3784011, 41.874409], [12.3783243, 41.8743467], [12.3782556, 41.8742785], [12.3782245, 41.8742434], [12.3782016, 41.8742082], [12.3781847, 41.8741688], [12.3781744, 41.87412], [12.3781356, 41.8737543], [12.3781373, 41.8737086], [12.378153, 41.8736213], [12.3781594, 41.8735694], [12.3781711, 41.8735155], [12.3781847, 41.8734604], [12.3782144, 41.8734072], [12.3782484, 41.8733636], [12.3782958, 41.873326], [12.3786349, 41.8731031], [12.3787751, 41.8730368], [12.3788618, 41.8729262], [12.3788801, 41.8728281], [12.3788921, 41.8727271], [12.378899, 41.872631], [12.378923, 41.8724867], [12.3789213, 41.8724141]]}}, {"type": "Feature", "properties": {}, "geometry": {"type": "LineString", "coordinates": [[12.3789213, 41.8724141], [12.3789181, 41.8722841]]}}, {"type": "Feature", "properties": {}, "geometry": {"type": "LineString", "coordinates": [[12.3786387, 41.8755976], [12.3786275, 41.8755641], [12.3786024, 41.8755074], [12.3785678, 41.8754242], [12.3785167, 41.8752722], [12.3784916, 41.8751948], [12.3784665, 41.8751336], [12.3783999, 41.875006], [12.3783012, 41.8748701], [12.3782545, 41.874787], [12.3782026, 41.87468], [12.3781351, 41.8745324], [12.3780762, 41.8744016], [12.3780113, 41.8742689], [12.3779343, 41.874122], [12.3778616, 41.8739699], [12.3777682, 41.8737708], [12.3776903, 41.8736297], [12.3775942, 41.873455], [12.3775475, 41.8733719], [12.377454, 41.8732056], [12.3774073, 41.8730884], [12.3772922, 41.8728383], [12.3771866, 41.8726283], [12.3770854, 41.8724562], [12.3769902, 41.8723299], [12.376824, 41.8720348], [12.3766449, 41.8717725]]}}, {"type": "Feature", "properties": {}, "geometry": {"type": "LineString", "coordinates": [[12.3767166, 41.8729743], [12.376714, 41.8729942], [12.3767056, 41.8730399], [12.3766977, 41.8730831], [12.3766964, 41.8731278], [12.3767023, 41.8731588], [12.3767082, 41.873186]]}}, {"type": "Feature", "properties": {}, "geometry": {"type": "LineString", "coordinates": [[12.3752975, 41.8709692], [12.3753202, 41.8709869], [12.3753479, 41.8710084], [12.375374, 41.8710299], [12.3754046, 41.8710519], [12.3754334, 41.8710679], [12.375464, 41.8710831], [12.3755014, 41.8710982], [12.3755218, 41.8711067], [12.3755648, 41.8711282]]}}, {"type": "Feature", "properties": {}, "geometry": {"type": "LineString", "coordinates": [[12.3755014, 41.8710982], [12.375501, 41.87113], [12.375492, 41.8711742], [12.3754844, 41.8712173], [12.3754799, 41.8712497], [12.3754754, 41.8712889], [12.3754709, 41.8713308], [12.3754709, 41.8713683], [12.3754709, 41.8713985], [12.3754754, 41.8714399], [12.3754814, 41.8715121], [12.3754867, 41.8715597], [12.3754957, 41.8716078], [12.375513, 41.8716598], [12.3755295, 41.8717146], [12.3755438, 41.8717566], [12.3755701, 41.8718226], [12.3755941, 41.8718707], [12.3756227, 41.8719171], [12.3756452, 41.8719524], [12.3756715, 41.8719927], [12.3756993, 41.872038], [12.3757466, 41.8721023], [12.375803, 41.8721834], [12.3758338, 41.8722326], [12.3758571, 41.8722606], [12.3758954, 41.8723149], [12.3759472, 41.8723815], [12.375975, 41.8724156], [12.3760464, 41.8725006], [12.376093, 41.872561], [12.3761606, 41.8726455], [12.3761861, 41.8726869], [12.3762245, 41.8727361], [12.3762538, 41.8728021], [12.3762913, 41.8728654], [12.3763116, 41.8729146], [12.3763582, 41.87298], [12.3763717, 41.873013]]}}, {"type": "Feature", "properties": {}, "geometry": {"type": "LineString", "coordinates": [[12.3762755, 41.8729856], [12.3763244, 41.8730013], [12.3763717, 41.873013], [12.3764273, 41.8730343], [12.3764882, 41.8730567], [12.3765483, 41.8730785], [12.3765926, 41.8730975], [12.3766377, 41.8731188], [12.3766752, 41.8731484], [12.3767082, 41.873186]]}}, {"type": "Feature", "properties": {}, "geometry": {"type": "LineString", "coordinates": [[12.3767082, 41.873186], [12.3767286, 41.8732144], [12.3767609, 41.8732586], [12.3767812, 41.8732933], [12.376818, 41.8733509], [12.376857, 41.8734248], [12.3768976, 41.8735406], [12.3769224, 41.8736021], [12.3769442, 41.873643], [12.3769795, 41.8737235], [12.3770118, 41.873785], [12.3770366, 41.8738304], [12.3770554, 41.8739008], [12.3770824, 41.8739456], [12.3770974, 41.8739646]]}}, {"type": "Feature", "properties": {}, "geometry": {"type": "LineString", "coordinates": [[12.3772312, 41.8739378], [12.3776323, 41.8738136]]}}, {"type": "Feature", "properties": {}, "geometry": {"type": "LineString", "coordinates": [[12.3776323, 41.8738136], [12.377712, 41.8737901], [12.3777682, 41.8737708]]}}, {"type": "Feature", "properties": {}, "geometry": {"type": "LineString", "coordinates": [[12.3768781, 41.8739629], [12.3769735, 41.8739646], [12.3770471, 41.8739657], [12.3770974, 41.8739646], [12.3771523, 41.8739573], [12.3772312, 41.8739378]]}}, {"type": "Feature", "properties": {}, "geometry": {"type": "LineString", "coordinates": [[12.3777682, 41.8737708], [12.3778398, 41.8737699], [12.3779994, 41.873769], [12.3781016, 41.8737605], [12.3781356, 41.8737543]]}}, {"type": "Feature", "properties": {}, "geometry": {"type": "LineString", "coordinates": [[12.3770974, 41.8739646], [12.3771212, 41.8740165], [12.3771437, 41.8740649], [12.3771645, 41.8741035], [12.3772035, 41.8741757], [12.3772407, 41.8742298], [12.3773082, 41.8743568], [12.3773428, 41.8744238], [12.3773791, 41.8744953], [12.3774137, 41.8745572], [12.377438, 41.8746003], [12.3774821, 41.874686], [12.3775185, 41.8747505], [12.3775496, 41.8748091], [12.3775946, 41.8748845], [12.3776396, 41.8749625], [12.3776786, 41.8750321], [12.377727, 41.8751249], [12.3777997, 41.8752421], [12.3778516, 41.8753291], [12.3779338, 41.8754631], [12.3779832, 41.8755411], [12.3780541, 41.875659], [12.3780991, 41.8757383], [12.3781528, 41.8758388], [12.3781978, 41.8759284], [12.3782558, 41.8760373], [12.3782921, 41.8761114], [12.3783709, 41.8762686], [12.3783899, 41.8763182], [12.3784159, 41.8763723], [12.3784401, 41.8763988], [12.3784713, 41.8764174], [12.3785119, 41.8764413], [12.3785567, 41.8764687]]}}, {"type": "Feature", "properties": {}, "geometry": {"type": "LineString", "coordinates": [[12.3746328, 41.8701435], [12.3748401, 41.8702051], [12.3749807, 41.8702668], [12.3750505, 41.870312], [12.3751442, 41.8703699], [12.375209, 41.8704048], [12.3752916, 41.8704434], [12.3753066, 41.8704591], [12.3753359, 41.8705178], [12.3753825, 41.8705984], [12.3754126, 41.8706527], [12.3754411, 41.8707036], [12.3754749, 41.8707673], [12.3755012, 41.8708121], [12.3755237, 41.8708518]]}}, {"type": "Feature", "properties": {}, "geometry": {"type": "Polygon", "coordinates": [[[12.4207507, 41.8303677], [12.4207331, 41.830334], [12.4207254, 41.830288], [12.4207553, 41.830275], [12.4207209, 41.8302233], [12.4207002, 41.830087], [12.4206645, 41.8300395], [12.4206476, 41.8300259], [12.4206244, 41.8300105], [12.4206088, 41.8299863], [12.4206101, 41.8299508], [12.4206113, 41.8299219], [12.4206182, 41.8298846], [12.4206282, 41.8298645], [12.4206558, 41.8298244], [12.4207021, 41.8298151], [12.420945, 41.8297313], [12.4209748, 41.8298003], [12.4210084, 41.8298602], [12.4210105, 41.8299065], [12.420969, 41.8299596], [12.4209741, 41.8300373], [12.4209907, 41.8301153], [12.4210219, 41.8302111], [12.4210643, 41.8302954], [12.4210805, 41.8303438], [12.4211116, 41.8303831], [12.4211465, 41.8304658], [12.4211738, 41.8305103], [12.4212264, 41.8305761], [12.4214747, 41.8309972], [12.4216386, 41.8311833], [12.4217249, 41.8312854], [12.4217775, 41.831347], [12.4221662, 41.8316644], [12.4228875, 41.832287], [12.4237274, 41.8328264], [12.4240071, 41.8329836], [12.4246531, 41.8333101], [12.4251063, 41.8334654], [12.4260513, 41.833622], [12.4266247, 41.8335872], [12.427007, 41.8335207], [12.4277385, 41.8334255], [12.428212, 41.8332701], [12.428574, 41.8330999], [12.4286727, 41.8332028], [12.4286581, 41.8332397], [12.4286548, 41.8332615], [12.4286825, 41.833302], [12.4288283, 41.8335248], [12.4287725, 41.8335285], [12.4285566, 41.8334879], [12.428403, 41.8334718], [12.428238, 41.833485], [12.4280856, 41.8335257], [12.4280107, 41.8335796], [12.4279383, 41.8336572], [12.4278545, 41.8336941], [12.4277174, 41.8337414], [12.427541, 41.8337735], [12.4273061, 41.8337972], [12.4271461, 41.8337944], [12.4268922, 41.8338104], [12.4266205, 41.8338114], [12.426392, 41.8338095], [12.4262168, 41.8338256], [12.4260377, 41.8338284], [12.4259095, 41.833819], [12.4256746, 41.8337953], [12.4254931, 41.8337546], [12.425342, 41.8337319], [12.4251477, 41.8336912], [12.4249421, 41.8336364], [12.4247389, 41.8335872], [12.4244977, 41.8335039], [12.4243035, 41.8334207], [12.4240724, 41.8333356], [12.4238921, 41.8332466], [12.4237093, 41.8331454], [12.4235315, 41.8330442], [12.4233449, 41.8329449], [12.4231964, 41.8328361], [12.4230478, 41.8327443], [12.4228713, 41.8326128], [12.4227253, 41.8325135], [12.4225615, 41.8323527], [12.4223546, 41.8321777], [12.422201, 41.8320434], [12.4219851, 41.83184], [12.4218125, 41.8316583], [12.4216538, 41.8314881], [12.4215738, 41.8313585], [12.4213846, 41.831138], [12.4212665, 41.830999], [12.4210926, 41.8307984], [12.4209923, 41.8306745], [12.42084, 41.83049], [12.4207507, 41.8303677]]]}}, {"type": "Feature", "properties": {}, "geometry": {"type": "Polygon", "coordinates": [[[12.5182936, 41.9151778], [12.518299, 41.9151833], [12.5183097, 41.9151858], [12.5183177, 41.9151818], [12.5183211, 41.9151738], [12.518299, 41.9150845], [12.5182916, 41.91508], [12.5182822, 41.9150785], [12.5182728, 41.915083], [12.5182708, 41.9150895], [12.5182936, 41.9151778]]]}}, {"type": "Feature", "properties": {}, "geometry": {"type": "Polygon", "coordinates": [[[12.4921535, 41.8788697], [12.4919335, 41.878674], [12.4922152, 41.8784842], [12.4924431, 41.878666], [12.4921535, 41.8788697]]]}}, {"type": "Feature", "properties": {}, "geometry": {"type": "LineString", "coordinates": [[12.4119933, 41.8765542], [12.4117881, 41.8768298], [12.4114595, 41.8771783], [12.4114488, 41.8772312], [12.4114649, 41.877332], [12.4117184, 41.8778054], [12.4117774, 41.8792572], [12.4117157, 41.8796427], [12.4117961, 41.8802338], [12.4118793, 41.8805853], [12.4126196, 41.8820151], [12.4131828, 41.8829656], [12.4133277, 41.883405], [12.4134162, 41.8844094], [12.4133491, 41.8847688], [12.4139446, 41.886554], [12.4146125, 41.8875584]]}}, {"type": "Feature", "properties": {}, "geometry": {"type": "LineString", "coordinates": [[12.5389288, 41.8327301], [12.5378828, 41.8320895]]}}, {"type": "Feature", "properties": {}, "geometry": {"type": "LineString", "coordinates": [[12.5395069, 41.8324013], [12.5382355, 41.8316269]]}}, {"type": "Feature", "properties": {}, "geometry": {"type": "LineString", "coordinates": [[12.3695434, 41.8616859], [12.3695157, 41.8612341], [12.3693918, 41.8610468], [12.3687943, 41.8605873], [12.3678918, 41.8602017], [12.3670319, 41.8598573], [12.3664919, 41.8594414], [12.3646062, 41.8578827], [12.3641631, 41.8576373], [12.3628634, 41.8567938], [12.3623251, 41.8563476], [12.3622084, 41.8561973], [12.3620614, 41.8560223], [12.3618966, 41.8553505]]}}, {"type": "Feature", "properties": {}, "geometry": {"type": "Polygon", "coordinates": [[[12.5079987, 41.9040022], [12.5080032, 41.904007], [12.5080053, 41.9040126], [12.5080046, 41.9040184], [12.5080014, 41.9040237], [12.5079959, 41.9040279], [12.5079888, 41.9040304], [12.507981, 41.9040309], [12.5079734, 41.9040294], [12.5079676, 41.9040266], [12.5079633, 41.9040226], [12.5079608, 41.9040179], [12.5079603, 41.9040128], [12.5079619, 41.9040078], [12.5079654, 41.9040034], [12.5079706, 41.904], [12.5079768, 41.9039979], [12.5079846, 41.9039974], [12.5079922, 41.9039989], [12.5079987, 41.9040022]]]}}, {"type": "Feature", "properties": {}, "geometry": {"type": "Polygon", "coordinates": [[[12.5083192, 41.9040386], [12.5083238, 41.9040433], [12.5083258, 41.904049], [12.5083252, 41.9040548], [12.5083219, 41.9040601], [12.5083164, 41.9040642], [12.5083093, 41.9040667], [12.5083015, 41.9040673], [12.5082939, 41.9040658], [12.5082882, 41.904063], [12.5082839, 41.904059], [12.5082813, 41.9040543], [12.5082808, 41.9040492], [12.5082824, 41.9040442], [12.508286, 41.9040398], [12.5082911, 41.9040364], [12.5082974, 41.9040343], [12.5083052, 41.9040338], [12.5083128, 41.9040353], [12.5083192, 41.9040386]]]}}, {"type": "Feature", "properties": {}, "geometry": {"type": "LineString", "coordinates": [[12.4001208, 41.9812702], [12.4001024, 41.9812241]]}}, {"type": "Feature", "properties": {}, "geometry": {"type": "LineString", "coordinates": [[12.4031185, 41.983987], [12.402206, 41.9835538], [12.4018144, 41.9832605], [12.4010706, 41.9824226], [12.4002348, 41.9815562], [12.4001208, 41.9812702]]}}, {"type": "Feature", "properties": {}, "geometry": {"type": "LineString", "coordinates": [[12.4449586, 41.8868558], [12.4449627, 41.8868094]]}}, {"type": "Feature", "properties": {}, "geometry": {"type": "LineString", "coordinates": [[12.4453685, 41.8830443], [12.4455677, 41.882759], [12.4456914, 41.8826366]]}}, {"type": "Feature", "properties": {}, "geometry": {"type": "Polygon", "coordinates": [[[12.4693329, 41.9186656], [12.4693593, 41.9185085], [12.469439, 41.9185417], [12.4695834, 41.9186053], [12.4693329, 41.9186656]]]}}, {"type": "Feature", "properties": {}, "geometry": {"type": "Polygon", "coordinates": [[[12.4539941, 41.8497824], [12.4539965, 41.8497875], [12.4540017, 41.8497888], [12.4540104, 41.849787], [12.4540128, 41.849783], [12.4540121, 41.849777], [12.4540171, 41.8497685], [12.4540259, 41.8497583], [12.4540349, 41.849747], [12.454044, 41.8497425], [12.454049, 41.8497345], [12.4540456, 41.8497283], [12.4540359, 41.8497253], [12.4540212, 41.8497299], [12.4539983, 41.8497235], [12.4539811, 41.8497156], [12.4539749, 41.8497098], [12.4539669, 41.8497086], [12.4539577, 41.8497113], [12.4539605, 41.8497223], [12.4539543, 41.8497393], [12.4539435, 41.8497534], [12.4539373, 41.8497574], [12.453935, 41.8497631], [12.453937, 41.8497683], [12.4539481, 41.8497708], [12.4539715, 41.8497727], [12.4539941, 41.8497824]]]}}, {"type": "Feature", "properties": {}, "geometry": {"type": "LineString", "coordinates": [[12.370348, 41.8412121], [12.3685616, 41.8384705], [12.3684114, 41.8381268], [12.3683631, 41.8373514], [12.3682612, 41.8365921], [12.3681566, 41.8357867], [12.3681392, 41.8356358], [12.368111, 41.8355129], [12.3682666, 41.8343598], [12.3683122, 41.834192], [12.3683524, 41.834108], [12.3685026, 41.8339561], [12.3695138, 41.8330308], [12.3697337, 41.832785], [12.3697874, 41.8326611], [12.3698718, 41.8324692]]}}, {"type": "Feature", "properties": {}, "geometry": {"type": "LineString", "coordinates": [[12.4409628, 41.8888959], [12.4417887, 41.8889327], [12.4422948, 41.8888429], [12.4430023, 41.8889951], [12.4432712, 41.8890555], [12.4432846, 41.8891109], [12.4443434, 41.8890754], [12.4448592, 41.8890583], [12.444969, 41.8890547], [12.4450614, 41.8890516], [12.4451321, 41.8890551], [12.4452768, 41.8890623], [12.4458303, 41.8890434], [12.446449, 41.8890141], [12.4468504, 41.8890033], [12.4476243, 41.8889824], [12.4484518, 41.888955]]}}, {"type": "Feature", "properties": {}, "geometry": {"type": "LineString", "coordinates": [[12.4392057, 41.8888801], [12.4398535, 41.8888316], [12.4402752, 41.888859]]}}, {"type": "Feature", "properties": {}, "geometry": {"type": "LineString", "coordinates": [[12.4402752, 41.888859], [12.4409628, 41.8888959]]}}, {"type": "Feature", "properties": {}, "geometry": {"type": "LineString", "coordinates": [[12.4505039, 41.8888907], [12.4521994, 41.8889865], [12.4531496, 41.8890433]]}}, {"type": "Feature", "properties": {}, "geometry": {"type": "LineString", "coordinates": [[12.4484518, 41.888955], [12.4494224, 41.8889533]]}}, {"type": "Feature", "properties": {}, "geometry": {"type": "LineString", "coordinates": [[12.4550122, 41.8885192], [12.4555415, 41.8882907], [12.4560112, 41.8879363], [12.4563633, 41.8876793], [12.4567333, 41.8874644], [12.4572158, 41.8873368], [12.4575592, 41.8873141], [12.4579132, 41.8873613], [12.4582252, 41.8874521], [12.458517, 41.8875389]]}}, {"type": "Feature", "properties": {}, "geometry": {"type": "LineString", "coordinates": [[12.4531496, 41.8890433], [12.4531487, 41.8890265], [12.4531461, 41.8889772], [12.4531433, 41.8889247], [12.4531427, 41.8889141]]}}, {"type": "Feature", "properties": {}, "geometry": {"type": "LineString", "coordinates": [[12.4494224, 41.8889533], [12.4505039, 41.8888907]]}}, {"type": "Feature", "properties": {}, "geometry": {"type": "LineString", "coordinates": [[12.4531427, 41.8889141], [12.4543424, 41.8886607], [12.4547451, 41.8885756], [12.4550122, 41.8885192]]}}, {"type": "Feature", "properties": {}, "geometry": {"type": "LineString", "coordinates": [[12.4643414, 41.8847508], [12.4644106, 41.8847495]]}}, {"type": "Feature", "properties": {}, "geometry": {"type": "Polygon", "coordinates": [[[12.5850534, 41.9679464], [12.5848818, 41.9678527], [12.5845921, 41.9677749], [12.5842166, 41.9676632], [12.5837767, 41.9674159], [12.5837177, 41.9674019], [12.5836936, 41.9674299], [12.5837311, 41.9674877], [12.5841039, 41.9677549], [12.584517, 41.9678965], [12.5848791, 41.9679544], [12.5850534, 41.9679464]]]}}, {"type": "Feature", "properties": {}, "geometry": {"type": "Polygon", "coordinates": [[[12.4729673, 41.8998625], [12.4729903, 41.8998629], [12.4729974, 41.8998695], [12.4730064, 41.8998732], [12.4730201, 41.8998746], [12.473031, 41.8998732], [12.4730406, 41.8998705], [12.4730437, 41.8998672], [12.4730456, 41.8998637], [12.4730688, 41.899864], [12.4730695, 41.8998529], [12.4730827, 41.899843], [12.4730909, 41.8998431], [12.4730913, 41.899825], [12.4730971, 41.8998232], [12.4731018, 41.8998202], [12.4731066, 41.8998149], [12.4731097, 41.8998085], [12.4731105, 41.8997992], [12.4731082, 41.8997895], [12.473105, 41.8997814], [12.4730998, 41.8997766], [12.4730968, 41.8997744], [12.4730931, 41.8997725], [12.4730931, 41.8997526], [12.4730794, 41.8997525], [12.4730699, 41.8997431], [12.4730702, 41.8997319], [12.473049, 41.8997315], [12.4730471, 41.8997273], [12.4730432, 41.8997242], [12.4730374, 41.8997218], [12.4730262, 41.8997206], [12.4730176, 41.8997209], [12.4730103, 41.8997224], [12.4730053, 41.8997235], [12.473002, 41.8997253], [12.4729988, 41.899728], [12.4729975, 41.8997306], [12.4729759, 41.8997305], [12.4729758, 41.8997416], [12.4729645, 41.8997507], [12.4729496, 41.8997507], [12.4729495, 41.89977], [12.4729435, 41.8997728], [12.4729392, 41.8997757], [12.4729361, 41.8997787], [12.4729337, 41.8997821], [12.4729315, 41.8997875], [12.4729311, 41.8997926], [12.4729308, 41.8997976], [12.4729316, 41.8998025], [12.4729324, 41.8998069], [12.4729345, 41.8998109], [12.4729392, 41.8998164], [12.4729431, 41.8998201], [12.4729468, 41.8998231], [12.4729461, 41.8998412], [12.4729574, 41.8998415], [12.4729678, 41.8998511], [12.4729673, 41.8998625]]]}}, {"type": "Feature", "properties": {}, "geometry": {"type": "Polygon", "coordinates": [[[12.468579, 41.9001083], [12.4685829, 41.9000991], [12.4685914, 41.9000906], [12.4686068, 41.9000864], [12.4686191, 41.9000877], [12.4686302, 41.9000921], [12.4686341, 41.9000994], [12.4686289, 41.9001096], [12.468617, 41.9001172], [12.4686016, 41.9001195], [12.468591, 41.9001204], [12.4685816, 41.9001153], [12.468579, 41.9001083]]]}}, {"type": "Feature", "properties": {}, "geometry": {"type": "LineString", "coordinates": [[12.4750898, 41.9637497], [12.4749863, 41.9636625], [12.474718, 41.9634952]]}}, {"type": "Feature", "properties": {}, "geometry": {"type": "Polygon", "coordinates": [[[12.4743775, 41.9653298], [12.4743828, 41.9651424], [12.4744794, 41.9650526], [12.474592, 41.9649709], [12.4746108, 41.964917], [12.4745947, 41.9648552], [12.474651, 41.9646717], [12.4748549, 41.9643027], [12.4749434, 41.9640056], [12.4749702, 41.9638819], [12.4750212, 41.9638002], [12.475056, 41.9637603], [12.4750898, 41.9637497], [12.475107, 41.9637443], [12.4751955, 41.9637343], [12.4753565, 41.9637543], [12.4755093, 41.9638061], [12.4755871, 41.963862], [12.4756193, 41.9639777], [12.4755737, 41.9641492], [12.4754664, 41.9643406], [12.4750829, 41.9647435], [12.4750078, 41.9648532], [12.4749193, 41.9650786], [12.4747556, 41.9653278], [12.4746349, 41.9653897], [12.474592, 41.9653877], [12.4745759, 41.9653578], [12.4745142, 41.9653458], [12.474466, 41.9653637], [12.4743775, 41.9653298]]]}}, {"type": "Feature", "properties": {}, "geometry": {"type": "Polygon", "coordinates": [[[12.4645371, 41.9022396], [12.464517, 41.9022441], [12.4644998, 41.9022532], [12.4644874, 41.9022658], [12.4644811, 41.9022808], [12.4644814, 41.9022964], [12.4644884, 41.9023112], [12.4645022, 41.9023241], [12.464521, 41.9023329], [12.4645427, 41.9023365], [12.4645648, 41.9023344], [12.4645846, 41.902327], [12.4646, 41.9023151], [12.4646091, 41.9023], [12.4646109, 41.9022835], [12.4646057, 41.9022683], [12.4645943, 41.9022552], [12.4645779, 41.9022454], [12.4645581, 41.90224], [12.4645371, 41.9022396]]]}}, {"type": "Feature", "properties": {}, "geometry": {"type": "Polygon", "coordinates": [[[12.4645257, 41.9024733], [12.4645056, 41.9024779], [12.4644884, 41.9024869], [12.464476, 41.9024996], [12.4644697, 41.9025145], [12.46447, 41.9025301], [12.4644826, 41.9025502], [12.4644931, 41.9025589], [12.4645096, 41.9025666], [12.4645313, 41.9025702], [12.4645533, 41.9025682], [12.4645732, 41.9025607], [12.4645886, 41.9025488], [12.4645977, 41.9025337], [12.4645995, 41.9025172], [12.4645943, 41.9025021], [12.4645829, 41.9024889], [12.4645664, 41.9024791], [12.4645467, 41.9024738], [12.4645257, 41.9024733]]]}}, {"type": "Feature", "properties": {}, "geometry": {"type": "LineString", "coordinates": [[12.5669756, 41.9646667], [12.5668343, 41.9645307]]}}, {"type": "Feature", "properties": {}, "geometry": {"type": "LineString", "coordinates": [[12.5668343, 41.9645307], [12.5665083, 41.9642168], [12.5662313, 41.963946], [12.5660065, 41.9636129], [12.5657743, 41.9633343], [12.5656409, 41.9631059], [12.5652881, 41.9624874], [12.5649864, 41.9619614], [12.5647524, 41.961627], [12.5644563, 41.9611553], [12.5642443, 41.96081], [12.5640614, 41.9604852], [12.5639298, 41.9601997], [12.5637799, 41.9600135], [12.5635606, 41.9596668], [12.5634472, 41.959448], [12.5634271, 41.9593555], [12.5634454, 41.9592522], [12.563449, 41.9591258], [12.563396, 41.9587859], [12.5632352, 41.9577596], [12.5631895, 41.9574089], [12.563003, 41.9561147], [12.5630213, 41.9560127], [12.5629262, 41.9552623], [12.562897, 41.9551658], [12.5628074, 41.9550598], [12.5627654, 41.9549863], [12.5627964, 41.9543365], [12.5627873, 41.9542441], [12.5627325, 41.9541897], [12.5626246, 41.9541475], [12.5625899, 41.9540673], [12.5625826, 41.953983], [12.5625588, 41.9539273], [12.5624911, 41.9538756], [12.5623486, 41.9537411], [12.5622736, 41.9535834], [12.5621146, 41.953374], [12.5620323, 41.9532571], [12.5619738, 41.9529729], [12.5618842, 41.9527989], [12.5617746, 41.9526902], [12.5617654, 41.9526099], [12.5617983, 41.952561], [12.5619628, 41.9524237], [12.5620433, 41.9523068], [12.5620465, 41.952232]]}}, {"type": "Feature", "properties": {}, "geometry": {"type": "LineString", "coordinates": [[12.5670809, 41.9647706], [12.5669756, 41.9646667]]}}, {"type": "Feature", "properties": {}, "geometry": {"type": "Polygon", "coordinates": [[[12.5125027, 41.9232412], [12.5125107, 41.9232522], [12.5125136, 41.9232645], [12.5125112, 41.9232769], [12.5125036, 41.9232881], [12.5124918, 41.923297], [12.5124768, 41.9233027], [12.5124602, 41.9233046], [12.5124436, 41.9233025], [12.5124287, 41.9232967], [12.512417, 41.9232877], [12.5124098, 41.9232768], [12.5124075, 41.9232647], [12.5124102, 41.9232527], [12.5124177, 41.9232419], [12.5124293, 41.9232333], [12.5124438, 41.9232277], [12.51246, 41.9232257], [12.5124762, 41.9232274], [12.5124909, 41.9232328], [12.5125027, 41.9232412]]]}}, {"type": "Feature", "properties": {}, "geometry": {"type": "LineString", "coordinates": [[12.5745435, 41.9066752], [12.5745364, 41.9066752], [12.5745107, 41.9066768], [12.5744593, 41.9066827], [12.5743837, 41.9066906], [12.5742348, 41.9067], [12.5741897, 41.9067084], [12.5741109, 41.9067704], [12.5740568, 41.906809], [12.5739734, 41.9068442], [12.5739104, 41.9068459], [12.5738135, 41.9068409]]}}, {"type": "Feature", "properties": {}, "geometry": {"type": "LineString", "coordinates": [[12.5752781, 41.906732], [12.5752197, 41.9067427], [12.5751177, 41.9067496], [12.5750228, 41.9067511], [12.5749565, 41.9067442], [12.5747083, 41.9067018], [12.5746619, 41.906679], [12.5746305, 41.9066673], [12.5746063, 41.9066699], [12.5745756, 41.9066752], [12.5745435, 41.9066752]]}}, {"type": "Feature", "properties": {}, "geometry": {"type": "LineString", "coordinates": [[12.5752289, 41.9065107], [12.5752781, 41.906732]]}}, {"type": "Feature", "properties": {}, "geometry": {"type": "LineString", "coordinates": [[12.5761761, 41.9056449], [12.5761726, 41.9059544], [12.5761726, 41.905982], [12.5761583, 41.906034], [12.5761262, 41.9061566], [12.5761041, 41.9061572], [12.5760706, 41.9062012], [12.5760064, 41.9062331], [12.5757817, 41.9063148], [12.5756112, 41.906369], [12.5754187, 41.9064284], [12.5752867, 41.9064794], [12.5752289, 41.9065107]]}}, {"type": "Feature", "properties": {}, "geometry": {"type": "LineString", "coordinates": [[12.5761989, 41.9055881], [12.5761761, 41.9056449]]}}, {"type": "Feature", "properties": {}, "geometry": {"type": "LineString", "coordinates": [[12.5760562, 41.9040413], [12.5760588, 41.9040777], [12.5760737, 41.9041044], [12.5761244, 41.9041545], [12.5762338, 41.904217], [12.576253, 41.9042581], [12.5762644, 41.9044892], [12.5762119, 41.9048531], [12.5762102, 41.9049293], [12.5762058, 41.9050315], [12.5762198, 41.9051097], [12.5762215, 41.9051663], [12.5762259, 41.9052887], [12.5762355, 41.9053844], [12.5762303, 41.9054704], [12.5762163, 41.9055348], [12.5761989, 41.9055881]]}}, {"type": "Feature", "properties": {}, "geometry": {"type": "LineString", "coordinates": [[12.5786919, 41.9093348], [12.5785283, 41.9092902], [12.5782719, 41.9092412], [12.5781655, 41.9092146], [12.5779575, 41.9091447], [12.5774379, 41.9090115], [12.5772957, 41.9089849], [12.577107, 41.9089424], [12.5770103, 41.90891], [12.5769203, 41.9088819], [12.5765352, 41.9087646], [12.5764336, 41.9087127], [12.5763514, 41.9086817], [12.5763301, 41.9086054], [12.5762624, 41.9085608], [12.5761173, 41.9084888], [12.5760611, 41.9084902], [12.5759731, 41.9084902], [12.5759354, 41.908447], [12.5756654, 41.9083383], [12.5755329, 41.9082944], [12.5754409, 41.9082591], [12.5753693, 41.9082526], [12.5753181, 41.9082605], [12.5752387, 41.9082627], [12.5751729, 41.9082468], [12.5750579, 41.9082195], [12.5750008, 41.9082101], [12.5747628, 41.9081007], [12.5746777, 41.908056], [12.5746477, 41.9079919], [12.5746448, 41.9079444], [12.5747648, 41.9078818], [12.5749167, 41.9077982], [12.5750928, 41.9077219], [12.5750802, 41.9076989], [12.5750008, 41.907647], [12.5750134, 41.9076254], [12.5750773, 41.9075621], [12.5751537, 41.9075016], [12.5751992, 41.9074569], [12.5751779, 41.907444], [12.5751489, 41.907418], [12.575114, 41.9073936], [12.5750831, 41.9073914], [12.5750502, 41.9073957], [12.5750231, 41.9074022], [12.5750057, 41.9073777], [12.5749641, 41.9073453], [12.5749225, 41.9073036], [12.5748847, 41.9072762], [12.574877, 41.9072539], [12.5748838, 41.9072157], [12.5748925, 41.9071905], [12.5748751, 41.9071617], [12.574847, 41.9071444], [12.5747996, 41.9071336], [12.5747861, 41.9071394], [12.5747773, 41.9071718], [12.5747628, 41.90722], [12.5747104, 41.9072213], [12.574605, 41.9071989], [12.5745716, 41.9071715], [12.5744846, 41.9071479], [12.5743792, 41.9071217], [12.5742972, 41.9071006], [12.5742654, 41.9070806], [12.5742621, 41.9070458], [12.5742554, 41.9069897], [12.5742023, 41.9069781], [12.5741701, 41.9069711], [12.5740697, 41.9069126], [12.5739734, 41.9068442]]}}, {"type": "Feature", "properties": {}, "geometry": {"type": "LineString", "coordinates": [[12.5742226, 41.9067958], [12.5742062, 41.9068875], [12.5742072, 41.9069318], [12.5742023, 41.9069781]]}}, {"type": "Feature", "properties": {}, "geometry": {"type": "LineString", "coordinates": [[12.5745409, 41.9069808], [12.5744639, 41.9069808], [12.5743191, 41.906983], [12.5742554, 41.9069897]]}}, {"type": "Feature", "properties": {}, "geometry": {"type": "LineString", "coordinates": [[12.5739715, 41.9076823], [12.5739734, 41.9076665], [12.5739812, 41.9076262], [12.5739889, 41.9075685], [12.5740025, 41.9075023], [12.5740215, 41.9074502], [12.5740431, 41.9073913], [12.5741012, 41.9072386], [12.5741457, 41.9071205], [12.574167, 41.9070931], [12.574165, 41.9070413], [12.5742023, 41.9069781]]}}, {"type": "Feature", "properties": {}, "geometry": {"type": "LineString", "coordinates": [[12.5744537, 41.9075279], [12.5744555, 41.9074672], [12.5744537, 41.907409], [12.5744546, 41.9073845], [12.5744416, 41.9073541], [12.5744051, 41.9073529], [12.5743878, 41.9074103], [12.5743418, 41.9074065], [12.5743079, 41.9074052], [12.5742697, 41.9074226], [12.5742116, 41.9074142], [12.5741873, 41.9074291], [12.5741526, 41.9074594], [12.5741265, 41.9074691], [12.5740927, 41.9074749], [12.5740623, 41.9074659], [12.5740215, 41.9074502]]}}, {"type": "Feature", "properties": {}, "geometry": {"type": "LineString", "coordinates": [[12.5738135, 41.9068409], [12.5737796, 41.9068373]]}}, {"type": "Feature", "properties": {}, "geometry": {"type": "LineString", "coordinates": [[12.5723468, 41.9065927], [12.5720657, 41.9065084], [12.5716638, 41.9063768], [12.5714727, 41.9063123], [12.5713064, 41.9062878], [12.5712665, 41.906341], [12.5712376, 41.9063614], [12.5711675, 41.9063389], [12.5709819, 41.9062581], [12.5708389, 41.906208], [12.5707372, 41.9061793], [12.5706753, 41.9061762], [12.5706409, 41.9061977], [12.5705983, 41.906254], [12.5705502, 41.9063287], [12.5705185, 41.9063811], [12.5705086, 41.9063975]]}}, {"type": "Feature", "properties": {}, "geometry": {"type": "LineString", "coordinates": [[12.5737796, 41.9068373], [12.5723468, 41.9065927]]}}, {"type": "Feature", "properties": {}, "geometry": {"type": "LineString", "coordinates": [[12.5707938, 41.9064881], [12.570572, 41.9064044], [12.5705588, 41.9064019], [12.5705399, 41.906391], [12.5705185, 41.9063811]]}}, {"type": "Feature", "properties": {}, "geometry": {"type": "LineString", "coordinates": [[12.5698936, 41.9061407], [12.5699277, 41.9060877], [12.5697019, 41.9060055], [12.5695232, 41.9059234], [12.5693356, 41.9058106], [12.5690064, 41.9057105], [12.5682607, 41.905476], [12.5667944, 41.9050226], [12.5662665, 41.9048508], [12.5661802, 41.9047992], [12.566143, 41.9047821]]}}, {"type": "Feature", "properties": {}, "geometry": {"type": "LineString", "coordinates": [[12.566143, 41.9047821], [12.5660373, 41.9047376]]}}, {"type": "Feature", "properties": {}, "geometry": {"type": "LineString", "coordinates": [[12.4854935, 41.9139663], [12.4846532, 41.9144297], [12.4837596, 41.91503], [12.4834937, 41.9151105]]}}, {"type": "Feature", "properties": {}, "geometry": {"type": "Polygon", "coordinates": [[[12.4642198, 41.9026661], [12.4642249, 41.9026658], [12.4642297, 41.9026658], [12.4642379, 41.902663], [12.4642397, 41.9026571], [12.4642392, 41.9026079], [12.4642374, 41.9026024], [12.4642308, 41.9025995], [12.4642272, 41.9025994], [12.4642224, 41.9025988], [12.4642198, 41.9026661]]]}}, {"type": "Feature", "properties": {}, "geometry": {"type": "Polygon", "coordinates": [[[12.4642365, 41.9021663], [12.464247, 41.9021667], [12.4642554, 41.9021643], [12.4642578, 41.9021585], [12.4642617, 41.9021094], [12.4642603, 41.9021039], [12.464254, 41.9021006], [12.4642414, 41.9021002], [12.4642365, 41.9021663]]]}}, {"type": "Feature", "properties": {}, "geometry": {"type": "Polygon", "coordinates": [[[12.4940746, 41.8978433], [12.4940796, 41.897847], [12.4940827, 41.8978518], [12.4940835, 41.897857], [12.494082, 41.8978622], [12.4940784, 41.8978667], [12.4940729, 41.8978701], [12.4940663, 41.8978719], [12.4940592, 41.8978721], [12.4940524, 41.8978706], [12.4940468, 41.8978675], [12.4940427, 41.8978632], [12.4940408, 41.8978581], [12.4940411, 41.8978529], [12.4940437, 41.897848], [12.4940483, 41.897844], [12.4940544, 41.8978414], [12.4940613, 41.8978403], [12.4940682, 41.897841], [12.4940746, 41.8978433]]]}}, {"type": "Feature", "properties": {}, "geometry": {"type": "Polygon", "coordinates": [[[12.5088775, 41.9023509], [12.5088877, 41.9023612], [12.508893, 41.9023734], [12.5088928, 41.9023862], [12.508887, 41.9023983], [12.5088763, 41.9024084], [12.5088618, 41.9024153], [12.5088451, 41.9024185], [12.5088279, 41.9024175], [12.5088121, 41.9024124], [12.5087989, 41.9024035], [12.5087905, 41.9023919], [12.5087877, 41.9023788], [12.5087908, 41.9023658], [12.5087996, 41.9023543], [12.508813, 41.9023456], [12.5088295, 41.9023407], [12.5088467, 41.9023401], [12.5088633, 41.9023436], [12.5088775, 41.9023509]]]}}, {"type": "Feature", "properties": {}, "geometry": {"type": "Polygon", "coordinates": [[[12.4984193, 41.9042171], [12.4984223, 41.9042255], [12.4984207, 41.9042338], [12.498414, 41.9042427], [12.4984158, 41.9042482], [12.4984154, 41.9042571], [12.4984101, 41.9042664], [12.498403, 41.9042733], [12.4983934, 41.9042782], [12.4983822, 41.9042807], [12.49837, 41.9042809], [12.4983627, 41.9042767], [12.4983558, 41.9042797], [12.4983445, 41.9042818], [12.4983328, 41.9042812], [12.498322, 41.9042779], [12.4983124, 41.9042716], [12.4983062, 41.9042633], [12.4983058, 41.9042533], [12.4983089, 41.904244], [12.498315, 41.9042384], [12.4983115, 41.9042298], [12.498312, 41.9042207], [12.4983147, 41.9042131], [12.4983223, 41.9042057], [12.4983333, 41.9042008], [12.4983459, 41.904199], [12.4983591, 41.9042002], [12.4983699, 41.9042038], [12.4983827, 41.9042002], [12.4983933, 41.9042008], [12.4984036, 41.9042043], [12.4984125, 41.9042104], [12.4984193, 41.9042171]]]}}, {"type": "Feature", "properties": {}, "geometry": {"type": "Polygon", "coordinates": [[[12.4745146, 41.8900544], [12.4744911, 41.8900534], [12.4744918, 41.8900599], [12.4744972, 41.8900649], [12.4745076, 41.890065], [12.4745149, 41.8900609], [12.4745146, 41.8900544]]]}}, {"type": "Feature", "properties": {}, "geometry": {"type": "Polygon", "coordinates": [[[12.4744914, 41.8900284], [12.4745149, 41.8900286], [12.4745139, 41.8900222], [12.4745082, 41.8900174], [12.4744978, 41.8900177], [12.4744908, 41.8900219], [12.4744914, 41.8900284]]]}}, {"type": "Feature", "properties": {}, "geometry": {"type": "LineString", "coordinates": [[12.5292084, 41.8597973], [12.5291553, 41.8597669], [12.5291564, 41.859714], [12.5291121, 41.8595877], [12.5291304, 41.8595347], [12.5290625, 41.8594578], [12.5290076, 41.8594102], [12.528947, 41.8593436], [12.5289184, 41.85923], [12.5287989, 41.8591394], [12.5286994, 41.8590675], [12.5286061, 41.859045], [12.5285429, 41.8590675], [12.5282986, 41.8592274], [12.5279541, 41.8594164], [12.5274826, 41.8596871], [12.5271948, 41.8598115], [12.5269083, 41.8599282], [12.5266792, 41.8600195], [12.5265242, 41.8601674], [12.5260298, 41.8605664], [12.5255041, 41.8609669], [12.5250346, 41.861197], [12.5239953, 41.8616483], [12.5234656, 41.8618007], [12.5231687, 41.8618396], [12.5228155, 41.8620009], [12.5225025, 41.8621026], [12.522322, 41.8622968], [12.5218765, 41.8627092], [12.5215354, 41.8628706], [12.5206867, 41.8633955], [12.5202514, 41.8638299], [12.5201103, 41.8639609], [12.520108, 41.8641589], [12.5202048, 41.8645369], [12.5204279, 41.8648729], [12.5202915, 41.8651741], [12.5201944, 41.8652119]]}}, {"type": "Feature", "properties": {}, "geometry": {"type": "LineString", "coordinates": [[12.5201944, 41.8652119], [12.5200873, 41.8652537]]}}, {"type": "Feature", "properties": {}, "geometry": {"type": "LineString", "coordinates": [[12.5557708, 41.8036471], [12.5555244, 41.8037124], [12.5552542, 41.8037221], [12.5551212, 41.8036929], [12.5549795, 41.8036149], [12.5548204, 41.8034898], [12.5547136, 41.8034151], [12.5546461, 41.8033647], [12.5545436, 41.8033598], [12.5544325, 41.8034411], [12.5540342, 41.8037205], [12.5538369, 41.8038055], [12.5535706, 41.8040474], [12.5535268, 41.8040522], [12.5533229, 41.8039712], [12.5532344, 41.8039532], [12.5529367, 41.8039842]]}}, {"type": "Feature", "properties": {}, "geometry": {"type": "LineString", "coordinates": [[12.5560051, 41.8035851], [12.5557708, 41.8036471]]}}, {"type": "Feature", "properties": {}, "geometry": {"type": "LineString", "coordinates": [[12.556604, 41.8032479], [12.5565594, 41.8032603], [12.5565083, 41.8032928], [12.556159, 41.803515], [12.5560051, 41.8035851]]}}, {"type": "Feature", "properties": {}, "geometry": {"type": "LineString", "coordinates": [[12.5568497, 41.8031796], [12.556604, 41.8032479]]}}, {"type": "Feature", "properties": {}, "geometry": {"type": "Polygon", "coordinates": [[[12.5012594, 41.9079333], [12.5013412, 41.907863], [12.5013816, 41.907889], [12.5013874, 41.9079466], [12.5014672, 41.9079977], [12.5016993, 41.9079832], [12.5017124, 41.9080996], [12.5017502, 41.9081234], [12.5016544, 41.9082079], [12.5016531, 41.9081945], [12.5016594, 41.908189], [12.5012594, 41.9079333]]]}}, {"type": "Feature", "properties": {}, "geometry": {"type": "Polygon", "coordinates": [[[12.4602419, 41.9010364], [12.4602418, 41.9010397], [12.4602425, 41.9010429], [12.4602441, 41.9010459], [12.4602465, 41.9010486], [12.4602496, 41.9010509], [12.4602533, 41.9010527], [12.4602574, 41.9010539], [12.4602617, 41.9010544], [12.460266, 41.9010543], [12.4602703, 41.9010535], [12.4602742, 41.9010521], [12.4602777, 41.9010501], [12.4602805, 41.9010476], [12.4602826, 41.9010448], [12.4602839, 41.9010417], [12.4602843, 41.9010385], [12.4602839, 41.9010354], [12.4602826, 41.9010323], [12.4602805, 41.9010296], [12.4602778, 41.9010272], [12.4602744, 41.9010252], [12.4602706, 41.9010238], [12.4602665, 41.901023], [12.4602623, 41.9010227], [12.4602581, 41.9010232], [12.460254, 41.9010242], [12.4602504, 41.9010258], [12.4602472, 41.9010279], [12.4602447, 41.9010305], [12.4602429, 41.9010334], [12.4602419, 41.9010364]]]}}, {"type": "Feature", "properties": {}, "geometry": {"type": "Polygon", "coordinates": [[[12.5952914, 41.9845745], [12.5953183, 41.9845984], [12.5953719, 41.9845824], [12.5954014, 41.9842475], [12.595396, 41.9842116], [12.5953612, 41.9842056], [12.5953022, 41.9842933], [12.5952914, 41.9845745]]]}}, {"type": "Feature", "properties": {}, "geometry": {"type": "Polygon", "coordinates": [[[12.4606705, 41.8982782], [12.4606685, 41.8982805], [12.4606676, 41.8982832], [12.4606679, 41.8982859], [12.4606694, 41.8982883], [12.4606719, 41.8982903], [12.460675, 41.8982916], [12.4606786, 41.898292], [12.4606821, 41.8982916], [12.4606853, 41.8982904], [12.4606878, 41.8982884], [12.4606893, 41.898286], [12.4606897, 41.8982833], [12.4606889, 41.8982807], [12.4606869, 41.8982783], [12.4606841, 41.8982766], [12.4606806, 41.8982757], [12.4606769, 41.8982756], [12.4606734, 41.8982765], [12.4606705, 41.8982782]]]}}, {"type": "Feature", "properties": {}, "geometry": {"type": "Polygon", "coordinates": [[[12.4592181, 41.8880652], [12.4592299, 41.8880756], [12.4592476, 41.8880773], [12.459263, 41.8880693], [12.4592654, 41.8880564], [12.4592548, 41.8880452], [12.459235, 41.8880421], [12.4592195, 41.8880497], [12.4592181, 41.8880652]]]}}, {"type": "Feature", "properties": {}, "geometry": {"type": "Polygon", "coordinates": [[[12.4595673, 41.8881168], [12.4595707, 41.8881169], [12.4595704, 41.8881223], [12.4595815, 41.8881226], [12.4595817, 41.8881177], [12.4595856, 41.8881178], [12.4595861, 41.8881086], [12.4595916, 41.8881087], [12.459592, 41.8881], [12.4595862, 41.8880998], [12.4595867, 41.8880905], [12.4595837, 41.8880905], [12.4595839, 41.8880865], [12.4595744, 41.8880862], [12.4595742, 41.8880902], [12.4595693, 41.8880901], [12.4595688, 41.8881001], [12.4595619, 41.8880999], [12.4595616, 41.8881071], [12.4595677, 41.8881073], [12.4595673, 41.8881168]]]}}, {"type": "Feature", "properties": {}, "geometry": {"type": "Polygon", "coordinates": [[[12.457059, 41.9007899], [12.4570597, 41.9007939], [12.4570628, 41.900796], [12.4570664, 41.9007967], [12.457071, 41.9007966], [12.4570747, 41.9007956], [12.4570772, 41.9007932], [12.4570787, 41.9007901], [12.457084, 41.9007891], [12.4570866, 41.9007869], [12.4570875, 41.9007833], [12.4570866, 41.90078], [12.4570837, 41.9007778], [12.4570801, 41.9007765], [12.4570776, 41.9007752], [12.4570764, 41.9007714], [12.4570748, 41.9007699], [12.4570715, 41.9007691], [12.4570667, 41.9007686], [12.4570613, 41.9007702], [12.4570594, 41.9007728], [12.4570582, 41.9007763], [12.4570547, 41.9007774], [12.4570521, 41.9007781], [12.4570507, 41.9007799], [12.4570494, 41.9007828], [12.4570496, 41.900785], [12.4570509, 41.9007868], [12.4570552, 41.9007889], [12.457059, 41.9007899]]]}}, {"type": "Feature", "properties": {}, "geometry": {"type": "Polygon", "coordinates": [[[12.461723, 41.9028489], [12.4617288, 41.9028569], [12.4617368, 41.9028623], [12.4617466, 41.9028657], [12.4617574, 41.9028666], [12.4617681, 41.9028651], [12.4617776, 41.9028612], [12.461785, 41.9028553], [12.4617897, 41.902848], [12.4617911, 41.90284], [12.4617892, 41.9028321], [12.4617833, 41.9028242], [12.4617741, 41.9028183], [12.4617628, 41.902815], [12.4617507, 41.9028149], [12.4617392, 41.9028178], [12.4617298, 41.9028235], [12.4617235, 41.9028312], [12.4617211, 41.90284], [12.461723, 41.9028489]]]}}, {"type": "Feature", "properties": {}, "geometry": {"type": "Polygon", "coordinates": [[[12.463273, 41.9007583], [12.4633298, 41.9008489], [12.4634359, 41.9009717], [12.4634958, 41.9010339], [12.4635221, 41.9010283], [12.4635382, 41.9010264], [12.4635612, 41.9010223], [12.4635786, 41.9010129], [12.4635918, 41.9010014], [12.4635997, 41.9009852], [12.4635847, 41.9009571], [12.4635645, 41.9009384], [12.4635513, 41.9009211], [12.4635392, 41.9008837], [12.4635351, 41.9008679], [12.463517, 41.9008345], [12.4634788, 41.9008041], [12.4634194, 41.9007702], [12.46333, 41.9007497], [12.463273, 41.9007583]]]}}, {"type": "Feature", "properties": {}, "geometry": {"type": "Polygon", "coordinates": [[[12.4701904, 41.8938818], [12.4702025, 41.8938915], [12.4702383, 41.8938668], [12.4702262, 41.8938571], [12.4701904, 41.8938818]]]}}, {"type": "Feature", "properties": {}, "geometry": {"type": "Polygon", "coordinates": [[[12.47128, 41.8934878], [12.4712738, 41.8934844], [12.4712665, 41.8934831], [12.4712591, 41.8934838], [12.4712525, 41.8934868], [12.4712486, 41.8934903], [12.4712461, 41.8934968], [12.4712472, 41.8935024], [12.4712511, 41.8935072], [12.4712575, 41.8935107], [12.4712645, 41.893512], [12.4712721, 41.8935112], [12.4712786, 41.8935083], [12.4712828, 41.8935043], [12.4712849, 41.8934989], [12.471284, 41.8934931], [12.47128, 41.8934878]]]}}, {"type": "Feature", "properties": {}, "geometry": {"type": "Polygon", "coordinates": [[[12.4687417, 41.8979987], [12.4688708, 41.8979541], [12.4688996, 41.8980003], [12.4687705, 41.8980449], [12.4687417, 41.8979987]]]}}, {"type": "Feature", "properties": {}, "geometry": {"type": "Polygon", "coordinates": [[[12.404054, 41.8132477], [12.4039972, 41.8133245], [12.4039573, 41.8133448], [12.4038059, 41.8133699], [12.4037743, 41.8133903], [12.4036839, 41.8134514], [12.403564, 41.8135063], [12.4034862, 41.8135596], [12.4034063, 41.813605], [12.403381, 41.8136333], [12.4033853, 41.8136583], [12.4034105, 41.8136583], [12.4034315, 41.8136317], [12.4035682, 41.8135392], [12.4036629, 41.8135063], [12.403829, 41.8133934], [12.403951, 41.8133699], [12.4040246, 41.8133339], [12.404054, 41.8132963], [12.4040792, 41.8132649], [12.4040814, 41.8132461], [12.404054, 41.8132477]]]}}, {"type": "Feature", "properties": {}, "geometry": {"type": "Polygon", "coordinates": [[[12.40336, 41.8137163], [12.40336, 41.813685], [12.4033264, 41.8136991], [12.4033074, 41.8137367], [12.4032296, 41.8138088], [12.4031918, 41.8138339], [12.4029752, 41.813917], [12.402891, 41.8139828], [12.4029058, 41.8139985], [12.4029815, 41.8139514], [12.4031077, 41.8139013], [12.4032422, 41.8138464], [12.4033095, 41.8137853], [12.40336, 41.8137163]]]}}, {"type": "Feature", "properties": {}, "geometry": {"type": "LineString", "coordinates": [[12.4531797, 41.8144874], [12.4532932, 41.814487], [12.4533841, 41.8144664], [12.4534336, 41.8144236], [12.4534612, 41.8143544], [12.4535779, 41.8140906], [12.4536985, 41.8139904], [12.4539259, 41.8138872], [12.4541256, 41.8138224], [12.4542359, 41.8138228], [12.4546238, 41.8138475], [12.4548887, 41.8138622], [12.4550667, 41.8138578], [12.4567916, 41.8111495]]}}, {"type": "Feature", "properties": {}, "geometry": {"type": "LineString", "coordinates": [[12.4568289, 41.811091], [12.4569223, 41.8109444]]}}, {"type": "Feature", "properties": {}, "geometry": {"type": "LineString", "coordinates": [[12.4567916, 41.8111495], [12.4568289, 41.811091]]}}, {"type": "Feature", "properties": {}, "geometry": {"type": "Polygon", "coordinates": [[[12.4953333, 41.9271315], [12.4953574, 41.9271273], [12.4953786, 41.9271135], [12.4953843, 41.9270872], [12.4953942, 41.9270566], [12.4953942, 41.9270355], [12.4953815, 41.9270207], [12.4953574, 41.9270239], [12.495346, 41.9270112], [12.4953304, 41.9270091], [12.4953092, 41.9270112], [12.4953007, 41.9270207], [12.4952964, 41.9270355], [12.4953063, 41.9270439], [12.4953234, 41.9270524], [12.4953375, 41.9270439], [12.4953531, 41.9270376], [12.4953588, 41.9270471], [12.4953347, 41.927065], [12.4953163, 41.9270819], [12.4953049, 41.9270967], [12.4952978, 41.9271188], [12.495312, 41.9271304], [12.4953333, 41.9271315]]]}}, {"type": "Feature", "properties": {}, "geometry": {"type": "LineString", "coordinates": [[12.5134492, 41.8419315], [12.5135404, 41.8420434], [12.5136584, 41.8422113], [12.514109, 41.8428547], [12.514329, 41.8431984], [12.5144416, 41.84359], [12.514388, 41.8441415], [12.5132078, 41.8450966], [12.5121242, 41.8456121], [12.5110245, 41.8463234], [12.5106999, 41.8464133]]}}, {"type": "Feature", "properties": {}, "geometry": {"type": "LineString", "coordinates": [[12.5081599, 41.8433622], [12.5079775, 41.8435341], [12.5076878, 41.8438218], [12.5068402, 41.8443173], [12.5063574, 41.8446051], [12.5059497, 41.8449447], [12.5057047, 41.8452649], [12.5055796, 41.8454283], [12.5050163, 41.8462435], [12.5045335, 41.8470188], [12.5039703, 41.847794], [12.5032568, 41.8487171], [12.5029832, 41.848821], [12.5027523, 41.8490496], [12.5025111, 41.8492885], [12.5024119, 41.849754]]}}, {"type": "Feature", "properties": {}, "geometry": {"type": "LineString", "coordinates": [[12.5143799, 41.836622], [12.5143611, 41.8368359], [12.5140929, 41.8372535], [12.5136343, 41.8379409], [12.5110567, 41.8399532], [12.5099087, 41.8405687], [12.5087231, 41.8419035], [12.5079989, 41.8425709], [12.5079507, 41.8427787], [12.5081599, 41.8433622]]}}, {"type": "Feature", "properties": {}, "geometry": {"type": "LineString", "coordinates": [[12.5144684, 41.83663], [12.5144631, 41.8368319], [12.5127894, 41.8396175], [12.5127625, 41.8401651], [12.5132185, 41.8416038], [12.5134492, 41.8419315]]}}, {"type": "Feature", "properties": {}, "geometry": {"type": "LineString", "coordinates": [[12.5144255, 41.8365101], [12.5143799, 41.836622]]}}, {"type": "Feature", "properties": {}, "geometry": {"type": "LineString", "coordinates": [[12.5187403, 41.8337327], [12.5180363, 41.8341221]]}}, {"type": "Feature", "properties": {}, "geometry": {"type": "LineString", "coordinates": [[12.5255623, 41.8296411], [12.5254983, 41.8296673], [12.5253542, 41.8297822], [12.5251946, 41.8299141], [12.5248969, 41.8300245], [12.5245079, 41.830086], [12.5243128, 41.8301574], [12.5241069, 41.8303258], [12.523824, 41.8305492], [12.523427, 41.830732], [12.5232835, 41.830801], [12.5231642, 41.8309104], [12.5231246, 41.8309958], [12.5229925, 41.8312037], [12.5226304, 41.8315599], [12.5217627, 41.8321665], [12.5213838, 41.8324198], [12.5211337, 41.8325442], [12.5207354, 41.8326042], [12.5187403, 41.8337327]]}}, {"type": "Feature", "properties": {}, "geometry": {"type": "LineString", "coordinates": [[12.4735902, 41.8494284], [12.4729948, 41.8493844], [12.4726528, 41.8493265], [12.472524, 41.8492585], [12.4724288, 41.8490927], [12.4723524, 41.8488789], [12.472111, 41.8483434], [12.4719199, 41.8481248]]}}, {"type": "Feature", "properties": {}, "geometry": {"type": "Polygon", "coordinates": [[[12.4513462, 41.9010878], [12.4513593, 41.9010937], [12.4513663, 41.9010853], [12.4513761, 41.9010847], [12.4513848, 41.9010819], [12.4513919, 41.9010771], [12.4513967, 41.901071], [12.4513986, 41.9010641], [12.4513976, 41.901057], [12.4513943, 41.9010508], [12.4514032, 41.90104], [12.4513905, 41.9010342], [12.4513462, 41.9010878]]]}}, {"type": "Feature", "properties": {}, "geometry": {"type": "Polygon", "coordinates": [[[12.4128047, 41.8125205], [12.4128413, 41.8124811], [12.4129013, 41.8124243], [12.4129643, 41.8123909], [12.413009, 41.8123758], [12.413072, 41.8123743], [12.4131157, 41.8123584], [12.4131493, 41.8123318], [12.4131909, 41.8123023], [12.4132367, 41.8122599], [12.4132722, 41.8122148], [12.4133261, 41.8121485], [12.4133414, 41.8121084], [12.4133663, 41.8120803], [12.413382, 41.8121106], [12.4133586, 41.8121591], [12.4133027, 41.8122371], [12.413259, 41.8122849], [12.4132326, 41.8123182], [12.4131899, 41.8123508], [12.4131289, 41.8123834], [12.4130974, 41.8123985], [12.4130578, 41.812403], [12.4130093, 41.8124085], [12.4129729, 41.8124277], [12.4129247, 41.8124538], [12.4128804, 41.812494], [12.4128393, 41.8125318], [12.4128118, 41.8125364], [12.4128047, 41.8125205]]]}}, {"type": "Feature", "properties": {}, "geometry": {"type": "Polygon", "coordinates": [[[12.4057681, 41.8125241], [12.4057067, 41.8125231], [12.4056592, 41.8125313], [12.4055948, 41.8125381], [12.4055183, 41.812554], [12.405403, 41.812568], [12.4053561, 41.812579], [12.4053051, 41.812594], [12.4052488, 41.812615], [12.4051965, 41.812647], [12.4051522, 41.812675], [12.4051241, 41.8127029], [12.4050744, 41.8127469], [12.4050422, 41.8127849], [12.4050087, 41.8128309], [12.4049806, 41.8128709], [12.4049524, 41.8129129], [12.4049524, 41.8129568], [12.4049712, 41.8129918], [12.4050101, 41.8130208], [12.4050717, 41.8130408], [12.4051133, 41.8130408], [12.4051978, 41.8130308], [12.405238, 41.8130308], [12.4053158, 41.8130338], [12.4053856, 41.8130528], [12.4054406, 41.8130648], [12.4055009, 41.8130788], [12.4055827, 41.8130898], [12.4056605, 41.8130898], [12.4057289, 41.8130828], [12.4057691, 41.8130568], [12.4058174, 41.8130258], [12.4058456, 41.8130118], [12.4058724, 41.8129908], [12.4059166, 41.8129538], [12.4059529, 41.8129388], [12.4059797, 41.8129268], [12.405985, 41.8129109], [12.4059622, 41.8129029], [12.405922, 41.8128859], [12.4058751, 41.8128869], [12.4058308, 41.8128969], [12.4057745, 41.8129129], [12.4057316, 41.8129298], [12.4057141, 41.8129478], [12.4056927, 41.8129838], [12.4056592, 41.8129968], [12.4056189, 41.8130038], [12.405572, 41.8129938], [12.4055331, 41.8129708], [12.4055049, 41.8129498], [12.4054835, 41.8129258], [12.4054513, 41.8128959], [12.4054338, 41.8128699], [12.4054178, 41.8128449], [12.4053929, 41.8128154], [12.4053913, 41.8127879], [12.405399, 41.8127714], [12.4054097, 41.8127507], [12.4054258, 41.8127329], [12.4054634, 41.8127119], [12.4055103, 41.8126999], [12.405635, 41.812678], [12.4057383, 41.812628], [12.4057825, 41.812595], [12.40581, 41.8125689], [12.4058191, 41.8125489], [12.4058032, 41.8125276], [12.4057681, 41.8125241]]]}}, {"type": "Feature", "properties": {}, "geometry": {"type": "Polygon", "coordinates": [[[12.4076832, 41.812576], [12.4077076, 41.8125791], [12.4077584, 41.8125791], [12.4078285, 41.8125791], [12.4079048, 41.8125791], [12.4079546, 41.8125768], [12.4080359, 41.81257], [12.4081162, 41.8125488], [12.408166, 41.8125238], [12.4081924, 41.8124889], [12.4081914, 41.8124495], [12.4081782, 41.8123927], [12.4081578, 41.8123632], [12.4081334, 41.8123154], [12.408108, 41.8122957], [12.4080623, 41.8122851], [12.4080125, 41.8122821], [12.4079586, 41.8122874], [12.4079109, 41.8123071], [12.4078732, 41.8123245], [12.4078489, 41.8123336], [12.4078143, 41.8123723], [12.4077879, 41.8123904], [12.4077614, 41.8123935], [12.407736, 41.8123882], [12.407731, 41.8123776], [12.4076974, 41.8123738], [12.4076852, 41.8123723], [12.4076314, 41.8123882], [12.4075887, 41.8124079], [12.407548, 41.8124101], [12.4075013, 41.8124056], [12.4074789, 41.8124056], [12.4074515, 41.8124207], [12.4074179, 41.8124329], [12.4073752, 41.8124359], [12.4073519, 41.8124359], [12.407299, 41.8124609], [12.4072665, 41.8124957], [12.4072299, 41.8125063], [12.4071974, 41.8125192], [12.4071587, 41.8125238], [12.4070978, 41.8125419], [12.4070642, 41.8125344], [12.4070246, 41.81252], [12.4069931, 41.8125018], [12.4069504, 41.812476], [12.4069097, 41.8124495], [12.4068792, 41.8124154], [12.4068508, 41.8123965], [12.4067837, 41.8123685], [12.4067441, 41.8123677], [12.4066841, 41.812351], [12.4066465, 41.8123518], [12.406618, 41.8123609], [12.4066069, 41.8123738], [12.4066069, 41.8123912], [12.4066292, 41.8124245], [12.4066556, 41.8124374], [12.4066993, 41.8124382], [12.4067359, 41.8124359], [12.4067715, 41.8124359], [12.406804, 41.8124472], [12.4068305, 41.8124738], [12.4068396, 41.8124988], [12.4068335, 41.8125306], [12.4068081, 41.812548], [12.4067868, 41.8125503], [12.4067695, 41.8125639], [12.4067461, 41.8125525], [12.4067034, 41.8125609], [12.4066628, 41.8125836], [12.4066109, 41.8125889], [12.4065642, 41.812598], [12.4065357, 41.8125881], [12.4064788, 41.8125692], [12.4064381, 41.812548], [12.4063995, 41.8125215], [12.4063578, 41.8124859], [12.406303, 41.8124556], [12.406242, 41.8124389], [12.4061922, 41.812423], [12.4061403, 41.8124192], [12.406059, 41.8124139], [12.4060235, 41.8124132], [12.4059665, 41.8124359], [12.4059289, 41.8124541], [12.4059127, 41.8124715], [12.4058903, 41.812498], [12.4058771, 41.812526], [12.4058995, 41.8125472], [12.4059513, 41.8125525], [12.4060011, 41.8125601], [12.4060651, 41.8125639], [12.4061129, 41.8125722], [12.4061647, 41.812576], [12.4062115, 41.8125927], [12.4062613, 41.8126162], [12.406305, 41.8126541], [12.4063426, 41.8126912], [12.4063843, 41.8127124], [12.406432, 41.8127344], [12.4064656, 41.8127677], [12.4064849, 41.8128074], [12.4064473, 41.8128313], [12.4064148, 41.8128457], [12.4063772, 41.8128631], [12.4063476, 41.8128729], [12.4063195, 41.8128726], [12.4062927, 41.8128699], [12.4062655, 41.8128686], [12.4062347, 41.8128681], [12.4062082, 41.8128624], [12.4061716, 41.8128631], [12.4061431, 41.8128631], [12.4061213, 41.8128649], [12.4060895, 41.8128684], [12.4060757, 41.8128705], [12.4060457, 41.8128785], [12.4060478, 41.8128914], [12.4060574, 41.8129046], [12.4060681, 41.8129171], [12.4060818, 41.8129224], [12.4061179, 41.8129221], [12.4061509, 41.812927], [12.4061743, 41.8129285], [12.4062149, 41.8129323], [12.4062505, 41.8129417], [12.4062774, 41.8129444], [12.4063242, 41.8129508], [12.4063562, 41.8129588], [12.4063867, 41.8129633], [12.4064304, 41.8129524], [12.406469, 41.8129323], [12.4065071, 41.8129251], [12.4065427, 41.8129122], [12.4065732, 41.8128959], [12.4066113, 41.8128698], [12.4066467, 41.8128519], [12.4066738, 41.8128243], [12.4067165, 41.8127982], [12.4067485, 41.8127687], [12.4068197, 41.81273], [12.4068624, 41.8127194], [12.4069269, 41.8127145], [12.4069706, 41.8127145], [12.4070169, 41.8127145], [12.4070621, 41.8127103], [12.4070949, 41.8127073], [12.4071312, 41.8127107], [12.407183, 41.8127107], [12.4072267, 41.8127111], [12.4072852, 41.8127054], [12.4073304, 41.812705], [12.4073777, 41.812705], [12.4074239, 41.8127092], [12.4074702, 41.8127289], [12.4075149, 41.8127433], [12.4075603, 41.8127616], [12.4075919, 41.8127806], [12.4076227, 41.8127984], [12.4076836, 41.8127978], [12.4077275, 41.8127938], [12.4077483, 41.812776], [12.4077699, 41.8127456], [12.4077583, 41.8127134], [12.4077429, 41.8126893], [12.4077152, 41.8126744], [12.4076674, 41.812633], [12.4076505, 41.8126089], [12.4076482, 41.8125802], [12.4076832, 41.812576]]]}}, {"type": "Feature", "properties": {}, "geometry": {"type": "Polygon", "coordinates": [[[12.4090316, 41.813815], [12.4090563, 41.8138414], [12.4090882, 41.8138717], [12.4091112, 41.8139001], [12.4091377, 41.8139258], [12.4091589, 41.8139535], [12.4091858, 41.8139732], [12.4092091, 41.8139852], [12.4092278, 41.8139874], [12.4092426, 41.8139863], [12.4092559, 41.813984], [12.4092717, 41.8139763], [12.409287, 41.8139664], [12.4093032, 41.8139449], [12.4093072, 41.8139285], [12.4093076, 41.8139159], [12.4093038, 41.8138891], [12.4092961, 41.8138638], [12.4092935, 41.8138408], [12.4092944, 41.8138164], [12.4092968, 41.8138021], [12.4092938, 41.8137848], [12.4092845, 41.8137715], [12.4092735, 41.8137608], [12.409251, 41.8137405], [12.4092298, 41.8137036], [12.40922, 41.8136825], [12.4092006, 41.8136541], [12.4091678, 41.8136132], [12.4091565, 41.8135969], [12.4091431, 41.8135836], [12.4091302, 41.8135708], [12.4091149, 41.8135695], [12.4091015, 41.8135763], [12.4090934, 41.8135855], [12.4090873, 41.8135954], [12.4090732, 41.8136185], [12.4090519, 41.8136475], [12.4090333, 41.8136693], [12.409028, 41.813697], [12.4090192, 41.8137247], [12.4089944, 41.8137471], [12.4089723, 41.8137629], [12.4089676, 41.8137675], [12.408967, 41.8137728], [12.4089679, 41.8137774], [12.4089714, 41.8137827], [12.4089825, 41.8137871], [12.4089935, 41.8137893], [12.4090041, 41.8137927], [12.4090121, 41.8137979], [12.4090316, 41.813815]]]}}, {"type": "Feature", "properties": {}, "geometry": {"type": "Polygon", "coordinates": [[[12.4089248, 41.8176798], [12.408857, 41.8176454], [12.4087877, 41.8175696], [12.4087938, 41.8174927], [12.4088077, 41.8174261], [12.408857, 41.8173745], [12.4089294, 41.8173239], [12.4090341, 41.8172998], [12.4090911, 41.8172573], [12.4091882, 41.8172275], [12.4093114, 41.8172195], [12.4093823, 41.8172206], [12.4094393, 41.8172206], [12.4095148, 41.8172206], [12.4096165, 41.8172206], [12.4097104, 41.817208], [12.4098321, 41.817177], [12.4099184, 41.8171356], [12.4100047, 41.8170874], [12.4100971, 41.8170553], [12.4101911, 41.8170553], [12.4102604, 41.817092], [12.410282, 41.8171379], [12.4102758, 41.817185], [12.4102265, 41.8172309], [12.4101618, 41.8172826], [12.4101495, 41.8173331], [12.4100863, 41.8173859], [12.4100062, 41.8173825], [12.4099307, 41.8173503], [12.4098799, 41.8173102], [12.4098013, 41.8173021], [12.4096858, 41.8173021], [12.4096118, 41.8173033], [12.4094886, 41.8173297], [12.409427, 41.8173549], [12.4093407, 41.8173756], [12.4092452, 41.8174112], [12.4091543, 41.8174663], [12.4090988, 41.8175432], [12.4090603, 41.817619], [12.4090757, 41.817689], [12.4090511, 41.8177189], [12.4089864, 41.81772], [12.408954, 41.817704], [12.4089248, 41.8176798]]]}}, {"type": "Feature", "properties": {}, "geometry": {"type": "Polygon", "coordinates": [[[12.410013, 41.8185687], [12.4100454, 41.8185986], [12.4100824, 41.8186491], [12.4101147, 41.8187053], [12.4101394, 41.818734], [12.4101856, 41.8187513], [12.4102826, 41.8187593], [12.4103473, 41.818757], [12.4104305, 41.8187547], [12.4105029, 41.8187421], [12.4105522, 41.8187168], [12.4106, 41.8186824], [12.4106216, 41.8186445], [12.410637, 41.8186009], [12.4106216, 41.8185653], [12.4105738, 41.8185595], [12.4105291, 41.8185653], [12.410469, 41.8185653], [12.4103797, 41.818571], [12.4103242, 41.8185745], [12.4102595, 41.8185676], [12.4102179, 41.8185274], [12.4101856, 41.8184872], [12.4101733, 41.8184321], [12.4101548, 41.8183793], [12.4101378, 41.8183402], [12.4100947, 41.8183184], [12.4100238, 41.8182909], [12.4099514, 41.8182518], [12.4099006, 41.8182404], [12.4098066, 41.81823], [12.4097758, 41.8182185], [12.4096988, 41.8182162], [12.4096633, 41.8182438], [12.4096495, 41.8183001], [12.4096757, 41.8183414], [12.4097188, 41.8183885], [12.409765, 41.8184241], [12.4098205, 41.8184298], [12.4098698, 41.8184516], [12.4099483, 41.8185102], [12.410013, 41.8185687]]]}}, {"type": "Feature", "properties": {}, "geometry": {"type": "MultiPolygon", "coordinates": [[[[12.4708278, 41.8752207], [12.471411, 41.8740273], [12.4719236, 41.8731073], [12.4721914, 41.8723437], [12.4727208, 41.8712204], [12.4733755, 41.8699366], [12.4734065, 41.8696924], [12.4737699, 41.8691215], [12.4738994, 41.8688051], [12.4740488, 41.8685277], [12.475073, 41.867268], [12.475549, 41.8668704], [12.4760648, 41.866495], [12.4762443, 41.8663765], [12.4764351, 41.8662488], [12.4764584, 41.8662501], [12.4764805, 41.8662548], [12.4765265, 41.8662538], [12.4765812, 41.8662362], [12.4766068, 41.866227], [12.4766248, 41.866201], [12.4766602, 41.8661689], [12.4767121, 41.8660813], [12.4766846, 41.8660049], [12.4765955, 41.8659837], [12.4765677, 41.8659319], [12.47666, 41.865841], [12.4768419, 41.8657955], [12.4769427, 41.8657046], [12.477024, 41.8656056], [12.4771335, 41.8654406], [12.4772083, 41.865261], [12.477362, 41.8648412], [12.4774538, 41.8645887], [12.4774926, 41.8642864], [12.4775385, 41.8639428], [12.4775232, 41.8635124], [12.4774633, 41.8632888], [12.4773951, 41.8630987], [12.4771844, 41.8627551], [12.4769307, 41.8623993], [12.4765993, 41.8620892], [12.4764933, 41.8620099], [12.4764081, 41.8619453], [12.4763257, 41.8618873], [12.4761402, 41.861763], [12.4755474, 41.8613293], [12.4751817, 41.861128], [12.475116, 41.8610971], [12.4748326, 41.8609639], [12.4743673, 41.8607796], [12.4738698, 41.8606458], [12.473812, 41.8605388], [12.4726812, 41.8602313], [12.4723146, 41.8601268], [12.4710831, 41.8598837], [12.4709098, 41.8598554], [12.4709245, 41.8598004], [12.4707862, 41.8597784], [12.470727, 41.8598073], [12.4700287, 41.8597208], [12.4700424, 41.8604441], [12.4705609, 41.8605329], [12.4709792, 41.8606053], [12.4713684, 41.8607196], [12.4725135, 41.8609522], [12.4727992, 41.8610411], [12.4733251, 41.8612046], [12.4737753, 41.8613447], [12.4738583, 41.8613705], [12.4742079, 41.8614635], [12.4745667, 41.8615931], [12.4748587, 41.8616985], [12.475213, 41.8618701], [12.4752506, 41.8618914], [12.4755967, 41.8620871], [12.4757572, 41.86219], [12.4758359, 41.8622404], [12.4759391, 41.8623066], [12.4763124, 41.8626106], [12.4764856, 41.862762], [12.4765841, 41.8629176], [12.4767532, 41.8631845], [12.4768703, 41.8635325], [12.4769791, 41.8640083], [12.4768902, 41.864139], [12.4767463, 41.8645387], [12.4765706, 41.8650429], [12.4764079, 41.8651825], [12.4762279, 41.8653302], [12.4760066, 41.8658043], [12.475217, 41.8664819], [12.4746445, 41.866862], [12.4741765, 41.8672861], [12.4738196, 41.8676514], [12.4734983, 41.8680623], [12.4734806, 41.8681233], [12.4734739, 41.8682108], [12.4734411, 41.8682817], [12.4731894, 41.8685919], [12.4726392, 41.8696798], [12.4718095, 41.8713316], [12.4713608, 41.8723167], [12.4710218, 41.873131], [12.4708421, 41.8735413], [12.4707079, 41.8738854], [12.4702538, 41.8748418], [12.470222, 41.8750764], [12.4700674, 41.8754755], [12.4698719, 41.8761377], [12.4698505, 41.8762101], [12.4696866, 41.8769142], [12.4696138, 41.8770525], [12.4695579, 41.8771918], [12.4694853, 41.8774104], [12.4694886, 41.8776437], [12.4695292, 41.8781299], [12.4695658, 41.8783742], [12.4696175, 41.8785943], [12.4697809, 41.8789638], [12.4698728, 41.8791655], [12.4699498, 41.8793357], [12.4702261, 41.8797541], [12.4704178, 41.8800783], [12.4705481, 41.8802424], [12.470689, 41.8803444], [12.4709667, 41.8806029], [12.471268, 41.8808831], [12.4716645, 41.8812231], [12.472094, 41.8814785], [12.4721573, 41.8815285], [12.4722213, 41.8815859], [12.4724031, 41.8816974], [12.4726396, 41.8818993], [12.475035, 41.883613], [12.4755883, 41.8839919], [12.4758256, 41.8841912], [12.4758161, 41.8842648], [12.4770397, 41.8851826], [12.4778429, 41.8858481], [12.4780947, 41.8860909], [12.4782622, 41.8862777], [12.4785515, 41.8866682], [12.4787527, 41.8868946], [12.4789364, 41.8871879], [12.4790366, 41.8873746], [12.4791045, 41.8875663], [12.4791743, 41.8878308], [12.4791661, 41.8880098], [12.4791378, 41.8881878], [12.4790789, 41.8884054], [12.4789366, 41.8886428], [12.4788445, 41.8887744], [12.4787209, 41.8888969], [12.4785828, 41.8890458], [12.4783176, 41.8892591], [12.478189, 41.8893592], [12.4781217, 41.8894121], [12.4780644, 41.8894516], [12.4780067, 41.8894846], [12.4779691, 41.8895044], [12.4779699, 41.8895147], [12.4779663, 41.8895223], [12.4778147, 41.8895912], [12.477744, 41.8896202], [12.477732, 41.8896221], [12.4777175, 41.8896204], [12.4776873, 41.8896337], [12.4776134, 41.88966], [12.4775511, 41.8896798], [12.4775354, 41.8896848], [12.4773267, 41.8897599], [12.4773655, 41.8898632], [12.4773264, 41.8898762], [12.4773287, 41.8898826], [12.4773374, 41.8898935], [12.4773371, 41.889907], [12.477335, 41.8899172], [12.4773342, 41.8899223], [12.4773264, 41.8899277], [12.4772285, 41.889953], [12.4771875, 41.8899618], [12.4771755, 41.8899609], [12.4771653, 41.8899568], [12.4771581, 41.8899488], [12.4771459, 41.8899197], [12.4771135, 41.8899133], [12.47705, 41.8899055], [12.4769761, 41.8899058], [12.4769214, 41.889914], [12.4767738, 41.8899723], [12.4766045, 41.8900298], [12.4764545, 41.8900774], [12.4758832, 41.8902467], [12.4757441, 41.8902868], [12.4753264, 41.8903967], [12.4749912, 41.8904818], [12.4748128, 41.8905178], [12.4746395, 41.8905482], [12.4743343, 41.8906014], [12.4736495, 41.8906889], [12.4733908, 41.8907269], [12.4731333, 41.8907715], [12.4727357, 41.890858], [12.4724173, 41.8909489], [12.472135, 41.891052], [12.471804, 41.8911899], [12.4713218, 41.8914346], [12.4709659, 41.8916717], [12.4707308, 41.8918393], [12.4705887, 41.8919055], [12.4705116, 41.8919604], [12.4704594, 41.8920021], [12.4704795, 41.8920176], [12.4703085, 41.8921359], [12.4702277, 41.8921719], [12.4701562, 41.8922292], [12.4700587, 41.8923411], [12.4693603, 41.8928997], [12.4680049, 41.8939896], [12.4673035, 41.8945357], [12.4664887, 41.8951582], [12.4657599, 41.8957003], [12.4655511, 41.8958555], [12.4654391, 41.8959472], [12.4652102, 41.8961632], [12.4650002, 41.8963921], [12.4647212, 41.8967261], [12.4644586, 41.8970755], [12.463918, 41.8977922], [12.4635697, 41.8982634], [12.4632332, 41.8987509], [12.4631839, 41.8988203], [12.4631443, 41.8988956], [12.4631294, 41.898927], [12.4630645, 41.8990356], [12.4630518, 41.8990785], [12.4630254, 41.8991518], [12.463018, 41.8991811], [12.4629884, 41.8992839], [12.4629668, 41.8994055], [12.4629406, 41.8994807], [12.4629375, 41.8995417], [12.4629282, 41.8996293], [12.462955, 41.899828], [12.4629916, 41.8998366], [12.4630246, 41.8998541], [12.4630694, 41.8998787], [12.4630718, 41.8999137], [12.4630765, 41.8999471], [12.4631377, 41.8999769], [12.4631684, 41.9000172], [12.4631802, 41.9000611], [12.4631684, 41.9001102], [12.4631354, 41.9001523], [12.4631448, 41.9001804], [12.4631731, 41.9002137], [12.4631755, 41.900254], [12.4631465, 41.9002856], [12.4631476, 41.9003113], [12.4631637, 41.900333], [12.4631684, 41.9003786], [12.4631684, 41.9004277], [12.4631637, 41.9004961], [12.4631902, 41.9006138], [12.463273, 41.9007583], [12.4633245, 41.9007486], [12.46333, 41.9007497], [12.4633781, 41.9007592], [12.4634194, 41.9007702], [12.4634627, 41.9007937], [12.4634788, 41.9008041], [12.4634954, 41.9008148], [12.463517, 41.9008345], [12.4635343, 41.9008646], [12.4635351, 41.9008679], [12.4635392, 41.9008837], [12.4635428, 41.900898], [12.4635513, 41.9009211], [12.4635645, 41.9009384], [12.4635847, 41.9009571], [12.4635997, 41.9009852], [12.4635918, 41.9010014], [12.4635786, 41.9010129], [12.4635612, 41.9010223], [12.4635382, 41.9010264], [12.4635221, 41.9010283], [12.4634958, 41.9010339], [12.4635852, 41.9011135], [12.4637059, 41.9012205], [12.4638559, 41.9013431], [12.4640588, 41.9015019], [12.4640835, 41.901521], [12.4646358, 41.9018845], [12.4648139, 41.9019784], [12.4649566, 41.9020424], [12.4651169, 41.902068], [12.4652471, 41.9020874], [12.4653185, 41.9020937], [12.4654085, 41.9020914], [12.4654958, 41.9021051], [12.4655608, 41.902125], [12.4656722, 41.9021682], [12.4657649, 41.9022114], [12.4658256, 41.9022481], [12.4659036, 41.9022869], [12.4659767, 41.9023158], [12.4660453, 41.9023339], [12.4661965, 41.9023528], [12.4663135, 41.9023437], [12.4663406, 41.9023416], [12.466401, 41.9023338], [12.4664874, 41.9023143], [12.4665227, 41.902295], [12.4665679, 41.9022755], [12.466629, 41.9022649], [12.4667444, 41.9022654], [12.4669023, 41.9022881], [12.4674818, 41.902358], [12.4676918, 41.9023543], [12.4685274, 41.9024437], [12.4691612, 41.9025085], [12.4693672, 41.9025296], [12.4701904, 41.9027053], [12.4708856, 41.9028905], [12.4715715, 41.9031277], [12.4723447, 41.9034257], [12.4724909, 41.9035534], [12.4729811, 41.9038542], [12.4733387, 41.9042539], [12.4734712, 41.9044475], [12.4735892, 41.9046585], [12.4736149, 41.9047798], [12.4736571, 41.9049336], [12.4736814, 41.9050868], [12.4738419, 41.9054094], [12.4739278, 41.9059625], [12.4738651, 41.9064691], [12.4736753, 41.9069872], [12.4735583, 41.9072146], [12.4734736, 41.907359], [12.4734027, 41.9074657], [12.4724573, 41.9087173], [12.4722342, 41.9090064], [12.4721323, 41.9091721], [12.4720719, 41.9092759], [12.4720142, 41.9093965], [12.4716054, 41.9103084], [12.4725368, 41.9105233], [12.4729743, 41.9095419], [12.4730159, 41.9094651], [12.4731939, 41.9092137], [12.4733841, 41.9089893], [12.4737215, 41.9085422], [12.4747256, 41.9073135], [12.4749347, 41.906506], [12.4750002, 41.9062531], [12.4749359, 41.905386], [12.4749316, 41.9053279], [12.474923, 41.9052119], [12.4748155, 41.9050373], [12.4745722, 41.9045222], [12.4745081, 41.9044215], [12.4744368, 41.9043091], [12.4743609, 41.9041897], [12.4741556, 41.903912], [12.4739555, 41.9037008], [12.4737644, 41.9035073], [12.4729261, 41.902917], [12.472365, 41.9026352], [12.4721223, 41.9025383], [12.4716803, 41.9023711], [12.4713706, 41.9022786], [12.4707168, 41.9020757], [12.4702753, 41.9019637], [12.4697266, 41.9018488], [12.4692356, 41.901773], [12.468728, 41.9017063], [12.4682402, 41.9016515], [12.4680866, 41.9016362], [12.4678062, 41.9016042], [12.4676556, 41.9015834], [12.4671527, 41.9014368], [12.4670316, 41.9014098], [12.4668244, 41.9013905], [12.4666433, 41.9013875], [12.4665636, 41.9013788], [12.4664161, 41.9013722], [12.4663768, 41.9013698], [12.4660944, 41.9013578], [12.466019, 41.9013501], [12.4659368, 41.9013384], [12.4658509, 41.9013257], [12.4657068, 41.901301], [12.4656326, 41.9012855], [12.4655924, 41.9012773], [12.465478, 41.9012466], [12.4653674, 41.901208], [12.4652237, 41.9011554], [12.4651263, 41.9011118], [12.4650582, 41.9010767], [12.4649957, 41.9010428], [12.4649163, 41.9009896], [12.4648449, 41.9009379], [12.4646003, 41.9007757], [12.464442, 41.9006538], [12.4643608, 41.9005756], [12.4643074, 41.9005241], [12.4642159, 41.9004063], [12.4641601, 41.9003055], [12.464103, 41.9002002], [12.4640672, 41.9001184], [12.4640473, 41.9000565], [12.4640333, 41.9000084], [12.4640209, 41.8999607], [12.4640161, 41.8999282], [12.4640106, 41.8998879], [12.4640101, 41.8996629], [12.4640267, 41.899521], [12.4640574, 41.899368], [12.4640782, 41.8992752], [12.4640981, 41.8992154], [12.4641271, 41.89914], [12.4642089, 41.8989913], [12.4642685, 41.898889], [12.4643443, 41.8987738], [12.46446, 41.8986069], [12.464833, 41.8980709], [12.4651355, 41.8976574], [12.4654734, 41.8972014], [12.4656516, 41.8969719], [12.4657935, 41.8968097], [12.4658574, 41.8967409], [12.4659738, 41.8966266], [12.4662792, 41.8963886], [12.4662986, 41.8963708], [12.4664511, 41.8962311], [12.4664764, 41.8961985], [12.4665104, 41.8961701], [12.4671222, 41.8956991], [12.4671799, 41.8956548], [12.4674766, 41.8954264], [12.4680667, 41.8949836], [12.4682416, 41.8948524], [12.4684626, 41.8946865], [12.4695487, 41.8938182], [12.4696694, 41.8937238], [12.4697244, 41.8936806], [12.470363, 41.893179], [12.4706936, 41.8929078], [12.4708594, 41.8927984], [12.470922, 41.892774], [12.4709726, 41.8927342], [12.4712086, 41.8925268], [12.471363, 41.8924343], [12.471431, 41.8923596], [12.4715154, 41.8922776], [12.4716177, 41.8921975], [12.4717767, 41.8920967], [12.4718683, 41.8920403], [12.471961, 41.8919857], [12.4721, 41.8919146], [12.4722403, 41.8918472], [12.4723999, 41.8917796], [12.472534, 41.8917302], [12.472649, 41.8916914], [12.4727952, 41.8916486], [12.472939, 41.8916132], [12.4730446, 41.8915897], [12.4730959, 41.8915814], [12.4731848, 41.8915635], [12.4732762, 41.8915484], [12.4734851, 41.8915213], [12.4736523, 41.8915085], [12.4738058, 41.8915022], [12.4739645, 41.8914993], [12.4744238, 41.8915047], [12.4747052, 41.891499], [12.4747439, 41.8914993], [12.4748877, 41.8915008], [12.4751673, 41.8915153], [12.4753831, 41.8915303], [12.4755843, 41.891549], [12.4758439, 41.8915758], [12.4760311, 41.8915999], [12.4762218, 41.8916214], [12.4763604, 41.8916329], [12.4764727, 41.8916387], [12.476512, 41.8916399], [12.4766126, 41.8916418], [12.4767346, 41.8916404], [12.4768434, 41.8916343], [12.4769463, 41.891626], [12.4770617, 41.8916148], [12.4771778, 41.8915984], [12.4773144, 41.8915753], [12.4774443, 41.8915526], [12.4775845, 41.8915236], [12.4777121, 41.8914919], [12.4778483, 41.8914526], [12.4779438, 41.8913833], [12.4780042, 41.8913587], [12.4780753, 41.8913217], [12.4781629, 41.8912718], [12.4782456, 41.8912352], [12.4783138, 41.8912064], [12.478336, 41.8911932], [12.4783959, 41.891153], [12.4784183, 41.891138], [12.4784805, 41.8910567], [12.4785199, 41.8910285], [12.4785626, 41.8910114], [12.4786169, 41.8909943], [12.4786606, 41.8909618], [12.4786858, 41.8909209], [12.4787285, 41.8908867], [12.4787778, 41.8908733], [12.4788256, 41.890837], [12.47886, 41.8908036], [12.4789059, 41.8907669], [12.4789881, 41.8907253], [12.4790715, 41.8906593], [12.4792798, 41.8904467], [12.479403, 41.8902984], [12.4795551, 41.8900872], [12.4796794, 41.8898705], [12.479878, 41.889591], [12.4800051, 41.8892889], [12.480103, 41.8889484], [12.4801439, 41.8887546], [12.4801678, 41.8884535], [12.480164, 41.8881573], [12.480113, 41.887779], [12.4800566, 41.8875383], [12.4799804, 41.887296], [12.4798876, 41.8870927], [12.4797823, 41.8868834], [12.4794724, 41.8865972], [12.4794071, 41.8864119], [12.4793071, 41.8862588], [12.4788906, 41.8857752], [12.4786879, 41.8855776], [12.4784668, 41.885338], [12.4779876, 41.8849453], [12.4773881, 41.8845353], [12.4772111, 41.8844057], [12.4771345, 41.8842982], [12.4770841, 41.8842575], [12.4770336, 41.8842238], [12.4769777, 41.8841759], [12.4768412, 41.8840728], [12.4765785, 41.8838934], [12.4762629, 41.8836261], [12.4759737, 41.883451], [12.4756114, 41.8832106], [12.4743007, 41.8823653], [12.4739605, 41.8821346], [12.473619, 41.8819052], [12.4731358, 41.8815228], [12.4722785, 41.8808445], [12.4715616, 41.8802266], [12.4708859, 41.8795011], [12.4706261, 41.8791642], [12.4705209, 41.8788188], [12.4703787, 41.8785594], [12.4702255, 41.8777483], [12.4702241, 41.8774124], [12.4702903, 41.8770145], [12.4706849, 41.8756781], [12.4708278, 41.8752207]]]]}}, {"type": "Feature", "properties": {}, "geometry": {"type": "MultiPolygon", "coordinates": [[[[12.4450584, 41.8848124], [12.4450489, 41.8850007], [12.4451063, 41.8850029], [12.445159, 41.885005], [12.445164, 41.884914], [12.4451742, 41.8848669], [12.4452161, 41.8847751], [12.4452278, 41.8846824], [12.4452472, 41.8845837], [12.4452722, 41.8843809], [12.4452743, 41.884328], [12.4452849, 41.884275], [12.4453019, 41.8842226], [12.4453246, 41.8841745], [12.4453718, 41.8841145], [12.4454246, 41.8840587], [12.4454696, 41.8840192], [12.4454975, 41.8839712], [12.4455283, 41.8839243], [12.4455477, 41.8838753], [12.4455643, 41.8837821], [12.4455769, 41.8837221], [12.4455895, 41.883662], [12.4456048, 41.8835835], [12.44562, 41.8835029], [12.4456373, 41.8834398], [12.4456659, 41.8833787], [12.4457188, 41.8833115], [12.4458338, 41.8832391], [12.4459254, 41.8831664], [12.4459461, 41.8831346], [12.4459498, 41.8831027], [12.4459475, 41.8830664], [12.4459254, 41.88303], [12.4458094, 41.8830072], [12.4456872, 41.8829845], [12.4455822, 41.8829856], [12.4455055, 41.8829994], [12.4453966, 41.8830535], [12.4453685, 41.8830443], [12.445366, 41.8830211], [12.445352, 41.8829875], [12.4453239, 41.882956], [12.4452537, 41.8829316], [12.4451417, 41.8829335], [12.4450847, 41.8829706], [12.4450177, 41.8830032], [12.4449563, 41.8830378], [12.4448971, 41.8830803], [12.4448578, 41.883127], [12.4448163, 41.8832102], [12.4447705, 41.8833281], [12.4447159, 41.8834706], [12.4446407, 41.883597], [12.4445615, 41.8837398], [12.4444614, 41.8838204], [12.444307, 41.8839272], [12.444249, 41.8839879], [12.4442473, 41.8840356], [12.4442679, 41.8841065], [12.4443348, 41.8842012], [12.4444532, 41.8842898], [12.4446358, 41.8844094], [12.4448104, 41.8844965], [12.4449705, 41.8846412], [12.4450455, 41.8847236], [12.4450584, 41.8848124]]]]}}, {"type": "Feature", "properties": {}, "geometry": {"type": "MultiPolygon", "coordinates": [[[[12.4743272, 41.9656659], [12.474399, 41.9657212], [12.4745073, 41.965776], [12.4745539, 41.9658565], [12.4745615, 41.965979], [12.4745192, 41.9661183], [12.4744597, 41.9662134], [12.4743838, 41.9663084], [12.4743611, 41.9663736], [12.4743264, 41.9664824], [12.4742863, 41.9665508], [12.4742365, 41.9666145], [12.4741845, 41.9666499], [12.4741715, 41.9666958], [12.4741585, 41.9667474], [12.4741152, 41.9667852], [12.4740783, 41.9667973], [12.474061, 41.9667925], [12.4740502, 41.966757], [12.4739646, 41.9665951], [12.4738563, 41.9663277], [12.4738357, 41.9662746], [12.4738411, 41.9662407], [12.4739202, 41.9660337], [12.4739419, 41.965958], [12.4740014, 41.9657841], [12.4740188, 41.9657357], [12.4740816, 41.9656737], [12.4741444, 41.9656479], [12.4741932, 41.965627], [12.4742105, 41.9655899], [12.4742603, 41.9655118], [12.4743123, 41.965536], [12.4743004, 41.9656004], [12.4743272, 41.9656659]]]]}}, {"type": "Feature", "properties": {}, "geometry": {"type": "MultiPolygon", "coordinates": [[[[12.4743024, 41.9656468], [12.4742883, 41.9656136], [12.4742872, 41.9655911], [12.4743002, 41.9655444], [12.4742688, 41.9655339], [12.4742634, 41.9655685], [12.4742298, 41.9655863], [12.4742309, 41.9656306], [12.4742092, 41.9656457], [12.4741402, 41.9656608], [12.4740643, 41.9657453], [12.4740481, 41.9657766], [12.4740305, 41.9657826], [12.4739641, 41.9659135], [12.4739506, 41.9659789], [12.473891, 41.966144], [12.4738951, 41.9661642], [12.4739262, 41.9661662], [12.4739682, 41.9662004], [12.4739709, 41.9662558], [12.4739479, 41.9662709], [12.4738802, 41.9662528], [12.4738517, 41.9662618], [12.4738517, 41.966289], [12.4738748, 41.9663192], [12.47391, 41.9663172], [12.4739452, 41.9663303], [12.4739504, 41.9663628], [12.4739211, 41.9664063], [12.4739233, 41.9664514], [12.4739904, 41.9665432], [12.4740858, 41.9665674], [12.4741334, 41.9665569], [12.4741952, 41.9665231], [12.4742169, 41.9665046], [12.4742049, 41.9664764], [12.4742212, 41.9664474], [12.4742667, 41.9664289], [12.4742981, 41.9663854], [12.4743241, 41.9662943], [12.4743111, 41.9662758], [12.4743252, 41.9662508], [12.4743837, 41.9661945], [12.4744411, 41.9661477], [12.4744877, 41.9660881], [12.4745332, 41.9659472], [12.4745256, 41.9658836], [12.4744714, 41.9658135], [12.4742981, 41.9657346], [12.4742862, 41.9656991], [12.4743057, 41.9656621], [12.4743024, 41.9656468]]]]}}, {"type": "Feature", "properties": {}, "geometry": {"type": "MultiPolygon", "coordinates": [[[[12.5100492, 41.9166323], [12.510061, 41.9166549], [12.510042, 41.916667], [12.5100102, 41.9166626], [12.5099904, 41.9166737], [12.510002, 41.9167089], [12.510028, 41.9167189], [12.5100338, 41.9167622], [12.5100558, 41.9168029], [12.5100792, 41.916825], [12.5101174, 41.9168392], [12.5101587, 41.9168342], [12.5101863, 41.9168149], [12.5102008, 41.9167803], [12.5101879, 41.9167504], [12.5101963, 41.9167289], [12.5102205, 41.9167229], [12.5102644, 41.9167369], [12.5102993, 41.9167369], [12.5103235, 41.9167076], [12.5103217, 41.9166556], [12.5102948, 41.9165664], [12.5102465, 41.9165071], [12.5101999, 41.9164864], [12.5101354, 41.9164751], [12.5100969, 41.9164818], [12.5100817, 41.9164957], [12.5100978, 41.91655], [12.510093, 41.9165723], [12.5100453, 41.9165792], [12.5100118, 41.916566], [12.5099937, 41.916547], [12.5099654, 41.9165417], [12.5099427, 41.9165522], [12.5099303, 41.9165688], [12.5099419, 41.9165929], [12.5099631, 41.9166116], [12.5100061, 41.9166246], [12.5100492, 41.9166323]]]]}}, {"type": "Feature", "properties": {}, "geometry": {"type": "MultiPolygon", "coordinates": [[[[12.4767666, 41.8992849], [12.4767645, 41.89928], [12.4767605, 41.8992758], [12.4767548, 41.8992726], [12.4767468, 41.8992706], [12.4767435, 41.8992704], [12.4767349, 41.8992716], [12.476731, 41.8992731], [12.4767266, 41.8992758], [12.4767238, 41.8992785], [12.4767218, 41.8992815], [12.4767064, 41.8992804], [12.4767047, 41.8992926], [12.4766979, 41.8992943], [12.4766923, 41.8992972], [12.4766879, 41.8993014], [12.4766852, 41.8993074], [12.476685, 41.8993098], [12.4766866, 41.8993163], [12.4766886, 41.8993192], [12.4766922, 41.8993224], [12.4766958, 41.8993245], [12.4767002, 41.8993262], [12.4766987, 41.8993369], [12.4767137, 41.899338], [12.4767159, 41.8993432], [12.4767199, 41.8993473], [12.4767255, 41.8993506], [12.4767336, 41.8993525], [12.4767368, 41.8993527], [12.4767455, 41.8993514], [12.4767494, 41.8993499], [12.4767538, 41.8993473], [12.4767566, 41.8993445], [12.4767587, 41.8993414], [12.4767739, 41.8993425], [12.4767755, 41.8993314], [12.4767822, 41.8993298], [12.4767878, 41.8993269], [12.4767921, 41.8993227], [12.4767948, 41.8993167], [12.476795, 41.8993143], [12.4767933, 41.8993078], [12.4767913, 41.8993049], [12.4767877, 41.8993017], [12.4767841, 41.8992995], [12.47678, 41.899298], [12.4767816, 41.899286], [12.4767666, 41.8992849]]]]}}, {"type": "Feature", "properties": {}, "geometry": {"type": "MultiPolygon", "coordinates": [[[[12.4868047, 41.8903404], [12.4868041, 41.8903387], [12.4867967, 41.8903316], [12.4868066, 41.890326], [12.486808, 41.890324], [12.4868115, 41.8903208], [12.486815, 41.8903187], [12.4868197, 41.8903167], [12.486825, 41.8903154], [12.4868343, 41.8903101], [12.486841, 41.8903165], [12.4868457, 41.8903184], [12.4868496, 41.8903208], [12.4868536, 41.8903246], [12.486856, 41.8903284], [12.4868573, 41.8903322], [12.4868636, 41.8903384], [12.4868552, 41.8903433], [12.4868532, 41.890346], [12.4868496, 41.8903492], [12.4868454, 41.8903518], [12.486841, 41.8903536], [12.486835, 41.8903548], [12.486826, 41.8903599], [12.486819, 41.8903532], [12.4868139, 41.8903508], [12.4868047, 41.8903404]]], [[[12.4868139, 41.8903508], [12.4868114, 41.8903492], [12.4868078, 41.8903458], [12.4868053, 41.890342], [12.4868047, 41.8903404], [12.4868139, 41.8903508]]]]}}, {"type": "Feature", "properties": {}, "geometry": {"type": "MultiPolygon", "coordinates": [[[[12.4872342, 41.8903778], [12.4872513, 41.8903783], [12.4872645, 41.8903851], [12.4872805, 41.8903859], [12.4872949, 41.8903806], [12.4873037, 41.8903706], [12.4873044, 41.8903587], [12.4873139, 41.8903501], [12.4872342, 41.8903778]]]]}}, {"type": "Feature", "properties": {}, "geometry": {"type": "MultiPolygon", "coordinates": [[[[12.4656805, 41.8294919], [12.4662275, 41.8293335], [12.4661811, 41.828961], [12.4664702, 41.8288764], [12.4656805, 41.8294919]]], [[[12.4649115, 41.8297145], [12.4650415, 41.8296769], [12.4649371, 41.82957], [12.4649707, 41.8295606], [12.4650735, 41.8296676], [12.4656805, 41.8294919], [12.4649115, 41.8297145]]], [[[12.463785, 41.8297388], [12.4643274, 41.8295886], [12.4647469, 41.8294724], [12.4647426, 41.8294636], [12.4648503, 41.8294331], [12.4648991, 41.8294835], [12.4648616, 41.8294937], [12.4648586, 41.8294903], [12.4648029, 41.8295054], [12.4648094, 41.829518], [12.4647871, 41.8295244], [12.4647974, 41.8295442], [12.4648197, 41.8295379], [12.4648287, 41.8295553], [12.4648066, 41.8295617], [12.4648195, 41.8295865], [12.4648416, 41.8295801], [12.4648507, 41.8295976], [12.4648287, 41.8296041], [12.4648392, 41.8296242], [12.4648613, 41.8296179], [12.4648695, 41.8296337], [12.4648475, 41.8296401], [12.4648594, 41.8296629], [12.4648813, 41.8296564], [12.4648901, 41.8296733], [12.4648681, 41.8296795], [12.4648768, 41.8296964], [12.4648988, 41.8296901], [12.4649115, 41.8297145], [12.463785, 41.8297388]]], [[[12.4647017, 41.8287218], [12.4647128, 41.8287424], [12.4644956, 41.8288132], [12.464523, 41.8288648], [12.464358, 41.8289137], [12.4647017, 41.8287218]]], [[[12.4645511, 41.8285454], [12.4644909, 41.8285619], [12.4645089, 41.8286968], [12.4644746, 41.8287068], [12.464453, 41.8285731], [12.4643426, 41.8286095], [12.4643161, 41.8286448], [12.4643972, 41.82881], [12.4647017, 41.8287218], [12.4645511, 41.8285454]]], [[[12.4662492, 41.8284386], [12.4659488, 41.8285294], [12.4656562, 41.8282326], [12.4645511, 41.8285454], [12.4662492, 41.8284386]]], [[[12.4693943, 41.8275219], [12.4691747, 41.8275905], [12.4690441, 41.8274741], [12.4688684, 41.8273757], [12.4687273, 41.827334], [12.4682889, 41.8274629], [12.4682928, 41.8274787], [12.4679025, 41.8275939], [12.467914, 41.8276164], [12.4678841, 41.827628], [12.467791, 41.8276642], [12.467678, 41.8276879], [12.4676379, 41.8276963], [12.4676268, 41.8276764], [12.4672298, 41.8277921], [12.4672221, 41.8277806], [12.466777, 41.8278997], [12.4667284, 41.827985], [12.4666895, 41.8280828], [12.4666769, 41.8281733], [12.4666874, 41.8283076], [12.4664763, 41.8283716], [12.4693943, 41.8275219]]], [[[12.4706881, 41.8267633], [12.469852, 41.8270046], [12.4698953, 41.8273733], [12.4696264, 41.8274548], [12.4706881, 41.8267633]]], [[[12.4707345, 41.8267471], [12.470819, 41.8268446], [12.4707836, 41.8268568], [12.4706881, 41.8267633], [12.4707345, 41.8267471]]], [[[12.4712937, 41.8278408], [12.4714417, 41.8277979], [12.4713554, 41.8276131], [12.4712558, 41.8276346], [12.471218, 41.8274826], [12.4713108, 41.8274315], [12.4713933, 41.8275598], [12.4715218, 41.8275296], [12.4713701, 41.8272268], [12.4713371, 41.8272311], [12.4713101, 41.8271794], [12.4713347, 41.8271638], [12.4711782, 41.8268639], [12.4710143, 41.8269061], [12.4710793, 41.8270302], [12.4709828, 41.8270567], [12.4708569, 41.8269239], [12.4709643, 41.8268875], [12.4708709, 41.8267083], [12.4707345, 41.8267471], [12.4712937, 41.8278408]]], [[[12.4712555, 41.827851], [12.4712419, 41.8277351], [12.4712746, 41.827727], [12.4712937, 41.8278408], [12.4712555, 41.827851]]], [[[12.4698436, 41.8278916], [12.4701208, 41.8278152], [12.4704177, 41.8280921], [12.4712555, 41.827851], [12.4698436, 41.8278916]]], [[[12.4694103, 41.8282321], [12.4694147, 41.828022], [12.4695552, 41.8279789], [12.4696128, 41.8279607], [12.4697402, 41.8279226], [12.4698436, 41.8278916], [12.4694103, 41.8282321]]], [[[12.4694103, 41.8282321], [12.469329, 41.8284353], [12.4673508, 41.8290084], [12.4671968, 41.8289558], [12.4670896, 41.8288934], [12.4694103, 41.8282321]]], [[[12.4664702, 41.8288764], [12.4667018, 41.8288087], [12.4667163, 41.8288045], [12.4669158, 41.8287461], [12.4669588, 41.8287909], [12.4670021, 41.8288296], [12.4670896, 41.8288934], [12.4664702, 41.8288764]]]]}}, {"type": "Feature", "properties": {}, "geometry": {"type": "MultiPolygon", "coordinates": [[[[12.4672938, 41.82679], [12.4673127, 41.8268229], [12.4673348, 41.8268804], [12.4673387, 41.8269106], [12.4673647, 41.8269063], [12.4673889, 41.8268976], [12.4674149, 41.8268876], [12.4674043, 41.8268754], [12.4673918, 41.8268588], [12.4673667, 41.8268423], [12.4673541, 41.826825], [12.4673474, 41.8267999], [12.46733, 41.8267855], [12.4673148, 41.8267756], [12.4672938, 41.82679]]]]}}, {"type": "Feature", "properties": {}, "geometry": {"type": "MultiPolygon", "coordinates": [[[[12.4675354, 41.8268503], [12.4674944, 41.8268781], [12.4674445, 41.8269024], [12.4673897, 41.8269227], [12.467338, 41.8269341], [12.4672848, 41.8269397], [12.4672239, 41.826943], [12.4675354, 41.8268503]]], [[[12.4672239, 41.826943], [12.4672009, 41.8269645], [12.467175, 41.8270072], [12.4672186, 41.8270773], [12.4672445, 41.8270916], [12.4672745, 41.8271211], [12.4673346, 41.8271353], [12.4673803, 41.8271289], [12.4672239, 41.826943]]], [[[12.4673803, 41.8271289], [12.4673978, 41.8270975], [12.4674276, 41.8270718], [12.4674666, 41.8270542], [12.4675111, 41.8270467], [12.4675565, 41.8270499], [12.4675983, 41.8270635], [12.4673803, 41.8271289]]], [[[12.4675354, 41.8268503], [12.4675583, 41.82687], [12.4676524, 41.8269157], [12.4676729, 41.8269676], [12.4676579, 41.8269909], [12.4676319, 41.8270103], [12.4676088, 41.8270448], [12.4675983, 41.8270635], [12.4675354, 41.8268503]]]]}}, {"type": "Feature", "properties": {}, "geometry": {"type": "MultiPolygon", "coordinates": [[[[12.4669588, 41.8264152], [12.4669329, 41.8264519], [12.4669343, 41.8265037], [12.4669711, 41.8265871], [12.4670584, 41.8266318], [12.4671007, 41.8266216], [12.4671139, 41.826662], [12.4669588, 41.8264152]]], [[[12.4671139, 41.826662], [12.4671988, 41.8267223], [12.4672229, 41.826754], [12.4672605, 41.8267798], [12.4671139, 41.826662]]], [[[12.4672798, 41.8263148], [12.4673613, 41.8263777], [12.4673681, 41.8264183], [12.467379, 41.8264488], [12.4673858, 41.8264813], [12.4673585, 41.82652], [12.4672798, 41.8263148]]], [[[12.4672798, 41.8263148], [12.4672345, 41.826345], [12.4671813, 41.8263729], [12.4671264, 41.8263931], [12.4670645, 41.8264074], [12.467001, 41.8264147], [12.4669588, 41.8264152], [12.4672798, 41.8263148]]], [[[12.4672913, 41.8267574], [12.467276, 41.8267187], [12.4673088, 41.8266396], [12.4673107, 41.8266216], [12.4673049, 41.8265569], [12.4673319, 41.8265325], [12.4673585, 41.82652], [12.4672913, 41.8267574]]]]}}, {"type": "Feature", "properties": {}, "geometry": {"type": "MultiPolygon", "coordinates": [[[[12.4833372, 41.9150251], [12.4833474, 41.9149529], [12.4834597, 41.9148655], [12.4835057, 41.9147516], [12.48347, 41.9146262], [12.4833883, 41.9145578], [12.4832439, 41.9145269], [12.4830374, 41.9144566], [12.4828245, 41.9144457], [12.4826267, 41.9144512], [12.4825505, 41.9144554], [12.4824765, 41.914472], [12.4824395, 41.9144932], [12.482425, 41.9145037], [12.4824096, 41.914515], [12.4823707, 41.9145354], [12.4823355, 41.9145516], [12.4823251, 41.9146143], [12.4823342, 41.9146634], [12.4823664, 41.9147133], [12.482432, 41.91478], [12.4824775, 41.9149342], [12.4825682, 41.9150825], [12.4826327, 41.9151577], [12.482658, 41.9151706], [12.4828033, 41.9152274], [12.4829536, 41.9152681], [12.4830831, 41.9152695], [12.4831622, 41.9152441], [12.4831889, 41.9152214], [12.4831924, 41.9151967], [12.4831694, 41.9151605], [12.4831838, 41.9151259], [12.4832173, 41.9151136], [12.4832556, 41.9151183], [12.4832835, 41.9151244], [12.4832953, 41.9151381], [12.4833078, 41.9151418], [12.4833738, 41.9151541], [12.4834156, 41.9151549], [12.4834697, 41.9151359], [12.4834858, 41.9151259], [12.4834937, 41.9151105], [12.4834724, 41.915078], [12.4834379, 41.9150665], [12.4833839, 41.9150573], [12.4833372, 41.9150251]]]]}}, {"type": "Feature", "properties": {}, "geometry": {"type": "MultiPolygon", "coordinates": [[[[12.4729678, 41.8998511], [12.4729673, 41.8998625], [12.4729903, 41.8998629], [12.4729974, 41.8998695], [12.4730064, 41.8998732], [12.4730201, 41.8998746], [12.473031, 41.8998732], [12.4730406, 41.8998705], [12.4730437, 41.8998672], [12.4730456, 41.8998637], [12.4730688, 41.899864], [12.4730695, 41.8998529], [12.4730827, 41.899843], [12.4730909, 41.8998431], [12.4730913, 41.899825], [12.4730971, 41.8998232], [12.4731018, 41.8998202], [12.4731066, 41.8998149], [12.4731097, 41.8998085], [12.4731105, 41.8997992], [12.4731082, 41.8997895], [12.473105, 41.8997814], [12.4730998, 41.8997766], [12.4730968, 41.8997744], [12.4730931, 41.8997725], [12.4730931, 41.8997526], [12.4730794, 41.8997525], [12.4730699, 41.8997431], [12.4730702, 41.8997319], [12.473049, 41.8997315], [12.4730471, 41.8997273], [12.4730432, 41.8997242], [12.4730374, 41.8997218], [12.4730262, 41.8997206], [12.4730176, 41.8997209], [12.4730103, 41.8997224], [12.4730053, 41.8997235], [12.473002, 41.8997253], [12.4729988, 41.899728], [12.4729975, 41.8997306], [12.4729759, 41.8997305], [12.4729758, 41.8997416], [12.4729645, 41.8997507], [12.4729496, 41.8997507], [12.4729495, 41.89977], [12.4729435, 41.8997728], [12.4729392, 41.8997757], [12.4729361, 41.8997787], [12.4729337, 41.8997821], [12.4729315, 41.8997875], [12.4729311, 41.8997926], [12.4729308, 41.8997976], [12.4729316, 41.8998025], [12.4729324, 41.8998069], [12.4729345, 41.8998109], [12.4729392, 41.8998164], [12.4729431, 41.8998201], [12.4729468, 41.8998231], [12.4729461, 41.8998412], [12.4729574, 41.8998415], [12.4729678, 41.8998511]]], [[[12.4730193, 41.8998449], [12.4730265, 41.8998428], [12.4730314, 41.8998382], [12.4730415, 41.8998385], [12.4730419, 41.899832], [12.4730474, 41.8998258], [12.4730515, 41.8998211], [12.4730628, 41.8998213], [12.4730633, 41.8998088], [12.4730701, 41.8998086], [12.473074, 41.8998044], [12.4730747, 41.8998001], [12.4730745, 41.8997978], [12.4730743, 41.8997958], [12.4730708, 41.8997914], [12.473064, 41.8997908], [12.4730647, 41.8997783], [12.4730534, 41.8997779], [12.4730485, 41.8997714], [12.4730455, 41.8997665], [12.4730459, 41.8997596], [12.4730351, 41.8997592], [12.4730306, 41.899755], [12.4730237, 41.899753], [12.4730176, 41.8997544], [12.4730126, 41.8997585], [12.473002, 41.8997582], [12.4730016, 41.8997651], [12.4729976, 41.8997702], [12.4729924, 41.8997759], [12.4729811, 41.8997757], [12.4729805, 41.8997882], [12.4729737, 41.8997884], [12.4729697, 41.8997925], [12.472969, 41.8997968], [12.4729692, 41.8998011], [12.4729726, 41.8998055], [12.4729794, 41.8998062], [12.4729784, 41.8998187], [12.4729897, 41.8998192], [12.4729939, 41.899825], [12.472998, 41.8998307], [12.4729976, 41.8998372], [12.4730076, 41.8998375], [12.473012, 41.8998424], [12.4730193, 41.8998449]]]]}}, {"type": "Feature", "properties": {}, "geometry": {"type": "MultiPolygon", "coordinates": [[[[12.4891627, 41.9196128], [12.4891765, 41.9196156], [12.4891903, 41.9196146], [12.4892024, 41.9196094], [12.4892129, 41.9195994], [12.4892162, 41.9195901], [12.489217, 41.9195826], [12.4892262, 41.9195789], [12.4892204, 41.9195739], [12.489225, 41.9195665], [12.4892212, 41.9195547], [12.489212, 41.9195522], [12.4892024, 41.919555], [12.4891966, 41.9195488], [12.489187, 41.9195531], [12.4891753, 41.9195481], [12.4891569, 41.91955], [12.4891381, 41.9195578], [12.4891314, 41.9195686], [12.4891293, 41.9195767], [12.4891356, 41.9195836], [12.4891235, 41.9195876], [12.4891298, 41.9195916], [12.4891239, 41.9195994], [12.4891252, 41.9196087], [12.4891331, 41.9196128], [12.4891423, 41.919614], [12.489149, 41.9196115], [12.4891515, 41.9196153], [12.4891627, 41.9196128]]]]}}, {"type": "Feature", "properties": {}, "geometry": {"type": "MultiPolygon", "coordinates": [[[[12.4908367, 41.9202376], [12.4908434, 41.9202383], [12.4908524, 41.920238], [12.4908543, 41.9202341], [12.4908612, 41.9202313], [12.4908618, 41.9202262], [12.4908617, 41.9202221], [12.490858, 41.9202198], [12.490855, 41.9202173], [12.4908532, 41.9202134], [12.4908454, 41.9202122], [12.4908381, 41.920213], [12.4908356, 41.9202164], [12.4908328, 41.920219], [12.4908277, 41.9202202], [12.4908271, 41.9202257], [12.4908278, 41.9202306], [12.4908337, 41.9202322], [12.4908367, 41.9202376]]]]}}, {"type": "Feature", "properties": {}, "geometry": {"type": "MultiPolygon", "coordinates": [[[[12.4794504, 41.8893951], [12.4794449, 41.8894149], [12.4794501, 41.8894305], [12.4794621, 41.8894447], [12.4794829, 41.889452], [12.4795176, 41.8894566], [12.4795515, 41.8894507], [12.4795964, 41.8894345], [12.4796297, 41.8894116], [12.4796578, 41.8893725], [12.4796782, 41.8893362], [12.4796913, 41.8892873], [12.4796869, 41.8892398], [12.4796578, 41.889209], [12.4796196, 41.8892006], [12.479571, 41.8892065], [12.4795369, 41.8892152], [12.479505, 41.8892343], [12.4794826, 41.8892499], [12.4794663, 41.8892738], [12.4794619, 41.8892936], [12.4794573, 41.8893067], [12.4794504, 41.8893951]]], [[[12.4793461, 41.889288], [12.4793613, 41.8892615], [12.4793581, 41.8892401], [12.4793376, 41.8892243], [12.4793099, 41.8892149], [12.4792762, 41.8892137], [12.4792458, 41.8892165], [12.4792116, 41.8892284], [12.4791879, 41.8892493], [12.4791755, 41.8892662], [12.4791652, 41.8892869], [12.4791649, 41.8893128], [12.4791689, 41.8893453], [12.4791731, 41.8893765], [12.4791753, 41.889399], [12.4791799, 41.8894167], [12.4791961, 41.8894244], [12.4792157, 41.8894228], [12.4792392, 41.8894106], [12.4792587, 41.8893983], [12.4792744, 41.8893924], [12.4792897, 41.8893913], [12.4793032, 41.8893879], [12.4793145, 41.8893815], [12.479322, 41.8893735], [12.4793461, 41.889288]]], [[[12.4794504, 41.8893951], [12.4795216, 41.8894072], [12.4795475, 41.889322], [12.4794573, 41.8893067], [12.4794504, 41.8893951]]], [[[12.4793461, 41.889288], [12.479224, 41.8892673], [12.479198, 41.8893525], [12.479322, 41.8893735], [12.4793461, 41.889288]]], [[[12.4709726, 41.8927342], [12.470896, 41.8927537], [12.4708315, 41.8927751], [12.4707421, 41.8928122], [12.4706585, 41.8928668], [12.4705867, 41.8929323], [12.4705324, 41.892989], [12.4704225, 41.8930578], [12.4702715, 41.8931833], [12.4701087, 41.8933132], [12.4700296, 41.8933721], [12.4699519, 41.8934147], [12.4698859, 41.8934812], [12.4698316, 41.8935511], [12.4697583, 41.8936264], [12.4697244, 41.8936806], [12.470363, 41.893179], [12.4706936, 41.8929078], [12.4708594, 41.8927984], [12.470922, 41.892774], [12.4709726, 41.8927342]]], [[[12.4640161, 41.8999282], [12.4640038, 41.8999645], [12.4639968, 41.8999988], [12.4639962, 41.9000306], [12.4640032, 41.900062], [12.4640162, 41.90009], [12.4640325, 41.9001104], [12.4640435, 41.9001272], [12.4640519, 41.9001464], [12.4640564, 41.9001649], [12.464064, 41.9001879], [12.4640752, 41.9002044], [12.4640902, 41.9002192], [12.4640999, 41.9002366], [12.4641043, 41.9002554], [12.4641164, 41.9002754], [12.4641401, 41.9002958], [12.4641601, 41.9003055], [12.464103, 41.9002002], [12.4640672, 41.9001184], [12.4640473, 41.9000565], [12.4640333, 41.9000084], [12.4640209, 41.8999607], [12.4640161, 41.8999282]]], [[[12.46446, 41.8986069], [12.4643443, 41.8987738], [12.4642685, 41.898889], [12.4642089, 41.8989913], [12.4641271, 41.89914], [12.4640981, 41.8992154], [12.4640782, 41.8992752], [12.4640574, 41.899368], [12.4640267, 41.899521], [12.4640101, 41.8996629], [12.4639748, 41.8996626], [12.4639728, 41.8996324], [12.4639601, 41.8995914], [12.4639481, 41.8995582], [12.463947, 41.8995315], [12.4639543, 41.899498], [12.4639735, 41.8994741], [12.463998, 41.8994482], [12.4640165, 41.8994209], [12.4640284, 41.8993897], [12.464025, 41.8993565], [12.4640197, 41.8993243], [12.4640213, 41.8993021], [12.4640349, 41.8992723], [12.4640579, 41.8992358], [12.4640735, 41.8992021], [12.4640933, 41.8991722], [12.4641091, 41.8991297], [12.4641149, 41.8991096], [12.4641197, 41.8990871], [12.4641191, 41.8990594], [12.4641175, 41.8990307], [12.4641121, 41.8990011], [12.4641136, 41.8989649], [12.4641308, 41.8989356], [12.464159, 41.898903], [12.4641905, 41.8988656], [12.464234, 41.8988181], [12.4642614, 41.8987914], [12.4642968, 41.898766], [12.4643333, 41.8987379], [12.4643656, 41.8987102], [12.4643874, 41.8986767], [12.4643809, 41.8986397], [12.4643572, 41.8985919], [12.464363, 41.8985651], [12.4643927, 41.8985405], [12.46445, 41.8985053], [12.464479, 41.8984888], [12.4645196, 41.8984419], [12.4645574, 41.8983703], [12.4645848, 41.8982997], [12.4646235, 41.8982319], [12.464662, 41.8981745], [12.4646993, 41.8981357], [12.4647332, 41.8981], [12.4647649, 41.8980634], [12.4647834, 41.8980105], [12.4648034, 41.8979728], [12.4648345, 41.8979288], [12.4648641, 41.8979051], [12.4649061, 41.8978717], [12.4649414, 41.8978508], [12.4649785, 41.8978127], [12.465022, 41.8977561], [12.4650462, 41.8977211], [12.4650535, 41.8976839], [12.4650526, 41.8976522], [12.4650636, 41.8976204], [12.4650937, 41.8976032], [12.4651325, 41.8975872], [12.4651653, 41.8975637], [12.4651995, 41.8975338], [12.4652177, 41.8975004], [12.4652291, 41.8974698], [12.4652575, 41.8974385], [12.4653045, 41.897403], [12.4653283, 41.8973823], [12.4653499, 41.8973474], [12.4653651, 41.8973097], [12.465381, 41.8972777], [12.4654025, 41.8972507], [12.4654325, 41.8972256], [12.465461, 41.8972063], [12.4654713, 41.8971752], [12.4654768, 41.8971435], [12.4654927, 41.8971135], [12.4655163, 41.8970889], [12.4655393, 41.8970693], [12.4655643, 41.8970453], [12.4655864, 41.8970275], [12.4656142, 41.8970013], [12.4656516, 41.8969719], [12.4654734, 41.8972014], [12.4651355, 41.8976574], [12.464833, 41.8980709], [12.46446, 41.8986069]]], [[[12.4630254, 41.8991518], [12.4630475, 41.8991678], [12.4630561, 41.8991894], [12.4630529, 41.8992286], [12.4630453, 41.8992701], [12.4630458, 41.8992891], [12.4630385, 41.8993282], [12.4630248, 41.8993596], [12.4630051, 41.8993911], [12.4629894, 41.899426], [12.4629729, 41.899453], [12.4629406, 41.8994807], [12.4629668, 41.8994055], [12.4629884, 41.8992839], [12.463018, 41.8991811], [12.4630254, 41.8991518]]], [[[12.462955, 41.899828], [12.4630304, 41.899829], [12.4630895, 41.8998469], [12.4631525, 41.8998892], [12.463198, 41.8999506], [12.4632114, 41.8999854], [12.4632222, 41.9000318], [12.4632173, 41.9001385], [12.4632152, 41.900187], [12.4632207, 41.9002351], [12.463222, 41.900309], [12.4632115, 41.9004136], [12.4632093, 41.9004895], [12.4632182, 41.9005525], [12.4632369, 41.9006137], [12.4632517, 41.9006457], [12.4632868, 41.9006808], [12.4633215, 41.9007004], [12.4633642, 41.9007149], [12.4634098, 41.9007331], [12.4634394, 41.9007456], [12.4634906, 41.9007792], [12.4635389, 41.9008165], [12.4635847, 41.9008619], [12.4636082, 41.9008936], [12.4636338, 41.9009303], [12.463658, 41.9009784], [12.4636832, 41.9010574], [12.4637142, 41.9011247], [12.4637451, 41.9011694], [12.4637837, 41.9012098], [12.463816, 41.9012423], [12.4638339, 41.901267], [12.463847, 41.9012929], [12.4638521, 41.9013191], [12.4638559, 41.9013431], [12.4637059, 41.9012205], [12.4635852, 41.9011135], [12.4634958, 41.9010339], [12.4635221, 41.9010283], [12.4635382, 41.9010264], [12.4635612, 41.9010223], [12.4635786, 41.9010129], [12.4635918, 41.9010014], [12.4635997, 41.9009852], [12.4635847, 41.9009571], [12.4635645, 41.9009384], [12.4635513, 41.9009211], [12.4635428, 41.900898], [12.4635392, 41.9008837], [12.4635351, 41.9008679], [12.4635343, 41.9008646], [12.463517, 41.9008345], [12.4634954, 41.9008148], [12.4634788, 41.9008041], [12.4634627, 41.9007937], [12.4634194, 41.9007702], [12.4633781, 41.9007592], [12.46333, 41.9007497], [12.4633245, 41.9007486], [12.463273, 41.9007583], [12.4631902, 41.9006138], [12.4631637, 41.9004961], [12.4631684, 41.9004277], [12.4631684, 41.9003786], [12.4631637, 41.900333], [12.4631476, 41.9003113], [12.4631465, 41.9002856], [12.4631755, 41.900254], [12.4631731, 41.9002137], [12.4631448, 41.9001804], [12.4631354, 41.9001523], [12.4631684, 41.9001102], [12.4631802, 41.9000611], [12.4631684, 41.9000172], [12.4631377, 41.8999769], [12.4630765, 41.8999471], [12.4630718, 41.8999137], [12.4630694, 41.8998787], [12.4630246, 41.8998541], [12.4629916, 41.8998366], [12.462955, 41.899828]]]]}}, {"type": "Feature", "properties": {}, "geometry": {"type": "MultiPolygon", "coordinates": [[[[12.4979774, 41.9751134], [12.4978764, 41.975226], [12.4978827, 41.9753668], [12.4979774, 41.9758219], [12.4979963, 41.9763146], [12.4979143, 41.9767979], [12.4979332, 41.977422], [12.4980468, 41.9783417], [12.4983056, 41.9785622], [12.4986654, 41.9784731], [12.4988611, 41.9785669], [12.4992019, 41.978825], [12.4995364, 41.978839], [12.4997573, 41.9787827], [12.4998836, 41.978778], [12.4994607, 41.9749585], [12.4991956, 41.9747802], [12.4987474, 41.9746957], [12.4984634, 41.9747427], [12.4981541, 41.9748318], [12.4980279, 41.974799], [12.4979721, 41.9748934], [12.4979585, 41.9749163], [12.4992271, 41.9749444], [12.4995175, 41.9783417], [12.4992776, 41.9783698], [12.4990441, 41.975104], [12.4979774, 41.9751134]]]]}}, {"type": "Feature", "properties": {}, "geometry": {"type": "MultiPolygon", "coordinates": [[[[12.4127739, 41.8061276], [12.4129468, 41.8060655], [12.4130005, 41.8059256], [12.4129728, 41.8057775], [12.4127739, 41.8061276]]], [[[12.4003082, 41.8066133], [12.4007374, 41.8059895], [12.4011987, 41.8058496], [12.4016386, 41.8057376], [12.4019444, 41.8055777], [12.4025291, 41.8055817], [12.4027008, 41.8055497], [12.4029314, 41.8056577], [12.4033445, 41.8057256], [12.4036181, 41.8058416], [12.4041814, 41.8058856], [12.4050665, 41.8061055], [12.4054849, 41.8060935], [12.4059892, 41.8062495], [12.4064827, 41.8064214], [12.4067348, 41.8063934], [12.4072713, 41.8063174], [12.4077326, 41.8063294], [12.4081135, 41.8063854], [12.4090362, 41.8063534], [12.4094385, 41.8062535], [12.4098515, 41.8062854], [12.411139, 41.8063814], [12.4116486, 41.8062774], [12.4119061, 41.8062135], [12.4126571, 41.8061695], [12.4127739, 41.8061276], [12.4003082, 41.8066133]]], [[[12.3992729, 41.8092524], [12.3994258, 41.8092964], [12.3994848, 41.8091924], [12.3995814, 41.8091764], [12.3996323, 41.8091164], [12.3996028, 41.8090644], [12.3994821, 41.8090744], [12.3993695, 41.8090564], [12.3992917, 41.8088265], [12.3993266, 41.8086966], [12.3994875, 41.8082927], [12.3995545, 41.8079489], [12.3996377, 41.8073051], [12.3997609, 41.8071002], [12.3992729, 41.8092524]]], [[[12.3989519, 41.8084726], [12.3991844, 41.8088685], [12.3991817, 41.8091644], [12.3992729, 41.8092524], [12.3989519, 41.8084726]]], [[[12.3989519, 41.8084726], [12.3991356, 41.8085667], [12.399279, 41.8084769], [12.3993192, 41.8083742], [12.3993881, 41.8076598], [12.3993422, 41.8072919], [12.3993249, 41.8072149], [12.3993823, 41.8070267], [12.3995086, 41.806847], [12.3998013, 41.8067272], [12.3999907, 41.806616], [12.4001916, 41.8064106], [12.4003293, 41.8062053], [12.4004097, 41.806], [12.4005933, 41.8057903], [12.400777, 41.8057048], [12.4010984, 41.8056577], [12.4015231, 41.8055337], [12.4017469, 41.8053882], [12.4018789, 41.8053497], [12.4020453, 41.8053668], [12.4023438, 41.8054481], [12.4025045, 41.8054267], [12.4027053, 41.8053369], [12.4028775, 41.8053283], [12.4030669, 41.8053925], [12.4033309, 41.8055807], [12.4038417, 41.8057262], [12.4042033, 41.8057133], [12.4048977, 41.8058802], [12.4053568, 41.8058631], [12.4055118, 41.8058117], [12.405816, 41.8058759], [12.4061202, 41.8060427], [12.4064186, 41.8062524], [12.406849, 41.8061882], [12.4071618, 41.8061176], [12.4074631, 41.8061044], [12.4079214, 41.8061038], [12.4082953, 41.806201], [12.4089553, 41.8061197], [12.4093112, 41.8060385], [12.4096383, 41.806], [12.4098793, 41.8060299], [12.4102409, 41.8061326], [12.410591, 41.8061326], [12.4110387, 41.8062481], [12.4111936, 41.8062139], [12.4116011, 41.8060898], [12.4117848, 41.8060427], [12.4123931, 41.8060812], [12.4126227, 41.8060256], [12.412835, 41.805893], [12.4129728, 41.8057775], [12.3989519, 41.8084726]]]]}}, {"type": "Feature", "properties": {}, "geometry": {"type": "MultiPolygon", "coordinates": [[[[12.3989519, 41.8084726], [12.3991356, 41.8085667], [12.399279, 41.8084769], [12.3993192, 41.8083742], [12.3993881, 41.8076598], [12.3993422, 41.8072919], [12.3993249, 41.8072149], [12.3993823, 41.8070267], [12.3995086, 41.806847], [12.3998013, 41.8067272], [12.3999907, 41.806616], [12.4001916, 41.8064106], [12.4003293, 41.8062053], [12.4004097, 41.806], [12.4005933, 41.8057903], [12.400777, 41.8057048], [12.4010984, 41.8056577], [12.4015231, 41.8055337], [12.4017469, 41.8053882], [12.4018789, 41.8053497], [12.4020453, 41.8053668], [12.4023438, 41.8054481], [12.4025045, 41.8054267], [12.4027053, 41.8053369], [12.4028775, 41.8053283], [12.4030669, 41.8053925], [12.4033309, 41.8055807], [12.4038417, 41.8057262], [12.4042033, 41.8057133], [12.4048977, 41.8058802], [12.4053568, 41.8058631], [12.4055118, 41.8058117], [12.405816, 41.8058759], [12.4061202, 41.8060427], [12.4064186, 41.8062524], [12.406849, 41.8061882], [12.4071618, 41.8061176], [12.4074631, 41.8061044], [12.4079214, 41.8061038], [12.4082953, 41.806201], [12.4089553, 41.8061197], [12.4093112, 41.8060385], [12.4096383, 41.806], [12.4098793, 41.8060299], [12.4102409, 41.8061326], [12.410591, 41.8061326], [12.4110387, 41.8062481], [12.4111936, 41.8062139], [12.4116011, 41.8060898], [12.4117848, 41.8060427], [12.4123931, 41.8060812], [12.4126227, 41.8060256], [12.412835, 41.805893], [12.4129728, 41.8057775], [12.3989519, 41.8084726]]], [[[12.4128695, 41.8055679], [12.4126456, 41.8055679], [12.4123128, 41.8056748], [12.4119914, 41.8056534], [12.4114519, 41.8057518], [12.4110989, 41.8057625], [12.4109009, 41.8058064], [12.4102265, 41.8058642], [12.4099941, 41.8058545], [12.4095407, 41.8059016], [12.409116, 41.806], [12.4087659, 41.805923], [12.4083298, 41.8060556], [12.4079395, 41.8060256], [12.4077003, 41.8060791], [12.4074436, 41.8060884], [12.4072594, 41.8060791], [12.4070542, 41.8059689], [12.4070528, 41.8059326], [12.4068749, 41.8058738], [12.406697, 41.8058994], [12.4065076, 41.8058887], [12.4063727, 41.8058502], [12.4061345, 41.8058417], [12.4059135, 41.8058673], [12.4056696, 41.805801], [12.4055807, 41.8057411], [12.4054716, 41.8057069], [12.4052851, 41.8056962], [12.4049695, 41.805677], [12.4048547, 41.8055679], [12.4046968, 41.8055037], [12.4044242, 41.8054845], [12.40412, 41.8053262], [12.4038905, 41.8052877], [12.4037585, 41.8052898], [12.4033453, 41.8052256], [12.4027886, 41.8052791], [12.4024844, 41.8051636], [12.4022146, 41.8050802], [12.4020338, 41.8050438], [12.4017871, 41.805078], [12.4128695, 41.8055679]]], [[[12.4017871, 41.805078], [12.401437, 41.8052962], [12.4012562, 41.805339], [12.4011127, 41.8053732], [12.4006392, 41.8056385], [12.4003465, 41.8059336], [12.400094, 41.8060042], [12.3999419, 41.8061476], [12.3995373, 41.806539], [12.3993536, 41.8068149], [12.3992618, 41.8070288], [12.3992503, 41.8072534], [12.3991843, 41.8075122], [12.3990466, 41.8077368], [12.3988974, 41.8080791], [12.3988486, 41.8082716], [12.3989519, 41.8084726], [12.4017871, 41.805078]]]]}}, {"type": "Feature", "properties": {}, "geometry": {"type": "MultiPolygon", "coordinates": [[[[12.4049324, 41.8120073], [12.4046051, 41.8118873], [12.4045139, 41.8117914], [12.4045622, 41.8117194], [12.4051309, 41.8116474], [12.4065793, 41.8114435], [12.4070674, 41.8112596], [12.4074376, 41.8111596], [12.4081778, 41.8110317], [12.4085426, 41.8110197], [12.4087465, 41.8111916], [12.4084783, 41.8113395], [12.407738, 41.8116034], [12.406885, 41.8118273], [12.4065632, 41.8118313], [12.4061716, 41.8119113], [12.4052221, 41.8120193], [12.4049324, 41.8120073]]]]}}, {"type": "Feature", "properties": {}, "geometry": {"type": "MultiPolygon", "coordinates": [[[[12.4011075, 41.8112716], [12.4016172, 41.8117394], [12.4024379, 41.8120273], [12.402969, 41.8121872], [12.4033284, 41.8121552], [12.4038112, 41.8120872], [12.4040794, 41.8119633], [12.4040955, 41.8118833], [12.4040526, 41.8118153], [12.4039024, 41.8117834], [12.4032104, 41.8117514], [12.4028134, 41.8117914], [12.402454, 41.8117914], [12.4017996, 41.8115634], [12.4015206, 41.8112956], [12.401408, 41.8111916], [12.4011075, 41.8112716]]]]}}, {"type": "Feature", "properties": {}, "geometry": {"type": "MultiPolygon", "coordinates": [[[[12.4772377, 41.9108487], [12.4772116, 41.9108473], [12.4771856, 41.9108513], [12.4771611, 41.9108593], [12.4771351, 41.9108761], [12.4771231, 41.9108987], [12.4771191, 41.9109198], [12.4771237, 41.9109363], [12.4771304, 41.9109507], [12.4771411, 41.9109632], [12.4771531, 41.9109713], [12.477165, 41.9109793], [12.4771773, 41.910986], [12.4772377, 41.9108487]]], [[[12.4771773, 41.910986], [12.4771974, 41.9109521], [12.4772142, 41.9109211], [12.4772273, 41.9108849], [12.4772377, 41.9108487], [12.4771773, 41.910986]]]]}}, {"type": "Feature", "properties": {}, "geometry": {"type": "MultiPolygon", "coordinates": [[[[12.4687788, 41.8461769], [12.4691638, 41.8463136], [12.4694771, 41.8464338], [12.4697191, 41.8464762], [12.4701864, 41.8464864], [12.4703879, 41.8465464], [12.4706817, 41.8466963], [12.470932, 41.8469217], [12.4711101, 41.8472479], [12.4711444, 41.8474998], [12.4711401, 41.8476751], [12.4711257, 41.8478243], [12.4710382, 41.8480324], [12.4709686, 41.8481943], [12.4708428, 41.8483423], [12.4706625, 41.8485048], [12.4715245, 41.8486364], [12.4716349, 41.8485109], [12.4716731, 41.8484128], [12.4687788, 41.8461769]]], [[[12.4716731, 41.8484128], [12.4717992, 41.8482844], [12.4719199, 41.8481248], [12.4719582, 41.8479695], [12.4719044, 41.84756], [12.4718646, 41.8473999], [12.4718136, 41.8471971], [12.4716657, 41.8468795], [12.4715971, 41.846639], [12.4713047, 41.8462585], [12.4710201, 41.8460703], [12.4704475, 41.8459512], [12.4701235, 41.8458536], [12.4699388, 41.8457632], [12.4696582, 41.8456202], [12.4716731, 41.8484128]]], [[[12.4641743, 41.8447846], [12.4645199, 41.8449503], [12.4647679, 41.8450047], [12.4649479, 41.8450047], [12.4651902, 41.8450439], [12.4654897, 41.8452016], [12.4656498, 41.845367], [12.4662372, 41.8455112], [12.4667055, 41.8455963], [12.4676732, 41.8458791], [12.4678611, 41.8459514], [12.4686594, 41.8460911], [12.4687788, 41.8461769], [12.4641743, 41.8447846]]], [[[12.4689995, 41.8453511], [12.4688829, 41.8453091], [12.468734, 41.845303], [12.4685512, 41.8452075], [12.4683173, 41.8452725], [12.4681285, 41.8452386], [12.4679826, 41.8451688], [12.4679161, 41.845087], [12.4677953, 41.8450141], [12.4676671, 41.8449794], [12.4675259, 41.8449631], [12.4673375, 41.8449447], [12.4671017, 41.8449237], [12.4664904, 41.8447546], [12.466207, 41.8446667], [12.4654822, 41.8445035], [12.4647996, 41.8442118], [12.4643848, 41.8440962], [12.4638919, 41.8438916], [12.4634596, 41.8435651], [12.4627008, 41.8430144], [12.4625227, 41.8429451], [12.4624728, 41.842892], [12.4624017, 41.8428657], [12.4622522, 41.8427053], [12.4617775, 41.8430899], [12.4620105, 41.8432876], [12.4620299, 41.843466], [12.4622564, 41.8436733], [12.4625218, 41.8437312], [12.4629749, 41.8442085], [12.4633697, 41.8445075], [12.4635638, 41.8445894], [12.4638227, 41.8446232], [12.4641743, 41.8447846], [12.4689995, 41.8453511]]]]}}, {"type": "Feature", "properties": {}, "geometry": {"type": "MultiPolygon", "coordinates": [[[[12.5816202, 41.9155792], [12.5820976, 41.9155333], [12.5823981, 41.9154095], [12.5825107, 41.9154534], [12.5826958, 41.9154754], [12.5816202, 41.9155792]]], [[[12.5827655, 41.9142299], [12.5823551, 41.9143118], [12.581985, 41.9144774], [12.5817436, 41.9151261], [12.5816202, 41.9153517], [12.5816202, 41.9155792], [12.5827655, 41.9142299]]], [[[12.5827839, 41.9153814], [12.5828943, 41.9152638], [12.5832564, 41.91516], [12.5834012, 41.9151141], [12.5832859, 41.9147589], [12.5829613, 41.9142978], [12.5827655, 41.9142299], [12.5827839, 41.9153814]]]]}}, {"type": "Feature", "properties": {}, "geometry": {"type": "MultiPolygon", "coordinates": [[[[12.5849596, 41.9145513], [12.5847745, 41.9142539], [12.5848764, 41.914178], [12.5848536, 41.9141531], [12.5846592, 41.9139325], [12.5844258, 41.9135733], [12.5837861, 41.9137619], [12.5833087, 41.9139006], [12.5831249, 41.9139665], [12.583074, 41.9140962], [12.5849596, 41.9145513]]], [[[12.583074, 41.9140962], [12.5833824, 41.9146271], [12.5835836, 41.9149245], [12.5846994, 41.914681], [12.5849059, 41.9146092], [12.5849596, 41.9145513], [12.583074, 41.9140962]]]]}}, {"type": "Feature", "properties": {}, "geometry": {"type": "MultiPolygon", "coordinates": [[[[12.5851356, 41.914643], [12.5851136, 41.9146442], [12.5850996, 41.9146498], [12.585074, 41.9146682], [12.5850682, 41.9146993], [12.5850721, 41.9147329], [12.5851356, 41.914643]]], [[[12.5850721, 41.9147329], [12.5850837, 41.9147531], [12.5850939, 41.9147595], [12.585105, 41.9147661], [12.585135, 41.9147659], [12.5851658, 41.914755], [12.5851844, 41.9147349], [12.5851929, 41.9147106], [12.5850721, 41.9147329]]]]}}, {"type": "Feature", "properties": {}, "geometry": {"type": "MultiPolygon", "coordinates": [[[[12.5825145, 41.9281891], [12.5822873, 41.9281196], [12.5820641, 41.9281332], [12.581711, 41.9283219], [12.581504, 41.9284608], [12.581504, 41.9286209], [12.5816176, 41.9293802], [12.5816724, 41.9296293], [12.5817942, 41.9298331], [12.5818185, 41.9299916], [12.5817252, 41.9300912], [12.581573, 41.9301063], [12.5814228, 41.9300701], [12.5811956, 41.9298512], [12.5808648, 41.9295266], [12.5806914, 41.9293768], [12.5825145, 41.9281891]]], [[[12.5732828, 41.9210128], [12.5731541, 41.9208976], [12.5725671, 41.9205363], [12.5719939, 41.920175], [12.5714865, 41.9198611], [12.5710964, 41.9196449], [12.5708496, 41.9196198], [12.5706875, 41.9195235], [12.5705143, 41.9194917], [12.5704437, 41.919448], [12.57035, 41.919307], [12.5702971, 41.919021], [12.5702717, 41.9187016], [12.5702464, 41.9185613], [12.5704209, 41.9185194], [12.5702971, 41.9183582], [12.5696469, 41.9183414], [12.5693486, 41.9184922], [12.5690025, 41.9186283], [12.5688477, 41.9187435], [12.5686704, 41.918888], [12.5685831, 41.919043], [12.5686197, 41.9192042], [12.5684143, 41.9192796], [12.5682032, 41.9195162], [12.5679499, 41.9198304], [12.5676587, 41.9200566], [12.5674517, 41.9207736], [12.5675646, 41.9210567], [12.56877, 41.9218769], [12.5689689, 41.9220212], [12.5690548, 41.9221984], [12.5690131, 41.9223281], [12.568881, 41.9224398], [12.5680304, 41.9228314], [12.5676155, 41.9230084], [12.5670131, 41.9231647], [12.5663898, 41.9234062], [12.5662128, 41.9234656], [12.5659142, 41.9235431], [12.5656972, 41.9236374], [12.565435, 41.9237601], [12.5653899, 41.9238415], [12.5647146, 41.9241993], [12.5642615, 41.9245235], [12.5637806, 41.9248722], [12.5634577, 41.9250737], [12.5630202, 41.9252197], [12.5625342, 41.9252507], [12.5620012, 41.9253643], [12.5615325, 41.9253049], [12.5611315, 41.925044], [12.5608416, 41.9247676], [12.5605673, 41.9243943], [12.5604388, 41.9241954], [12.5601541, 41.9239784], [12.5599579, 41.9238906], [12.5596941, 41.9238932], [12.5591698, 41.9239694], [12.5589076, 41.9240353], [12.558583, 41.9242122], [12.5583851, 41.9243995], [12.5579997, 41.9247521], [12.5578954, 41.9248598], [12.5577789, 41.9249886], [12.5573948, 41.9252951], [12.5569385, 41.925562], [12.556873, 41.9256073], [12.5564125, 41.9258174], [12.5561368, 41.9258392], [12.55598, 41.9258516], [12.5555751, 41.9258688], [12.5554312, 41.9259136], [12.5551625, 41.9261597], [12.5551165, 41.9262841], [12.5550919, 41.9264393], [12.555281, 41.9272358], [12.555355, 41.9274167], [12.5553517, 41.9275611], [12.5552661, 41.9277467], [12.5551055, 41.9279516], [12.5547498, 41.9282566], [12.5545592, 41.928359], [12.5544978, 41.9284371], [12.5544204, 41.9284548], [12.554064, 41.9283842], [12.5537873, 41.9283584], [12.5535002, 41.9282546], [12.5533868, 41.9281649], [12.5530944, 41.9281629], [12.5529524, 41.9281859], [12.5525778, 41.9282466], [12.5520631, 41.9283095], [12.5517104, 41.9283945], [12.551317, 41.9285156], [12.5511181, 41.9286271], [12.5510116, 41.9287992], [12.5510158, 41.9288484], [12.5509977, 41.9288926], [12.5508231, 41.9289569], [12.5508105, 41.9290078], [12.5507129, 41.9290378], [12.5503089, 41.9290936], [12.5497281, 41.9291267], [12.5493698, 41.9291301], [12.5492421, 41.9291781], [12.5491016, 41.9291519], [12.5488803, 41.9291423], [12.5484927, 41.9291746], [12.5484072, 41.9292321], [12.5479236, 41.9292661], [12.5475043, 41.9292661], [12.5471156, 41.929415], [12.5469235, 41.9295239], [12.546872, 41.9296267], [12.5467514, 41.9297653], [12.5467397, 41.9298959], [12.5466249, 41.92997], [12.5465125, 41.9302374], [12.5465031, 41.9303333], [12.5464984, 41.9305328], [12.5464399, 41.9307793], [12.5463111, 41.9309745], [12.5463111, 41.9312994], [12.5462408, 41.9316453], [12.546242, 41.9318518], [12.5461986, 41.932107], [12.5461553, 41.932276], [12.5460769, 41.9324398], [12.5458719, 41.9326367], [12.5455934, 41.9328398], [12.5452789, 41.9330517], [12.5449486, 41.9332365], [12.544574, 41.9333765], [12.5441965, 41.933521], [12.5438485, 41.9336029], [12.5434738, 41.9336683], [12.5431179, 41.9335939], [12.5428443, 41.9334728], [12.5422169, 41.9331406], [12.5419828, 41.9330556], [12.5417331, 41.9328865], [12.5415614, 41.9327956], [12.5408974, 41.9325859], [12.5404012, 41.932464], [12.5400737, 41.9323801], [12.5397972, 41.932278], [12.5396491, 41.9320971], [12.53963, 41.9320024], [12.539729, 41.9318864], [12.5400065, 41.9316996], [12.540185, 41.9316697], [12.5404713, 41.9316019], [12.5408587, 41.9314946], [12.5412372, 41.9313735], [12.5416431, 41.9312678], [12.5419481, 41.9311919], [12.5422335, 41.9310526], [12.5425268, 41.9308658], [12.5431131, 41.930299], [12.5432121, 41.9300436], [12.5435563, 41.9295639], [12.5436404, 41.9291638], [12.5436855, 41.9289245], [12.5436168, 41.928462], [12.5434679, 41.9281681], [12.5431823, 41.9277792], [12.5427736, 41.9273513], [12.5420796, 41.926901], [12.5419776, 41.9268995], [12.5411088, 41.9265048], [12.5401004, 41.9262095], [12.5397897, 41.9262198], [12.5395651, 41.9262776], [12.5391962, 41.9264324], [12.5384446, 41.9267646], [12.5370685, 41.9274219], [12.5366877, 41.9276933], [12.5362263, 41.9280565], [12.5359259, 41.928272], [12.5355504, 41.9284556], [12.5352232, 41.9285553], [12.5346709, 41.9286374], [12.5341128, 41.9286831], [12.5336192, 41.928691], [12.5330935, 41.928687], [12.5325732, 41.928723], [12.5322406, 41.9286551], [12.5316505, 41.9284995], [12.531125, 41.9283159], [12.5309051, 41.9281562], [12.5305618, 41.9278449], [12.5303257, 41.9275696], [12.5300736, 41.9273181], [12.5298698, 41.9271904], [12.5297933, 41.9271782], [12.5296445, 41.9271545], [12.5294299, 41.9271824], [12.5292421, 41.9272583], [12.5290866, 41.9274418], [12.5289685, 41.9277354], [12.5289095, 41.9280844], [12.5288934, 41.9285114], [12.5288613, 41.9290702], [12.5289203, 41.9299025], [12.5289846, 41.9303335], [12.5290919, 41.9307446], [12.5292636, 41.9311636], [12.529505, 41.9315028], [12.5297517, 41.9317263], [12.5300253, 41.9319857], [12.5303204, 41.932195], [12.5306637, 41.9324167], [12.5309534, 41.9326021], [12.5315325, 41.9329134], [12.5319136, 41.9332029], [12.532214, 41.9334783], [12.5323264, 41.9336201], [12.5323706, 41.933676], [12.5325144, 41.9338574], [12.5328467, 41.9343381], [12.5329701, 41.9346294], [12.5329972, 41.9348231], [12.5328842, 41.934998], [12.5328041, 41.9350865], [12.5324835, 41.9353789], [12.5323546, 41.9354513], [12.5314252, 41.9359742], [12.5309373, 41.9362693], [12.530492, 41.9365167], [12.5303089, 41.9366103], [12.5305333, 41.9368014], [12.5310982, 41.9364659], [12.5317124, 41.9361001], [12.5324149, 41.9356449], [12.5326619, 41.9354297], [12.5328846, 41.9352302], [12.5330696, 41.9350605], [12.5332437, 41.9349007], [12.533292, 41.9347651], [12.5332223, 41.9344338], [12.5327931, 41.9336357], [12.5326939, 41.9335429], [12.5326362, 41.9334889], [12.5322728, 41.9331488], [12.5319241, 41.9328775], [12.5317256, 41.9327178], [12.5308354, 41.9321591], [12.5307452, 41.9320779], [12.530241, 41.931725], [12.5299406, 41.9314888], [12.5296831, 41.9312781], [12.5294857, 41.9309524], [12.5293569, 41.9306331], [12.5292743, 41.9304431], [12.5292539, 41.9303011], [12.5292153, 41.9297646], [12.5292646, 41.928992], [12.5292889, 41.928623], [12.5293468, 41.9282762], [12.5292636, 41.9277194], [12.529322, 41.9275181], [12.5295078, 41.9273971], [12.5297517, 41.9273961], [12.5299771, 41.9275757], [12.530253, 41.9279259], [12.5310446, 41.9284817], [12.5315676, 41.9287195], [12.5317981, 41.9287889], [12.5323425, 41.9289105], [12.5331418, 41.9289784], [12.5338982, 41.9289385], [12.5346116, 41.9288866], [12.5349228, 41.9288307], [12.535501, 41.9287148], [12.5360692, 41.9284874], [12.5364197, 41.9282582], [12.5368515, 41.9278762], [12.5374226, 41.9275177], [12.5398223, 41.9263954], [12.5399728, 41.9263911], [12.540456, 41.9264859], [12.5407146, 41.9265654], [12.5409642, 41.9266359], [12.542287, 41.9272646], [12.5427954, 41.9277348], [12.5431892, 41.9282104], [12.5434482, 41.9286925], [12.5434305, 41.9291623], [12.5433754, 41.9292576], [12.5432854, 41.9293476], [12.5430591, 41.9298999], [12.5428561, 41.930191], [12.5427032, 41.9304339], [12.5424835, 41.9306338], [12.542322, 41.930757], [12.5420923, 41.9308848], [12.5417932, 41.9310241], [12.5415078, 41.9311], [12.5411519, 41.9311985], [12.5406449, 41.9313881], [12.5401928, 41.9315209], [12.5399869, 41.9315501], [12.539783, 41.9316026], [12.5394201, 41.9318382], [12.5393201, 41.93199], [12.5393297, 41.932116], [12.5393059, 41.9322517], [12.5393834, 41.9323174], [12.5395814, 41.9324254], [12.5397962, 41.9325005], [12.5401051, 41.9325742], [12.5403914, 41.9326449], [12.5408042, 41.9327744], [12.5411564, 41.9329014], [12.5415362, 41.9330701], [12.5418852, 41.93327], [12.5423961, 41.9335414], [12.5427609, 41.933672], [12.5432169, 41.9337982], [12.5434992, 41.9338588], [12.5438359, 41.9338631], [12.5440229, 41.9338098], [12.544222, 41.9337522], [12.5446015, 41.9336209], [12.5450771, 41.9334524], [12.5452869, 41.9334554], [12.5455431, 41.9335142], [12.5457881, 41.9335657], [12.5463618, 41.933724], [12.5466293, 41.9338127], [12.5468823, 41.933881], [12.5472312, 41.9339949], [12.5472917, 41.9338954], [12.5470145, 41.9338247], [12.5462619, 41.9336041], [12.5458139, 41.9334902], [12.5455044, 41.9334243], [12.5452627, 41.9333631], [12.5452804, 41.9333247], [12.5455478, 41.933089], [12.54599, 41.9327092], [12.5462431, 41.9325443], [12.5463684, 41.9323396], [12.5464832, 41.9320887], [12.5465242, 41.9318274], [12.5465277, 41.9315913], [12.5465453, 41.9312986], [12.5466261, 41.9310015], [12.546708, 41.9307288], [12.5467877, 41.9304552], [12.546831, 41.9302758], [12.5468591, 41.9300336], [12.5469188, 41.929875], [12.5469949, 41.9297321], [12.5470687, 41.9296302], [12.5472479, 41.9295562], [12.5474739, 41.929483], [12.5476378, 41.9294333], [12.5478592, 41.9294089], [12.5481144, 41.929402], [12.5484681, 41.9293654], [12.5487245, 41.9293305], [12.5489693, 41.9293401], [12.5491438, 41.9294211], [12.5494131, 41.9293872], [12.5495958, 41.9294115], [12.5498195, 41.929314], [12.550179, 41.9292695], [12.5505841, 41.9292451], [12.5508453, 41.9291711], [12.5510408, 41.9290694], [12.5512154, 41.9289462], [12.5514476, 41.9287092], [12.551669, 41.9286134], [12.5517472, 41.928598], [12.5519884, 41.9285224], [12.5522368, 41.9284414], [12.5526165, 41.9284267], [12.5527668, 41.9284026], [12.5530143, 41.9284012], [12.553376, 41.9284775], [12.5535614, 41.9285083], [12.5546678, 41.9286254], [12.5548069, 41.9285267], [12.5549667, 41.9283833], [12.555175, 41.928226], [12.5552747, 41.9280783], [12.5554146, 41.9278774], [12.5555665, 41.9277322], [12.5555979, 41.927528], [12.5552741, 41.9264295], [12.5553527, 41.9262236], [12.5555091, 41.926081], [12.5557438, 41.9260502], [12.5560505, 41.9260182], [12.5564723, 41.9260228], [12.5567254, 41.9259064], [12.5570293, 41.9257906], [12.557432, 41.9255697], [12.5577671, 41.925314], [12.5581976, 41.9248206], [12.5583521, 41.9247108], [12.5586004, 41.9244525], [12.5588712, 41.9242471], [12.5591542, 41.9241076], [12.5594875, 41.9240624], [12.5597982, 41.9240365], [12.5599579, 41.924065], [12.5601315, 41.9241941], [12.5603902, 41.9244847], [12.5605898, 41.9247134], [12.5607409, 41.9249084], [12.5609839, 41.925159], [12.5612703, 41.9253424], [12.5614856, 41.925447], [12.5616748, 41.9255013], [12.5619595, 41.9255064], [12.5623692, 41.9254703], [12.562864, 41.9253979], [12.5633084, 41.9253295], [12.5635272, 41.9251564], [12.5639039, 41.9249962], [12.5641921, 41.9248089], [12.5645514, 41.9245648], [12.5650375, 41.9242458], [12.5655791, 41.9238544], [12.5657788, 41.9237614], [12.5659524, 41.9236723], [12.5661885, 41.9236503], [12.5664819, 41.9235599], [12.56677, 41.9234488], [12.56702, 41.9233558], [12.5677769, 41.9231376], [12.5683724, 41.9229038], [12.5689633, 41.9226035], [12.569234, 41.9223811], [12.5693715, 41.9222021], [12.5693912, 41.9220633], [12.5693151, 41.9219445], [12.5691457, 41.921813], [12.5684435, 41.9214458], [12.5680924, 41.9212485], [12.5678297, 41.9210038], [12.5677414, 41.920854], [12.5676873, 41.9206841], [12.5678936, 41.92019], [12.5681666, 41.92], [12.5685747, 41.919778], [12.5688674, 41.9195267], [12.5688364, 41.9192964], [12.5688646, 41.9191728], [12.5689293, 41.9189341], [12.5690531, 41.9188315], [12.5691938, 41.9187351], [12.5693571, 41.9187645], [12.5694471, 41.918733], [12.5697398, 41.9186221], [12.5700128, 41.9186032], [12.5701057, 41.9187142], [12.5701535, 41.9189142], [12.5701338, 41.91911], [12.5701671, 41.9192798], [12.5702467, 41.9194199], [12.5703223, 41.9195613], [12.5705233, 41.9196694], [12.5708357, 41.9197745], [12.5712118, 41.9199292], [12.5715541, 41.9201365], [12.571978, 41.9203557], [12.5722268, 41.9205334], [12.5726168, 41.9207792], [12.5728835, 41.9210013], [12.5731462, 41.9211568], [12.5734785, 41.9215699], [12.5737054, 41.9218542], [12.5737883, 41.9220701], [12.5739912, 41.9222419], [12.5741942, 41.9224151], [12.5745624, 41.9226342], [12.574949, 41.9228609], [12.5755648, 41.9230344], [12.5761519, 41.9231046], [12.577643, 41.9231124], [12.5778657, 41.9230832], [12.5784082, 41.9231495], [12.578948, 41.9231495], [12.5791655, 41.9232216], [12.5792494, 41.9233484], [12.5792022, 41.923789], [12.5792704, 41.924565], [12.5793271, 41.9257845], [12.5792558, 41.9261953], [12.5792923, 41.9266875], [12.5792192, 41.9270498], [12.5793105, 41.9273985], [12.5794221, 41.9278258], [12.579544, 41.9281115], [12.5796818, 41.9284702], [12.5798712, 41.9287478], [12.5800085, 41.9290134], [12.5803555, 41.9293681], [12.580599, 41.9296912], [12.5808831, 41.9299456], [12.5811367, 41.9301305], [12.5813741, 41.9302362], [12.5814857, 41.930253], [12.5815973, 41.9302498], [12.581924, 41.9302075], [12.5819834, 41.9301823], [12.5820374, 41.9301451], [12.5820773, 41.9300693], [12.5820661, 41.9299916], [12.581991, 41.9297727], [12.5818997, 41.9295146], [12.5817678, 41.9286646], [12.5817779, 41.9285363], [12.5820174, 41.9283974], [12.5821899, 41.9282963], [12.5823887, 41.9283189], [12.5825896, 41.9283929], [12.582758, 41.9285076], [12.5828473, 41.9286616], [12.5829569, 41.9287326], [12.5831537, 41.9287779], [12.583312, 41.9288699], [12.5834662, 41.9290194], [12.5839045, 41.9292715], [12.5842069, 41.9293772], [12.5846959, 41.9294663], [12.5851362, 41.9295312], [12.5854183, 41.9294527], [12.5855867, 41.9292896], [12.5857754, 41.9289802], [12.5859885, 41.9286193], [12.5860416, 41.9284814], [12.5861954, 41.9283823], [12.5865062, 41.9284271], [12.5870034, 41.9284754], [12.5871698, 41.9284014], [12.5873139, 41.9284497], [12.5875533, 41.9285464], [12.5877582, 41.928643], [12.5881174, 41.9289827], [12.5886693, 41.9292559], [12.5889892, 41.9293587], [12.5892791, 41.9292327], [12.5895115, 41.9291537], [12.5897124, 41.9289893], [12.5898903, 41.9285794], [12.5901888, 41.927734], [12.5904183, 41.9274009], [12.5907168, 41.9273582], [12.5912391, 41.9275269], [12.5919335, 41.92764], [12.5924701, 41.9275738], [12.5929465, 41.9273603], [12.5935778, 41.927102], [12.5939853, 41.9269846], [12.5949524, 41.9266195], [12.595865, 41.9261925], [12.5966771, 41.9258466], [12.5969641, 41.9257078], [12.5973601, 41.9256416], [12.597868, 41.9256993], [12.5986227, 41.9258188], [12.5991192, 41.9259683], [12.5996845, 41.9261732], [12.6003876, 41.9262565], [12.6008381, 41.926233], [12.6010878, 41.9259939], [12.6013288, 41.9257847], [12.6014953, 41.9255391], [12.6015785, 41.9251548], [12.6015842, 41.9247897], [12.6015326, 41.9242794], [12.6014838, 41.9237606], [12.6014981, 41.923199], [12.601656, 41.9230282], [12.6019917, 41.923088], [12.6023074, 41.923182], [12.6029043, 41.9232845], [12.6035586, 41.9233912], [12.6040751, 41.9233869], [12.6045773, 41.9235364], [12.6049159, 41.923735], [12.6052603, 41.9240574], [12.6056075, 41.9241705], [12.606207, 41.9242668], [12.6069913, 41.9243839], [12.607456, 41.9243492], [12.60796, 41.9243345], [12.608823, 41.9241809], [12.6091033, 41.9241607], [12.6099147, 41.9242156], [12.6100401, 41.9242943], [12.6102294, 41.9243034], [12.6105564, 41.9242632], [12.6111563, 41.9242833], [12.6115964, 41.9242339], [12.611857, 41.9243236], [12.6122947, 41.9246419], [12.6127889, 41.925101], [12.6130765, 41.9253992], [12.613379, 41.9256846], [12.6137046, 41.9258691], [12.6141219, 41.9260663], [12.615066, 41.9263211], [12.615372, 41.926325], [12.6156101, 41.9261969], [12.6158466, 41.9259732], [12.6159439, 41.9257623], [12.6159735, 41.925417], [12.6160048, 41.9250574], [12.616043, 41.9247611], [12.6160222, 41.9243627], [12.6161195, 41.9241752], [12.6161926, 41.9239191], [12.616283, 41.9236203], [12.6164099, 41.9234185], [12.6163473, 41.9233007], [12.6163803, 41.9231882], [12.6164864, 41.9228273], [12.6166168, 41.9228506], [12.6170027, 41.9229282], [12.6173011, 41.9229476], [12.6176601, 41.9230373], [12.6182969, 41.9231818], [12.6187272, 41.923169], [12.618978, 41.9230995], [12.6193787, 41.9229348], [12.6197402, 41.9227812], [12.6201532, 41.9225561], [12.6202884, 41.922461], [12.6203819, 41.9223165], [12.620597, 41.9221096], [12.6205623, 41.9219596], [12.6204632, 41.9217461], [12.6202511, 41.9215909], [12.6199712, 41.9214667], [12.6198773, 41.9213568], [12.6196773, 41.9211938], [12.6192757, 41.9208898], [12.6191645, 41.9206349], [12.6188637, 41.9203698], [12.6186429, 41.9202352], [12.6185386, 41.9202546], [12.6184777, 41.9201667], [12.6184499, 41.9199946], [12.618443, 41.9198497], [12.6184377, 41.9196246], [12.6185065, 41.9194218], [12.6186206, 41.919245], [12.6187965, 41.9191503], [12.6192231, 41.9191405], [12.6195431, 41.9190751], [12.6200502, 41.9189498], [12.6203327, 41.9187549], [12.6205816, 41.9185182], [12.6207911, 41.918475], [12.620924, 41.9185878], [12.6208922, 41.9188148], [12.6208772, 41.9189985], [12.6208173, 41.91927], [12.6207986, 41.9195401], [12.6208248, 41.9198868], [12.6208061, 41.9200831], [12.6209595, 41.9203198], [12.6211017, 41.9204159], [12.6212028, 41.9205885], [12.6214142, 41.9208502], [12.6215976, 41.9210354], [12.6216944, 41.921399], [12.6218969, 41.9216874], [12.621971, 41.9218134], [12.6222078, 41.921969], [12.6224909, 41.9221796], [12.6227542, 41.9223352], [12.6229315, 41.9224405], [12.6231604, 41.9226079], [12.6235084, 41.9227929], [12.6239423, 41.9229062], [12.6243313, 41.9228914], [12.6249929, 41.9228983], [12.6255023, 41.9228569], [12.6260315, 41.9227378], [12.6264443, 41.9226394], [12.6266322, 41.9225114], [12.6266745, 41.9223519], [12.6266851, 41.9221383], [12.6266996, 41.9219828], [12.6267327, 41.9219522], [12.6269166, 41.9219453], [12.627381, 41.9219355], [12.6275821, 41.9219483], [12.6278679, 41.9219867], [12.6280333, 41.9221088], [12.6282648, 41.9221639], [12.628503, 41.9221068], [12.6288126, 41.9219483], [12.62906, 41.9218548], [12.6295078, 41.9215913], [12.6298624, 41.9213826], [12.6300132, 41.9211955], [12.6300793, 41.9209868], [12.6300793, 41.9205911], [12.6302196, 41.920406], [12.6303175, 41.9203194], [12.6305451, 41.9203213], [12.630815, 41.9204533], [12.6309843, 41.9206876], [12.6311246, 41.9208864], [12.6313998, 41.9213944], [12.63154, 41.9215854], [12.6317332, 41.9218827], [12.6320587, 41.922115], [12.6329398, 41.9224733], [12.6330668, 41.9224556], [12.6332759, 41.9222765], [12.6334982, 41.9220048], [12.6338792, 41.9218138], [12.6343264, 41.9216622], [12.634594, 41.9215894], [12.634867, 41.9215242], [12.6352693, 41.9214407], [12.6355144, 41.92152], [12.6357708, 41.9214449], [12.6360515, 41.9213753], [12.6365978, 41.9211845], [12.6376194, 41.9208198], [12.6380928, 41.9206081], [12.6383642, 41.9204773], [12.6385082, 41.9204438], [12.6387273, 41.9204404], [12.639099, 41.9204946], [12.6392538, 41.9204995], [12.6395886, 41.9205251], [12.6397474, 41.9206048], [12.6404578, 41.9208322], [12.641092, 41.9210212], [12.6411687, 41.9211521], [12.6413296, 41.9212565], [12.6416121, 41.9214556], [12.6419209, 41.9217674], [12.6423494, 41.9222269], [12.6426188, 41.9225652], [12.6429425, 41.9229369], [12.6432007, 41.9230524], [12.643618, 41.9231596], [12.644054, 41.9231081], [12.6441849, 41.9229592], [12.6441438, 41.922852], [12.6440577, 41.9227336], [12.6439211, 41.9228394], [12.6437564, 41.9228812], [12.6436386, 41.9228854], [12.6432381, 41.9227726], [12.642993, 41.9226097], [12.6426375, 41.9221517], [12.6422689, 41.9217187], [12.6419078, 41.9213637], [12.6414718, 41.9210908], [12.6410882, 41.9208486], [12.6402766, 41.9205822], [12.639615, 41.9203499], [12.6390871, 41.9202337], [12.6390329, 41.9203174], [12.6386598, 41.9202977], [12.6384203, 41.9203436], [12.6382669, 41.9203728], [12.6380274, 41.9204926], [12.6377785, 41.9205886], [12.6374061, 41.9206443], [12.6366128, 41.9209214], [12.6359261, 41.9211845], [12.6355724, 41.9212987], [12.6351851, 41.9212806], [12.6348427, 41.921307], [12.6347997, 41.9213655], [12.6344762, 41.9214391], [12.634292, 41.9215047], [12.6334982, 41.9217311], [12.6330774, 41.9220697], [12.6328684, 41.9222174], [12.632617, 41.9220815], [12.6318681, 41.9216878], [12.6316776, 41.9212152], [12.6313283, 41.9206738], [12.6309817, 41.9202544], [12.6306112, 41.9201126], [12.6302672, 41.9201146], [12.6299179, 41.9202288], [12.6297909, 41.9205025], [12.6298174, 41.9209061], [12.6297142, 41.9211109], [12.6295686, 41.9212507], [12.6292431, 41.921422], [12.6288642, 41.921653], [12.6285784, 41.9217721], [12.6283336, 41.921901], [12.6281378, 41.9218981], [12.6278468, 41.9217534], [12.6273996, 41.9217091], [12.62682, 41.9217032], [12.6265197, 41.9217288], [12.6263993, 41.9218252], [12.6263596, 41.92203], [12.6263636, 41.9222338], [12.6263054, 41.922412], [12.626181, 41.9224907], [12.6257364, 41.9225803], [12.6250088, 41.9227044], [12.6246992, 41.9227171], [12.6243988, 41.9226591], [12.6238788, 41.9226856], [12.6234184, 41.9225577], [12.6230995, 41.9223224], [12.6228415, 41.9220763], [12.6226299, 41.9220152], [12.6223242, 41.9217898], [12.6219987, 41.9214807], [12.6219458, 41.92127], [12.621794, 41.920899], [12.6216051, 41.9206498], [12.6213562, 41.9203978], [12.6212327, 41.9202349], [12.6211766, 41.9200734], [12.6210737, 41.9198158], [12.621055, 41.9194218], [12.6210587, 41.91916], [12.6212065, 41.9188259], [12.6212421, 41.9185753], [12.6210419, 41.9183901], [12.6209015, 41.918301], [12.6207331, 41.9182648], [12.6205198, 41.9182843], [12.6202223, 41.9185433], [12.6200146, 41.9186115], [12.6197789, 41.9187605], [12.619356, 41.9188398], [12.6187759, 41.9189637], [12.618514, 41.9190695], [12.6183531, 41.9192505], [12.6182707, 41.9195067], [12.6182934, 41.9197527], [12.6182726, 41.9200774], [12.6183161, 41.9202313], [12.6184343, 41.920362], [12.6186412, 41.9205806], [12.6189506, 41.9207785], [12.6190914, 41.921058], [12.6193366, 41.9212455], [12.6196965, 41.9214202], [12.6197869, 41.9215961], [12.6200233, 41.9217474], [12.6201763, 41.9219272], [12.6202806, 41.9219557], [12.6203415, 41.9220618], [12.6202389, 41.9221006], [12.6201139, 41.9222159], [12.6198828, 41.9224409], [12.6194771, 41.922611], [12.6190984, 41.9228086], [12.6187173, 41.9229202], [12.6184666, 41.9230025], [12.6179847, 41.9229184], [12.6174069, 41.922761], [12.6172495, 41.9226769], [12.617034, 41.9227536], [12.6166098, 41.9226333], [12.6164568, 41.9225893], [12.6163542, 41.9226152], [12.6162638, 41.9227031], [12.616163, 41.9230938], [12.6161613, 41.9232244], [12.6160535, 41.9233809], [12.6159526, 41.9236823], [12.6158588, 41.9239721], [12.6158466, 41.9241972], [12.6157684, 41.9244352], [12.615711, 41.9246512], [12.6157423, 41.924884], [12.6157475, 41.9252643], [12.6156971, 41.9254674], [12.6156623, 41.925739], [12.6155319, 41.9259318], [12.6152694, 41.9261167], [12.6151981, 41.9261581], [12.6145653, 41.9259796], [12.6144523, 41.9260159], [12.6140422, 41.9258836], [12.6138841, 41.9258326], [12.6136508, 41.9257106], [12.6134503, 41.9255602], [12.6130962, 41.9251285], [12.612771, 41.9248296], [12.6123955, 41.9244845], [12.6120734, 41.9242065], [12.6118718, 41.9241187], [12.6112473, 41.924104], [12.6104212, 41.9240455], [12.6102441, 41.9240766], [12.6093934, 41.9240254], [12.6089386, 41.9240345], [12.6083362, 41.9240309], [12.6078248, 41.9240894], [12.6071732, 41.9240912], [12.6060695, 41.9240531], [12.6053578, 41.9238695], [12.6049532, 41.9235044], [12.604517, 41.9232652], [12.6037508, 41.9231969], [12.6033405, 41.923182], [12.6025083, 41.9230176], [12.6018683, 41.9227806], [12.60159, 41.9227806], [12.6013805, 41.9228574], [12.6012169, 41.9232823], [12.6012054, 41.9239122], [12.6012686, 41.924463], [12.6013173, 41.9247769], [12.6013374, 41.9251313], [12.6012513, 41.9254516], [12.6011021, 41.9256608], [12.6009328, 41.9258829], [12.6006085, 41.9260708], [12.5999916, 41.9260473], [12.5991565, 41.925759], [12.598462, 41.9255391], [12.5976499, 41.9254751], [12.597142, 41.9254986], [12.5962954, 41.9257783], [12.5952107, 41.9262522], [12.5944359, 41.9265874], [12.5935979, 41.9268629], [12.5930986, 41.9270572], [12.5926452, 41.9272749], [12.5921688, 41.9274244], [12.591483, 41.9273838], [12.590734, 41.927166], [12.5904757, 41.9271511], [12.5902002, 41.9272856], [12.5898272, 41.9279218], [12.5894713, 41.9286306], [12.5893852, 41.9288826], [12.5891413, 41.9290128], [12.5886632, 41.928886], [12.5881377, 41.928563], [12.5877501, 41.9283863], [12.5873483, 41.9283124], [12.5871576, 41.928249], [12.5870338, 41.9282112], [12.5868999, 41.9283003], [12.5866808, 41.9282882], [12.5860477, 41.928261], [12.5859073, 41.9283974], [12.5855441, 41.9288775], [12.5854061, 41.929119], [12.585193, 41.9292881], [12.5848501, 41.9293002], [12.5842292, 41.9291719], [12.5838193, 41.9289726], [12.5834784, 41.9287763], [12.583241, 41.9286148], [12.5830178, 41.9285514], [12.5829082, 41.9283929], [12.5827459, 41.9282736], [12.5825145, 41.9281891], [12.5732828, 41.9210128]]], [[[12.5772163, 41.9228606], [12.5763143, 41.922894], [12.5756539, 41.9228336], [12.5748907, 41.9226194], [12.5746081, 41.922498], [12.5743494, 41.9223218], [12.5740708, 41.922113], [12.5740191, 41.9219872], [12.5738566, 41.9216469], [12.5734387, 41.9211523], [12.5732828, 41.9210128], [12.5772163, 41.9228606]]], [[[12.5806914, 41.9293768], [12.5804732, 41.9291885], [12.5801438, 41.9287734], [12.5798913, 41.9283613], [12.5796445, 41.9279877], [12.5795987, 41.9276492], [12.5795987, 41.9272038], [12.5795682, 41.9265939], [12.5795804, 41.925984], [12.579594, 41.925302], [12.5794774, 41.9246216], [12.5794957, 41.9237656], [12.5794826, 41.9233289], [12.579218, 41.9231027], [12.5789009, 41.9229818], [12.5785183, 41.9229525], [12.5777871, 41.9228395], [12.5772163, 41.9228606], [12.5806914, 41.9293768]]]]}}, {"type": "Feature", "properties": {}, "geometry": {"type": "MultiPolygon", "coordinates": [[[[12.4644914, 41.923064], [12.4641475, 41.9223855], [12.4636485, 41.9225415], [12.4630052, 41.9228217], [12.4627033, 41.9229628], [12.4624185, 41.9231113], [12.4621254, 41.9232712], [12.4618592, 41.9234327], [12.4615253, 41.9236447], [12.4612031, 41.9238662], [12.4605881, 41.9243222], [12.4602378, 41.9246405], [12.4599444, 41.9250168], [12.459649, 41.9254289], [12.4592865, 41.9261292], [12.4592153, 41.9263437], [12.4592067, 41.92637], [12.4591956, 41.9264113], [12.4591831, 41.9264474], [12.4591306, 41.926609], [12.4590219, 41.9270858], [12.4589739, 41.9274796], [12.4589836, 41.9278687], [12.4591305, 41.92884], [12.4593136, 41.9293964], [12.4595413, 41.9299532], [12.4598889, 41.9306622], [12.4600908, 41.9309904], [12.4601525, 41.9310906], [12.4601847, 41.9311431], [12.4604346, 41.9315023], [12.4610707, 41.9322557], [12.4614761, 41.9326771], [12.4619207, 41.9330748], [12.4628155, 41.933796], [12.4632862, 41.9341466], [12.465406, 41.9355225], [12.4658471, 41.9357568], [12.4663814, 41.9359841], [12.466583, 41.9360276], [12.4666375, 41.9360408], [12.4666707, 41.9360493], [12.4666762, 41.9360507], [12.4666815, 41.9360521], [12.4666895, 41.9360541], [12.4667239, 41.9360629], [12.4667582, 41.9360717], [12.4667663, 41.9360738], [12.4667713, 41.9360751], [12.466777, 41.9360766], [12.4668092, 41.9360848], [12.4668365, 41.9360868], [12.4669773, 41.9361186], [12.4674605, 41.9361686], [12.4679936, 41.9361502], [12.4686604, 41.9361812], [12.4691649, 41.9362475], [12.4694255, 41.9362747], [12.4694846, 41.9363243], [12.4696943, 41.936366], [12.4699316, 41.9363999], [12.4703077, 41.9364536], [12.470961, 41.9364764], [12.4719422, 41.9365724], [12.4725491, 41.9367407], [12.47308, 41.9368215], [12.4732861, 41.9368199], [12.473577, 41.9367973], [12.4746263, 41.9368358], [12.475348, 41.9369036], [12.4769536, 41.9368664], [12.4776175, 41.9368084], [12.4779083, 41.9367751], [12.4783647, 41.9366928], [12.4787122, 41.9365656], [12.4790169, 41.9364144], [12.4794293, 41.9361777], [12.479871, 41.9359403], [12.4810389, 41.9350978], [12.4818877, 41.9344854], [12.4821218, 41.9342739], [12.4834152, 41.9333737], [12.483451, 41.9333488], [12.4837037, 41.9332624], [12.4839639, 41.9332094], [12.4842484, 41.9331883], [12.4844842, 41.9331958], [12.4847099, 41.9332261], [12.4849843, 41.9332971], [12.4852526, 41.9334], [12.4854945, 41.9335028], [12.4860251, 41.9338524], [12.4861598, 41.9339835], [12.4862671, 41.9341072], [12.4863717, 41.9343227], [12.4864307, 41.9345242], [12.4864683, 41.9347058], [12.486479, 41.9348914], [12.4864656, 41.9351268], [12.4864039, 41.9355398], [12.4862993, 41.9359788], [12.486133, 41.9363998], [12.485851, 41.9371981], [12.4855613, 41.9384236], [12.4853587, 41.9392803], [12.4854359, 41.9394974], [12.4854536, 41.9395902], [12.4855183, 41.9399288], [12.4855868, 41.9402874], [12.485951, 41.9408176], [12.4863011, 41.9411188], [12.4864924, 41.9412834], [12.4873621, 41.941734], [12.4877789, 41.9419168], [12.4887415, 41.9419905], [12.4893585, 41.9420399], [12.4909109, 41.9422657], [12.492165, 41.9423769], [12.4932274, 41.9424377], [12.4937061, 41.9424651], [12.4938101, 41.9424668], [12.4944185, 41.9424767], [12.4956685, 41.9424629], [12.4963553, 41.9424552], [12.4970126, 41.9424774], [12.4974785, 41.9425055], [12.4979445, 41.9425535], [12.4985136, 41.9426511], [12.499015, 41.9427708], [12.4999456, 41.9431038], [12.5005477, 41.9424189], [12.5003566, 41.9422617], [12.4996449, 41.942109], [12.4985337, 41.9418507], [12.4982488, 41.9417826], [12.4977004, 41.9417577], [12.497242, 41.9417474], [12.4968557, 41.9416992], [12.496458, 41.9416783], [12.496423, 41.9416914], [12.496388, 41.9416988], [12.4962755, 41.9416988], [12.496243, 41.9416895], [12.496163, 41.9416765], [12.496088, 41.9416709], [12.4960129, 41.9416709], [12.4959754, 41.9416597], [12.4959004, 41.9416542], [12.4958654, 41.9416672], [12.4958329, 41.9416858], [12.4958079, 41.9417081], [12.4957729, 41.9417211], [12.4957079, 41.9416988], [12.4956729, 41.9416988], [12.4955353, 41.9417118], [12.4954653, 41.9416914], [12.4953878, 41.9416802], [12.4953528, 41.9416821], [12.4952878, 41.9417081], [12.4952578, 41.9417267], [12.4951627, 41.9417695], [12.4950902, 41.9417713], [12.4950527, 41.9417658], [12.4949877, 41.9417397], [12.4946526, 41.9417341], [12.4946151, 41.941736], [12.4945476, 41.9417658], [12.4945101, 41.9417769], [12.4944726, 41.9417713], [12.4944426, 41.9417583], [12.494295, 41.9416821], [12.4941725, 41.9416597], [12.4939975, 41.9417211], [12.4938849, 41.9417341], [12.4938474, 41.9417341], [12.4937874, 41.9417025], [12.4937399, 41.9416579], [12.4936274, 41.9416597], [12.4935974, 41.9416746], [12.4935599, 41.9416821], [12.4935224, 41.9416839], [12.4934598, 41.9416597], [12.4933848, 41.9416411], [12.4931973, 41.941617], [12.4931273, 41.9415965], [12.4930898, 41.9415909], [12.4929797, 41.9416039], [12.4928722, 41.9416021], [12.4928322, 41.9416114], [12.4927947, 41.9416132], [12.4927572, 41.9416077], [12.4925354, 41.9416216], [12.4922754, 41.9415825], [12.4916914, 41.9415569], [12.4911547, 41.9414569], [12.4900688, 41.9413551], [12.4886401, 41.9411431], [12.487864, 41.9408619], [12.4869801, 41.9404024], [12.4866313, 41.9400257], [12.4865187, 41.9397976], [12.4864152, 41.9394897], [12.4862522, 41.9391218], [12.48621, 41.9388337], [12.4866343, 41.9373542], [12.4870167, 41.9367045], [12.487256, 41.9362131], [12.4873973, 41.9359006], [12.4874776, 41.9355745], [12.4874971, 41.9352954], [12.4874585, 41.9350682], [12.487398, 41.9347847], [12.487329, 41.9345201], [12.4871951, 41.9342063], [12.4870511, 41.9339066], [12.486883, 41.9335986], [12.4867291, 41.933405], [12.4865822, 41.9332681], [12.4862123, 41.933022], [12.4859115, 41.9328429], [12.4857363, 41.9327534], [12.4855965, 41.9326981], [12.4854764, 41.9326538], [12.4853768, 41.9326289], [12.4852638, 41.9326073], [12.485079, 41.9325759], [12.4848198, 41.9325378], [12.4846677, 41.932522], [12.4845464, 41.9325192], [12.4844058, 41.9325207], [12.4841134, 41.9325283], [12.4839711, 41.9325344], [12.483836, 41.9325457], [12.4837298, 41.9325602], [12.4835335, 41.9325854], [12.4833643, 41.9326132], [12.4832302, 41.932641], [12.4831074, 41.9326696], [12.4829781, 41.9327022], [12.4828907, 41.9327332], [12.4828318, 41.9327589], [12.4827957, 41.9327782], [12.4828214, 41.9328156], [12.4827186, 41.9328616], [12.4824735, 41.9329858], [12.4822621, 41.9330961], [12.4820053, 41.9332906], [12.4812407, 41.9338961], [12.4805321, 41.9344508], [12.4802385, 41.9347197], [12.4801192, 41.934829], [12.4795985, 41.9352599], [12.4793428, 41.9354089], [12.4790994, 41.9355487], [12.478932, 41.9356417], [12.4786531, 41.9358009], [12.4783753, 41.9359521], [12.4781116, 41.9360286], [12.4777322, 41.9361108], [12.4776955, 41.9361187], [12.4773663, 41.9361699], [12.4770632, 41.9362495], [12.4767356, 41.936258], [12.4763404, 41.9362781], [12.4757963, 41.9362729], [12.4757214, 41.9362722], [12.4751332, 41.9362404], [12.4742834, 41.9361893], [12.4734852, 41.9361127], [12.4730513, 41.9360294], [12.4725991, 41.9359799], [12.4722718, 41.9359445], [12.4720335, 41.9359176], [12.4715012, 41.9358576], [12.471449, 41.9358517], [12.4712769, 41.9358198], [12.4710455, 41.9358099], [12.4701662, 41.9356593], [12.4696549, 41.9356441], [12.4695541, 41.9355983], [12.4688107, 41.9355191], [12.4686416, 41.9354762], [12.4677464, 41.9352492], [12.4673966, 41.9351445], [12.4673031, 41.9350656], [12.4672414, 41.9350333], [12.4671083, 41.9350239], [12.4670522, 41.9350088], [12.4670195, 41.9349617], [12.4661504, 41.9347943], [12.466022, 41.9347099], [12.4658929, 41.9346583], [12.4656161, 41.934558], [12.4650206, 41.9342851], [12.4644877, 41.9339754], [12.4631805, 41.9330253], [12.4622529, 41.9322781], [12.4618762, 41.9319076], [12.4615447, 41.9315273], [12.4611595, 41.9309859], [12.4608152, 41.9304432], [12.4605329, 41.9299454], [12.46031, 41.9294364], [12.4601743, 41.929079], [12.4600977, 41.9287196], [12.4599633, 41.9278847], [12.4599465, 41.9271769], [12.4601792, 41.9262024], [12.4603933, 41.9257636], [12.4606572, 41.9253879], [12.4612405, 41.9248134], [12.4622883, 41.9240013], [12.4634671, 41.9233678], [12.4644914, 41.923064]]]]}}, {"type": "Feature", "properties": {}, "geometry": {"type": "MultiPolygon", "coordinates": [[[[12.5079907, 41.8691198], [12.5081151, 41.8691683], [12.5081201, 41.8693063], [12.508097, 41.8694243], [12.5082123, 41.8694974], [12.5083456, 41.8695355], [12.508503, 41.8695168], [12.5086413, 41.8694437], [12.5087576, 41.8693578], [12.5088508, 41.8693243], [12.5089902, 41.8692944], [12.5090894, 41.8691944], [12.5091365, 41.8691167], [12.5092227, 41.8690526], [12.5092999, 41.8689757], [12.5094382, 41.8689301], [12.5095007, 41.8688129], [12.5094895, 41.8686942], [12.5094494, 41.8685525], [12.5097161, 41.8684226], [12.5097557, 41.8683752], [12.5096827, 41.8683763], [12.5095915, 41.8684006], [12.5093465, 41.8683525], [12.5093075, 41.8683675], [12.5093166, 41.868453], [12.5093848, 41.8685556], [12.5094349, 41.8686966], [12.5094384, 41.8687977], [12.5093987, 41.868875], [12.5093361, 41.8689128], [12.5092351, 41.8689341], [12.5091913, 41.8689242], [12.50913, 41.8688698], [12.5091189, 41.8688247], [12.509091, 41.8687983], [12.5090458, 41.8687827], [12.5090346, 41.868764], [12.5090388, 41.8687329], [12.5090249, 41.8687039], [12.5089838, 41.8686775], [12.508965, 41.8686422], [12.5089783, 41.8686096], [12.5090131, 41.8685925], [12.5090681, 41.8685743], [12.5090806, 41.8685411], [12.5090708, 41.8685043], [12.509052, 41.8684846], [12.5090082, 41.8684862], [12.5089177, 41.8685209], [12.5088272, 41.8685961], [12.508814, 41.8686334], [12.5088216, 41.868678], [12.5088084, 41.8687143], [12.5087632, 41.8687532], [12.508713, 41.868778], [12.5086782, 41.8687853], [12.5086443, 41.8687848], [12.5086177, 41.8687993], [12.5085641, 41.8688496], [12.5084965, 41.8688724], [12.5083448, 41.8688988], [12.5082501, 41.8689434], [12.5081457, 41.8689683], [12.5081241, 41.8690077], [12.5081206, 41.8690611], [12.5080775, 41.8690927], [12.5080197, 41.8691057], [12.5079907, 41.8691198]]]]}}, {"type": "Feature", "properties": {}, "geometry": {"type": "MultiPolygon", "coordinates": [[[[12.5253915, 41.8591423], [12.5254712, 41.8591528], [12.5255679, 41.8591919], [12.525618, 41.8592538], [12.5253915, 41.8591423]]], [[[12.525134, 41.8601264], [12.525201, 41.8599028], [12.52532, 41.8594524], [12.5253714, 41.8592241], [12.5253915, 41.8591423], [12.525134, 41.8601264]]], [[[12.525618, 41.8592538], [12.5255763, 41.8593913], [12.5258004, 41.8595285], [12.5257593, 41.8596883], [12.5258058, 41.8598253], [12.5256161, 41.8599562], [12.5252621, 41.8600646], [12.525134, 41.8601264], [12.525618, 41.8592538]]]]}}, {"type": "Feature", "properties": {}, "geometry": {"type": "MultiPolygon", "coordinates": [[[[12.5244297, 41.8591833], [12.5244142, 41.8592201], [12.5243221, 41.8592642], [12.5242874, 41.8592713], [12.5242629, 41.8592624], [12.5242199, 41.859238], [12.5241925, 41.8592073], [12.5241777, 41.8591838], [12.5244297, 41.8591833]]]]}}, {"type": "Feature", "properties": {}, "geometry": {"type": "MultiPolygon", "coordinates": [[[[12.523515, 41.859875], [12.5237375, 41.85938], [12.5236408, 41.8592166], [12.5236222, 41.859139], [12.5235478, 41.8590032], [12.5231609, 41.8590448], [12.5230392, 41.8590467], [12.5229823, 41.8590476], [12.5228596, 41.8590199], [12.5228596, 41.8594271], [12.523515, 41.859875]]], [[[12.5237317, 41.8601799], [12.5237169, 41.8601426], [12.5236804, 41.8600389], [12.5236578, 41.8599629], [12.5236101, 41.8599193], [12.5237317, 41.8601799]]], [[[12.5237317, 41.8601799], [12.5235337, 41.8601782], [12.5234878, 41.8600432], [12.5234753, 41.8598929], [12.5234504, 41.8598419], [12.5234914, 41.8596572], [12.5231159, 41.8593715], [12.5229201, 41.8593775], [12.5228596, 41.8594271], [12.5237317, 41.8601799]]]]}}, {"type": "Feature", "properties": {}, "geometry": {"type": "MultiPolygon", "coordinates": [[[[12.5092673, 41.8680023], [12.5093456, 41.8680618], [12.5094578, 41.8680862], [12.5095489, 41.8681101], [12.5095981, 41.8681508], [12.5097108, 41.8681307], [12.5098923, 41.8680602], [12.5099804, 41.8680167], [12.5100879, 41.8679894], [12.5101701, 41.8679537], [12.5101992, 41.8679217], [12.5102051, 41.8677244], [12.5101976, 41.8676771], [12.5101739, 41.8675281], [12.5101068, 41.8675109], [12.5099915, 41.8675489], [12.5098033, 41.8675757], [12.5092673, 41.8680023]]], [[[12.5098033, 41.8675757], [12.5096562, 41.8675669], [12.5095715, 41.8675488], [12.5094839, 41.8675627], [12.5094256, 41.8676228], [12.5092807, 41.8676288], [12.5092298, 41.8677566], [12.5098033, 41.8675757]]]]}}, {"type": "Feature", "properties": {}, "geometry": {"type": "MultiPolygon", "coordinates": [[[[12.4088622, 41.8137693], [12.4088091, 41.8137503], [12.4087106, 41.8137174], [12.4086034, 41.81367], [12.408559, 41.8136415], [12.4085241, 41.8136253], [12.4084846, 41.8136126], [12.4084438, 41.8136013], [12.408404, 41.8135983], [12.4083596, 41.8135968], [12.4082982, 41.8136031], [12.408243, 41.8136124], [12.4081831, 41.8136338], [12.4081434, 41.8136475], [12.4081129, 41.8136612], [12.4080543, 41.8136895], [12.4080192, 41.8137089], [12.4079958, 41.8137309], [12.4079606, 41.8137731], [12.4079298, 41.8138161], [12.4079151, 41.8138581], [12.4079213, 41.8138775], [12.4079357, 41.8138914], [12.4079622, 41.8139105], [12.4080113, 41.8139279], [12.4080722, 41.8139556], [12.4081028, 41.8139781], [12.4081383, 41.8140144], [12.4081696, 41.8140608], [12.4082042, 41.8140805], [12.408242, 41.8140868], [12.4082836, 41.8140821], [12.4083411, 41.814064], [12.4084605, 41.814041], [12.4085705, 41.8140215], [12.4086015, 41.8140329], [12.408643, 41.8140677], [12.4086963, 41.8141252], [12.4087747, 41.8141496], [12.40888, 41.8141618], [12.4089923, 41.8141861], [12.409053, 41.8142071], [12.4091021, 41.8142314], [12.409185, 41.8142941], [12.4092425, 41.8143627], [12.409272, 41.8144251], [12.4092625, 41.8144654], [12.4092436, 41.8145092], [12.4092189, 41.8145327], [12.4091754, 41.814551], [12.4091259, 41.8145605], [12.4090852, 41.8145692], [12.4090484, 41.8145683], [12.4090242, 41.8145644], [12.4089952, 41.814557], [12.4089344, 41.8145316], [12.4088857, 41.8145021], [12.4088384, 41.8144826], [12.4087642, 41.8144617], [12.4086991, 41.8144579], [12.4086258, 41.8144655], [12.4085364, 41.814465], [12.408485, 41.8144481], [12.40843, 41.8144342], [12.4083401, 41.8144283], [12.4082872, 41.8144413], [12.4082181, 41.8144763], [12.4081762, 41.8144938], [12.4081116, 41.8144925], [12.4080727, 41.8144759], [12.4080444, 41.8144663], [12.4079923, 41.8144394], [12.4079334, 41.8144175], [12.4078962, 41.8144097], [12.407862, 41.8144061], [12.4078445, 41.8144249], [12.4078362, 41.8144527], [12.4078415, 41.8144866], [12.4078696, 41.8145295], [12.4079218, 41.8145744], [12.4079597, 41.8146022], [12.4079922, 41.8146101], [12.4080331, 41.8146218], [12.4080639, 41.8146231], [12.4081872, 41.8146259], [12.4082635, 41.8146296], [12.4083111, 41.8146305], [12.4083577, 41.8146254], [12.4084311, 41.8146174], [12.4084938, 41.8146114], [12.4085775, 41.8146244], [12.408666, 41.8146294], [12.4087463, 41.8146274], [12.4088507, 41.8146333], [12.4089789, 41.8146433], [12.4090276, 41.8146372], [12.4090738, 41.814624], [12.4092283, 41.8145734], [12.4093345, 41.8145378], [12.4094407, 41.8144934], [12.4095456, 41.8144411], [12.4096105, 41.8144103], [12.4096947, 41.8143806], [12.4097531, 41.8143734], [12.409816, 41.8143687], [12.4098949, 41.814372], [12.41001, 41.8143725], [12.4100443, 41.8143657], [12.4100801, 41.8143539], [12.4101468, 41.8143351], [12.4101947, 41.8143275], [12.4102908, 41.8143588], [12.4103436, 41.8143685], [12.4104316, 41.8143586], [12.4104873, 41.8143512], [12.4105225, 41.8143432], [12.4106486, 41.814307], [12.4107141, 41.8142811], [12.4107637, 41.8142557], [12.4108402, 41.8142195], [12.4109404, 41.8141626], [12.4109921, 41.8140305], [12.4110612, 41.8138904], [12.4111685, 41.8138125], [12.4111904, 41.8136891], [12.4110465, 41.8135537], [12.4109776, 41.8135538], [12.4109257, 41.8136037], [12.4108887, 41.8137391], [12.410869, 41.8138386], [12.4108996, 41.8138659], [12.4109104, 41.8138873], [12.4108925, 41.8139537], [12.4108683, 41.8139974], [12.4108255, 41.8140445], [12.4106536, 41.8141481], [12.4105833, 41.8141977], [12.410535, 41.8142348], [12.4104686, 41.8142687], [12.41043, 41.8142786], [12.4103692, 41.8142836], [12.4103119, 41.8142851], [12.4102511, 41.8142758], [12.410218, 41.8142572], [12.4101903, 41.8142266], [12.4101402, 41.8141804], [12.4101164, 41.8141416], [12.4101068, 41.8141205], [12.4101019, 41.8140977], [12.4100939, 41.8140793], [12.4100696, 41.8140645], [12.4100726, 41.814052], [12.4100973, 41.8140289], [12.4101127, 41.8140118], [12.4101504, 41.8139585], [12.4101791, 41.8139181], [12.4101991, 41.813879], [12.4102047, 41.8138501], [12.4102314, 41.8137812], [12.4102925, 41.8137381], [12.4103373, 41.8136951], [12.4104046, 41.8136708], [12.41046, 41.8136518], [12.4104866, 41.8136156], [12.4104971, 41.813576], [12.4104744, 41.8135373], [12.4104564, 41.8135209], [12.4104316, 41.8135025], [12.4103922, 41.8135027], [12.4103181, 41.8135357], [12.4102704, 41.8135792], [12.4102025, 41.8136777], [12.4101027, 41.8137392], [12.4100574, 41.8137579], [12.410023, 41.8137567], [12.4099348, 41.8137253], [12.4099034, 41.8137074], [12.4099041, 41.8136816], [12.409906, 41.813656], [12.40989, 41.8136221], [12.4098506, 41.8135838], [12.4097918, 41.8135789], [12.4097539, 41.8135894], [12.4097152, 41.8136133], [12.4096823, 41.8136828], [12.4096786, 41.8137177], [12.4096935, 41.8137492], [12.4097212, 41.8137837], [12.4097815, 41.8138096], [12.4098465, 41.8138328], [12.4098976, 41.8138595], [12.4099327, 41.8139001], [12.4099495, 41.8139264], [12.409957, 41.8139557], [12.4099595, 41.8139918], [12.4099498, 41.8140295], [12.4099228, 41.8140736], [12.4098922, 41.814096], [12.4098575, 41.8141138], [12.4097434, 41.814098], [12.4097036, 41.8141605], [12.4096517, 41.8142155], [12.409561, 41.8142601], [12.4094754, 41.8142753], [12.40942, 41.8142699], [12.4093187, 41.8142181], [12.409235, 41.8141637], [12.4091562, 41.8141262], [12.409087, 41.8140959], [12.4090082, 41.8140622], [12.4089175, 41.8140069], [12.4088768, 41.8139805], [12.4088466, 41.8139608], [12.4088271, 41.8139371], [12.4088251, 41.813916], [12.4088265, 41.8138967], [12.4088289, 41.8138556], [12.4088598, 41.8138372], [12.4088889, 41.8138194], [12.4088907, 41.8138016], [12.4088622, 41.8137693]]]]}}]}